# z	DM_HG
1.420314	132.706686
1.523871	135.908935
1.868748	46.470048
1.909507	54.377598
1.746868	12.326776
0.457528	8.031101
1.966398	68.434554
1.538732	69.053998
1.523383	12.688850
0.302113	8.229114
1.204642	8.038744
1.423579	13.971795
0.891978	27.406871
0.507817	12.713991
1.283810	24.277398
1.154866	11.064245
0.389903	14.078229
1.264415	10.248800
0.568082	102.245681
1.121944	15.107455
0.878517	23.769850
1.952066	50.247701
0.354411	11.278790
1.324811	45.901366
0.663606	21.092120
0.958338	4.418116
0.725966	29.001595
1.992084	109.323915
0.344624	68.244953
1.297066	9.744859
1.396140	74.603150
1.642187	56.604983
1.422811	10.696768
0.811876	20.038640
1.381277	20.938350
1.959329	40.318961
1.759225	66.872351
1.165728	9.018897
1.201657	1.780666
0.624142	14.488158
1.339520	31.054128
0.894847	58.719093
0.569007	23.137092
1.196861	32.022991
0.393425	23.638455
0.596327	45.435960
0.790204	48.885593
1.984738	21.842937
1.697616	66.205435
1.297664	3.284709
0.814003	8.037051
1.263673	6.223842
1.457070	22.567024
0.165129	2.097170
1.980282	41.828298
1.423997	68.905294
1.980855	20.174453
1.189143	36.792020
1.419129	11.439548
1.177715	6.232527
0.215757	19.140352
1.761457	35.714224
1.158951	67.952143
1.191950	33.830746
1.022597	61.165943
1.134241	4.445020
1.571676	11.854198
1.534223	48.517847
1.697459	11.859767
1.958845	37.744327
1.070928	6.642611
0.989613	11.389149
1.225780	20.081850
0.668586	44.972319
1.620731	55.421737
1.356174	23.573492
0.776437	8.553940
1.783433	20.467759
1.412519	16.157129
0.351584	10.939722
0.749468	79.505926
1.825739	86.772880
1.055330	19.899743
1.974530	26.098021
1.279803	13.921998
0.770262	16.664316
1.375121	32.706011
0.555441	23.974849
1.696134	139.620442
1.425573	34.388436
1.941548	46.137272
1.518465	11.838556
0.407519	10.475232
1.200188	150.303559
1.282122	27.931536
1.866234	50.013620
1.133954	13.853753
1.374555	26.014418
0.729832	30.884957
0.834873	25.145745
1.307816	6.204793
1.528766	61.212246
1.138488	10.691825
1.134259	36.009845
0.854268	38.199237
1.530484	29.050905
0.176360	1.436386
1.254506	66.244948
0.151074	6.908051
1.374487	25.203553
0.338424	13.027205
1.903263	21.757093
1.202475	10.586472
1.509358	38.611739
1.767208	5.347549
0.818975	54.464924
1.295129	133.660857
1.782521	62.336224
1.291738	44.882962
1.073399	26.628581
1.036467	13.905393
1.060059	83.254031
1.407121	45.974613
0.395502	5.427345
1.107996	33.530208
1.325652	7.225220
1.663825	7.475814
1.280163	39.810842
1.881137	29.214910
1.151058	33.759771
1.459748	11.401273
0.272032	13.889492
0.824222	19.338328
1.708321	49.562121
1.363714	18.682142
1.913021	26.357551
1.612927	15.772421
1.159949	48.098352
1.652140	15.231594
1.187222	45.361948
0.975683	16.279941
0.400499	26.820461
1.785907	15.099448
1.113415	65.523428
1.511074	85.253482
0.665908	14.467650
1.729101	16.166536
1.721766	22.066062
1.208758	32.994236
1.491602	43.810617
1.267448	17.751174
1.313284	50.691068
1.822142	34.080826
1.946331	32.700804
1.034336	9.958072
0.978168	9.154322
0.933400	41.324675
1.640046	8.653629
1.567682	11.236223
0.388900	19.384720
0.521229	39.060691
1.452910	9.526655
0.886088	22.013701
0.529151	2.010427
1.105376	9.960966
1.804414	37.117134
1.032489	139.930867
1.526736	22.981565
1.840649	49.912155
0.698064	3.363552
1.398605	46.498827
1.851820	15.396272
0.743736	3.399542
1.981613	81.258162
1.030578	43.463294
0.787503	9.870936
1.742771	69.778678
1.187406	29.681752
1.489411	11.083825
1.219922	58.339784
1.448922	33.713347
0.356973	11.678213
1.007283	35.386683
1.469464	17.840545
1.008225	65.826348
1.647641	15.754127
1.936620	10.541597
0.365046	29.429849
1.769878	62.542546
0.697580	9.258267
1.867123	57.726601
1.914013	22.756960
1.338413	4.787294
1.204061	50.369513
1.621444	12.531970
1.868207	8.585554
0.813795	14.251361
1.057486	11.702255
1.111276	26.006096
1.755150	9.806913
0.632641	21.454169
1.418440	59.092814
1.008477	15.325827
1.816986	5.108797
0.990926	43.879751
1.964149	56.390498
0.260157	6.996789
0.826134	41.048313
1.171486	94.833395
0.854827	41.270464
1.589527	36.753731
1.706930	5.140362
1.529550	62.110032
1.951949	35.651740
1.169555	4.980192
1.967102	231.533614
0.606211	39.307968
1.755341	13.350630
0.369028	25.885437
1.283024	28.280706
1.212238	36.126977
1.771403	19.363348
1.534384	15.055375
1.146954	7.344483
1.832933	15.360653
1.817543	16.103886
0.310180	17.782869
1.794318	77.185498
1.275089	33.497508
1.744535	89.941443
0.721096	27.173419
0.661936	11.602756
1.566637	8.359862
0.886751	13.723167
1.323054	13.258333
1.516530	67.283328
1.399654	84.419821
1.531735	17.080475
1.414444	9.881344
1.052367	16.032257
0.526425	22.754133
1.769920	23.296759
1.755439	30.576515
0.178747	11.903300
1.747480	45.624040
0.661720	43.779457
0.979960	62.819286
1.104895	2.522887
1.502789	48.990698
0.531237	11.011282
1.725531	23.504596
1.907545	6.848774
1.923469	18.426745
0.529795	29.208608
1.870360	14.935483
1.336406	10.013286
1.573751	23.593972
1.888171	37.615804
1.474958	72.383375
1.170611	47.971198
1.272895	24.947609
1.510077	19.256412
1.910663	17.794337
1.823722	10.410086
1.350128	11.294347
0.775843	7.874736
1.001861	45.244129
1.025473	6.102690
0.909552	10.159725
1.603653	79.822401
1.739941	40.326004
0.959198	11.407846
1.755622	55.582416
1.585068	44.328778
1.147044	32.468868
1.531282	13.768998
1.637888	32.608166
1.326308	22.756162
1.150062	16.000291
0.553923	12.803963
0.107597	5.948214
1.898771	35.751481
0.873622	10.883616
1.477925	29.116081
1.908525	17.218667
1.712675	17.286057
0.601754	11.776449
1.687553	78.582689
1.572944	9.676295
0.974457	17.636563
1.517707	24.956723
1.724363	51.359539
0.913235	25.162027
1.791215	18.149958
0.496096	16.103694
1.276383	9.602817
0.815143	34.237527
1.575381	30.020311
0.708784	12.216804
0.993551	50.485573
0.612261	39.717290
1.702882	21.016132
0.622789	11.173147
1.568064	103.077848
1.544133	127.020685
0.644040	10.275758
1.333766	52.690573
1.230793	15.588428
1.376027	7.764015
1.898733	26.252015
0.500694	8.915205
1.716077	14.349604
1.780433	166.145399
0.609844	33.511184
1.467666	74.110971
1.536470	104.374984
1.307934	101.046936
1.239829	22.779468
0.955974	40.165426
1.516928	22.396658
0.903594	10.721894
1.175553	58.855418
1.773064	36.888517
0.524017	32.977057
1.277746	56.746177
1.214636	16.263575
1.051367	20.236991
1.380521	104.242917
0.260122	4.504204
1.224203	24.260428
1.214062	40.668809
1.259490	29.403627
0.778412	13.374047
0.769686	18.084667
1.454396	66.637260
0.532015	12.113469
0.936822	17.260049
1.731959	9.534945
0.558797	21.341137
1.187641	3.763894
1.486354	16.476340
0.642536	19.550246
0.947374	15.449149
1.322928	107.265095
0.971005	3.275492
0.573233	22.648202
0.813725	7.600375
0.572025	15.690320
1.973239	21.464824
0.819369	15.207753
1.280996	9.185924
1.127972	65.764098
1.338909	81.307051
1.232603	21.859884
1.574102	19.463922
1.797432	62.276264
0.903187	15.257386
0.725411	61.854378
1.974511	99.727020
1.786606	16.861614
1.028763	57.264946
1.831542	25.150410
1.489214	57.722520
1.141455	37.627964
1.798069	19.218112
1.496290	95.924413
1.725232	9.333037
1.111616	29.041342
1.682662	9.229779
1.033446	6.340097
1.586036	7.349384
1.138594	49.944274
1.092444	15.021034
1.679477	25.900236
0.607143	23.054594
1.884373	37.600121
1.248410	62.679807
1.437825	25.202893
1.092546	11.380485
1.452418	12.187445
1.548069	61.657639
1.790354	67.311258
1.768419	25.156538
1.019240	34.844426
1.407748	27.856631
1.654981	26.894030
1.631094	29.282579
1.825485	41.084104
1.733699	8.510409
1.560097	41.941665
1.606843	28.163367
1.696025	17.931265
1.742878	22.790061
1.011186	63.704945
1.656860	36.657895
1.917881	15.179211
0.814697	55.234900
0.404410	10.646356
0.478535	60.581712
0.786064	25.970859
1.871010	30.441758
0.610980	16.419209
1.604949	62.074348
1.788120	41.003299
1.804474	47.455593
1.110076	32.158934
1.228376	24.777931
0.964661	28.532272
0.654295	35.154444
0.777929	53.821408
0.628134	8.433442
1.096002	4.404618
0.700067	51.279750
1.089699	55.202076
1.763470	41.824619
1.465295	86.790399
1.477579	69.196848
1.702808	30.208156
0.379403	46.499396
1.676234	112.045461
0.749159	8.254982
1.000599	13.751580
0.940250	45.913442
0.563259	6.489531
0.706562	30.143821
1.929328	12.584194
1.384595	35.768029
1.196505	40.210091
1.620375	23.511012
1.705683	82.375624
0.573983	5.218955
1.594829	39.610033
1.891035	30.632433
1.362557	28.479274
1.405227	24.352314
1.793364	25.287452
1.502567	34.291358
1.992281	32.616382
0.898894	18.087862
1.754622	101.094825
1.402629	50.002111
1.031593	3.247600
1.813141	60.116497
1.993876	39.301928
0.435717	9.561209
1.880105	43.348354
0.761546	37.559505
0.765323	6.963608
0.381478	27.711580
1.874811	46.477162
1.622805	33.629133
0.421742	18.254839
1.434046	5.896414
0.596333	53.054690
1.610700	28.818721
1.098341	31.256597
0.416281	37.024976
1.729787	53.824582
1.343216	20.055192
1.643252	44.835562
1.495167	12.115503
1.136876	30.882469
1.531287	32.729125
0.254527	10.655748
0.990842	28.641990
1.650834	13.631972
1.628361	9.106018
1.819958	56.971137
1.400602	27.998247
1.906664	4.263952
1.321377	9.156995
1.236132	25.007998
0.750757	49.051469
1.652331	24.645259
1.521384	5.493567
1.176662	71.777963
0.517829	35.362634
0.608597	38.312213
0.583588	1.462660
1.046906	35.598883
0.677759	104.900266
1.778464	61.552191
1.838714	23.996956
1.772132	91.780661
1.397347	24.688680
1.378776	49.474925
1.825473	23.867723
1.094146	28.627012
0.449457	16.835865
1.191135	24.778893
1.315431	30.988136
1.309102	63.149629
0.677811	83.676302
1.659301	52.893770
1.581343	17.843496
0.809264	14.653156
1.311743	30.644419
1.669847	21.353080
0.199645	11.743241
0.886414	22.797137
1.193603	24.035557
1.753927	11.685048
1.683047	32.361852
0.661727	2.757592
1.179642	17.348171
0.934743	52.206091
1.086688	54.444960
1.295978	47.599241
1.234469	5.850541
0.642391	18.831595
0.599778	93.416919
0.618489	3.286785
1.748134	210.613320
0.285418	10.143678
0.760259	30.440151
1.928597	53.542966
0.460340	17.557703
0.360768	25.308082
1.065024	6.456415
0.662149	21.845769
1.333339	10.107303
0.989014	52.963752
0.772166	19.321994
1.997718	40.739060
0.992999	15.083890
1.445168	40.802849
1.799149	25.584100
1.875128	28.320332
1.099981	14.384975
1.961253	51.994613
1.570192	38.346081
1.359349	20.982694
1.523214	52.737947
1.022868	15.456729
1.121723	13.941343
1.363795	31.987340
0.970378	10.791335
1.637088	28.589217
0.845927	16.661099
1.679741	64.290786
0.664086	22.195534
0.787263	19.415028
1.613256	29.014788
0.866334	18.365268
1.677584	44.977554
1.659997	4.218299
0.856481	3.923577
0.480442	14.260077
0.692312	23.342339
1.612398	35.903207
1.756967	55.001783
1.058434	33.396068
0.688115	24.415042
0.487033	44.107961
0.784454	5.499101
1.966965	40.097875
0.699926	10.515195
0.515411	22.143199
1.662441	12.499209
1.407092	3.664177
1.287346	25.908832
1.157217	58.994700
1.536047	94.115539
1.530820	6.087389
1.121754	14.710609
0.816899	11.083691
1.748095	62.314354
0.688907	21.509545
1.286134	286.279080
1.522308	98.410458
1.441997	29.796740
1.412121	82.537167
1.477212	27.132650
1.801557	8.731015
1.031059	42.160597
1.424973	19.458207
1.528739	7.829814
1.369821	20.964508
1.844474	10.682053
1.465687	38.529737
1.121759	39.827838
1.754787	18.901953
1.219864	97.558755
1.280415	4.229747
1.357869	34.099242
0.963920	34.955836
1.567143	40.664436
0.545283	113.537374
1.790934	21.527704
1.615442	18.162430
1.012695	42.622040
0.803194	2.449565
1.065900	15.332058
1.692361	7.253363
0.341273	4.393721
1.187428	50.797110
0.851071	16.608293
1.800458	78.604432
1.105647	17.431442
1.530135	140.009034
1.019361	9.308858
0.974938	26.562854
0.968847	5.654333
1.500612	40.326729
1.942021	39.566771
0.770677	38.569771
1.449479	16.038706
0.870186	14.590404
1.308950	7.960338
1.297427	8.345647
1.160526	25.059562
1.233429	53.557872
1.808713	25.444199
0.521645	27.390844
1.731138	83.899869
1.178997	14.156584
0.981120	202.406426
0.713149	23.469579
1.707321	15.602668
1.372369	5.456791
1.575931	11.054000
0.951394	24.863361
1.073687	61.046295
1.861277	21.306384
1.937099	109.433828
1.593223	46.527051
1.607706	32.391116
1.524893	85.230759
1.365192	85.385131
1.376879	49.939346
1.941316	18.717685
1.609953	16.517625
1.466526	43.814381
0.735660	17.341555
1.962738	48.484315
1.265719	31.862278
1.909088	19.146534
1.553636	46.006186
0.375254	6.163617
1.293555	4.454642
1.828234	34.576496
0.416293	83.826277
1.787627	63.695881
1.404089	15.287016
0.391497	14.382142
1.043806	42.561882
0.335230	10.055906
0.116490	15.768285
1.834118	28.462852
1.606424	23.297158
0.910041	34.171304
0.581882	13.698632
0.424914	6.872063
1.866941	81.371199
1.422177	72.793401
0.680897	25.298733
1.505527	58.337853
1.998189	13.098999
1.666336	6.422746
1.155225	15.685712
1.706354	39.855617
1.599967	43.654854
0.521769	3.451514
1.880381	69.547954
1.814776	153.765122
1.370167	20.787401
1.247617	21.369650
0.805563	24.084938
1.737579	25.139047
1.133074	81.357411
1.353454	32.031686
0.699566	33.601883
0.780890	77.944136
1.975909	12.327221
1.226490	29.169243
1.708760	99.779412
1.730285	40.845155
1.969922	28.921292
1.972182	60.943037
1.170936	13.429378
1.919661	42.226441
1.031155	56.248855
1.395540	13.327165
1.717936	19.322904
1.861503	44.975827
1.271000	95.683194
1.111768	19.537750
1.576145	28.979978
1.169389	28.314512
1.491089	29.348714
1.691084	12.715350
1.747885	48.310845
0.851417	8.524739
1.341797	33.202429
0.311647	32.566589
1.681195	17.268132
0.607271	55.645097
1.795357	39.688764
1.094913	22.113200
0.694084	130.276149
1.678227	13.281265
0.756389	10.232345
1.075923	11.323574
1.334991	6.939140
1.022700	35.684095
0.716739	28.177504
1.093819	32.060395
0.647922	83.862120
1.562052	71.111277
0.702310	42.239144
1.209110	87.798465
1.325338	5.227164
1.911252	14.025053
0.494602	125.219326
1.887946	12.567937
0.770825	148.708835
1.747589	82.196078
0.526427	23.650519
1.981596	19.043175
1.696315	73.267073
0.451274	31.575816
0.781406	33.226733
1.307754	25.746526
1.270603	52.751681
1.427699	195.318324
1.180791	16.035487
1.584656	62.216350
1.004621	23.006559
0.711698	16.710199
0.350518	26.121857
0.967082	12.581055
1.125479	50.540920
1.472084	15.575397
1.694512	41.399033
0.827014	48.369799
1.225298	15.340178
0.816039	2.877308
1.921015	12.084592
1.454909	40.602507
1.500205	53.047685
1.281994	14.303060
0.897468	18.268798
0.756652	30.194106
1.468471	51.008521
1.874049	17.191089
0.779225	45.447405
1.342252	28.876750
1.279167	38.635123
1.446131	42.985835
1.366054	24.874388
0.882488	51.186886
1.520462	6.811159
0.882264	27.447543
1.463026	4.798587
0.927115	5.733821
0.505675	21.974759
0.611908	31.564712
1.737021	9.641695
0.599042	35.872460
0.976230	15.230348
0.907038	22.811126
0.435749	7.642823
1.383476	52.399486
1.682769	70.632124
1.987496	83.077704
1.896827	39.448210
0.408113	71.141549
0.856832	29.758820
1.103019	49.206406
1.800557	79.426745
1.022785	56.496466
1.340095	72.450779
1.472866	71.842481
0.923904	28.278711
1.357366	34.939415
0.413333	10.690246
1.205816	45.625611
1.051451	1.700071
1.016018	98.439969
0.818055	46.949409
1.711819	38.614119
1.811361	27.942802
1.821086	13.672451
1.078521	8.103892
0.859626	20.171615
0.545977	2.882210
1.491995	216.684078
0.975682	33.082820
0.888923	27.310418
1.040455	6.139979
1.316937	50.250629
0.683599	17.044090
1.937348	26.922995
1.582318	54.650518
0.399425	10.971542
0.938223	24.392633
0.411291	7.096023
0.808627	24.704605
0.905311	11.236140
1.560283	30.336929
1.561427	15.186696
0.394321	7.347251
1.366555	34.866786
1.936662	7.475673
1.426354	18.020079
1.936077	87.351325
1.054579	17.132737
1.175184	23.553559
1.228712	61.242388
1.877603	82.855624
1.054149	36.563072
1.973016	37.242233
1.299698	40.836922
0.788562	23.622416
0.558618	30.074957
0.704950	50.407525
0.372240	22.775066
1.521763	19.794616
1.260670	60.551659
1.590328	17.495747
1.657547	72.340261
1.889390	41.384801
0.589320	3.159938
0.730108	35.201613
1.307351	40.525734
0.616886	67.763502
0.532000	61.605907
1.482930	57.754275
1.570412	9.559490
1.751402	24.521452
1.864604	19.180588
1.149134	19.832425
1.967271	5.583012
0.366892	40.329555
1.792928	54.909425
0.961829	22.631596
1.874061	87.510086
0.796514	23.304379
1.594962	24.552679
1.123320	5.229952
1.055978	46.737209
0.440574	15.354294
1.542154	50.028488
0.709717	20.710018
1.180019	24.066845
0.641836	28.167136
1.390843	46.153730
0.811377	72.041539
1.375866	25.586297
1.913730	41.561130
1.872798	50.634271
0.756715	6.902500
0.547848	17.594865
0.384787	20.186442
1.728396	47.253614
0.842891	11.231557
0.900944	10.134498
0.802934	4.248285
1.746271	428.540066
1.965697	33.197553
1.616425	8.110446
1.720807	60.685171
1.414657	34.768812
1.278349	34.463854
1.565696	9.495392
0.358549	18.881710
0.446614	14.453276
1.514222	6.839347
0.983459	12.738485
1.218766	13.426601
1.657137	43.598309
1.350263	5.331166
1.692682	66.340751
1.113740	55.847312
0.906679	48.472985
0.817958	5.172315
0.621519	5.485110
0.362641	29.568652
0.420769	73.549189
0.879495	31.716569
0.891818	39.513322
1.056472	6.623634
1.371738	24.467981
1.622656	38.893735
0.751655	40.128404
1.622578	61.963997
0.636995	34.116203
1.981582	34.089109
0.902750	6.304384
1.742022	69.882040
0.738263	25.840743
1.920178	77.887032
1.725502	36.820895
1.021699	4.080985
1.117264	1.698201
0.155135	1.871412
0.846515	7.022336
0.909753	28.710128
1.164585	12.542205
0.637122	30.695566
1.203694	4.127322
1.486112	49.866627
1.040213	75.606934
0.813357	18.595964
1.306522	12.654858
0.330079	10.019449
0.992578	75.281684
1.276585	59.689171
0.984683	50.286406
0.999819	13.758338
1.758985	39.490408
1.893576	9.458523
1.726682	7.296872
0.547079	15.375283
0.910484	7.095474
1.550236	3.972098
1.958401	46.145587
0.830841	23.399302
1.836927	53.782550
1.591975	42.120812
1.973068	5.825040
0.534146	15.541892
1.076431	23.631512
1.202717	2.049115
1.491509	28.057075
1.464484	11.166948
1.849746	43.772879
1.744090	39.988216
0.427919	84.631766
1.215334	31.123387
1.095297	11.169126
1.995341	40.732560
1.126055	2.640607
1.507258	34.962241
0.901755	18.398955
1.405928	8.605468
0.767943	23.823114
1.389549	84.689803
1.789907	68.785354
0.281549	4.856842
1.242301	2.659878
1.971317	15.848465
0.678325	3.410812
0.725044	22.549093
1.191781	10.074269
1.794278	54.092644
1.328876	41.926807
1.248451	14.197595
0.516927	26.795991
1.938392	51.371776
1.002469	21.392615
0.847154	1.597294
1.102448	55.116683
1.106166	48.634468
1.173311	24.336345
1.516115	43.107455
1.789527	10.082359
0.434042	16.779943
1.221659	5.423875
1.105855	42.907035
0.227054	11.724637
1.709907	40.286843
0.560097	26.443164
0.584239	4.159683
0.404627	5.347579
0.756636	6.103663
0.712519	35.653146
1.003648	17.382202
1.472385	20.505658
0.424470	36.462181
1.777583	34.149708
0.969971	51.415465
1.394007	30.034281
0.235550	35.710856
1.031705	36.263933
0.124061	11.725647
0.690546	9.066750
1.157214	11.407782
1.287742	31.137782
0.665644	32.465282
1.601341	13.187040
0.735537	10.511746
0.586721	14.192684
0.980851	19.332271
1.312040	20.443990
1.981920	83.650077
1.113071	66.530240
1.124139	49.914456
0.440310	3.648169
1.632545	30.976113
0.721966	9.424133
1.600717	57.248902
1.856491	68.806751
1.636191	44.274961
1.447322	4.824379
1.390009	70.109091
1.165932	4.347498
0.648538	9.465243
1.652334	45.741854
1.201528	59.306695
1.422309	23.079695
1.044452	12.829716
0.757187	17.508213
1.694592	10.991366
0.995043	9.560483
1.787553	6.946014
1.944412	26.210562
1.730683	7.501148
0.613891	5.677117
1.769401	18.652486
1.264326	37.338053
0.829341	13.415190
0.533080	14.904033
0.891979	19.150084
0.633715	19.749817
0.314580	3.882167
1.980072	105.649674
1.733079	34.380569
1.591875	11.293355
0.742996	256.910073
0.324352	5.753860
1.213334	32.751699
1.596020	26.491406
1.939762	76.835847
1.752150	12.297090
1.829523	52.028455
0.824594	36.212146
0.670467	22.872412
0.840283	5.497873
0.636136	34.340815
1.682307	31.005186
1.844538	43.250688
0.939118	34.871751
1.803544	4.988908
0.426843	62.359518
1.499389	81.134899
1.276441	61.985893
0.889051	28.444518
1.636161	41.153883
0.777706	40.324728
1.109164	23.594758
1.548081	7.519831
0.988458	5.229975
1.769943	5.872879
1.785601	26.151794
0.760488	7.328029
1.145946	17.419167
1.133265	67.603890
1.099855	9.904796
1.238399	51.476811
0.484001	23.652052
1.792807	14.348863
0.910767	25.856746
0.118752	6.209795
1.510975	24.478215
1.459268	2.263344
1.972601	35.964744
1.562190	32.601735
0.979712	42.673104
1.923343	73.537293
1.030986	69.937250
1.717217	54.331286
0.984416	44.141080
0.406022	7.016067
1.584084	48.820049
1.007331	58.635658
0.989499	106.529560
1.557084	24.979543
0.962727	27.631457
0.591597	31.883932
1.091397	18.089462
1.721217	19.724802
0.618351	31.363759
1.316576	25.792691
0.622756	9.036543
0.407629	2.647817
1.051720	13.839708
1.470316	35.428312
0.886136	4.315270
1.154015	31.574478
1.222500	48.420756
1.748137	39.181854
1.713733	4.356141
0.130141	15.265628
1.105765	7.028368
1.467644	68.498752
1.765342	68.226573
0.406664	19.182449
1.426180	25.727510
1.749265	10.526691
0.852710	27.264180
0.765447	35.919484
1.187316	31.764438
1.939347	125.793409
1.522626	3.588806
1.121844	29.287336
0.290446	14.730172
1.319912	8.416074
1.005097	27.346682
0.729377	11.493929
1.235675	15.881000
0.993439	15.167298
0.370114	9.759537
1.571609	18.116700
1.582271	2.852757
1.412176	8.100671
1.747410	19.999599
0.761674	10.694738
0.904671	6.678752
1.173495	27.450626
0.442890	23.734208
1.813902	38.651407
1.221450	40.018601
0.966918	5.912391
1.202489	32.048788
0.967662	22.095293
0.904773	12.053035
1.157467	40.936214
1.208394	21.828602
1.135285	79.769471
1.306841	12.145895
1.659249	48.588729
0.433902	23.589441
1.702275	1.584847
0.806954	6.999132
0.847640	46.598516
1.383398	15.922078
1.960468	27.513609
0.270957	3.733899
1.493079	53.748919
1.528635	45.969865
1.345055	8.372219
0.217486	20.395063
1.393627	64.960011
0.584858	17.205604
0.494089	82.455946
1.527383	29.430169
1.533638	61.086341
1.823884	22.725000
0.148225	7.356805
1.051797	19.081950
0.237496	13.946406
1.029922	11.851842
1.222989	6.035677
1.279769	9.827557
1.016297	30.458961
1.571300	13.018047
1.108319	23.612303
1.261001	34.354119
1.684760	19.102347
0.707702	14.235315
0.960900	12.035432
1.267412	35.840052
1.635276	16.971079
1.123166	11.784533
0.479568	25.093170
1.981805	26.698890
1.545155	21.882915
1.567437	31.728908
1.183193	12.586851
1.305517	75.755929
1.990295	33.415372
1.376935	5.637769
0.790000	30.511337
1.942245	106.219411
1.291722	53.377942
0.289429	17.057022
1.344609	8.131946
0.473137	17.047451
1.276582	16.609519
1.723507	21.112712
1.293363	27.697445
1.043581	5.908418
1.812436	56.528740
1.883390	12.775034
1.003058	37.340052
1.233887	48.000660
1.972212	16.415415
0.714971	38.532609
0.924220	9.449907
1.127821	31.459028
0.551946	38.432420
0.881235	10.563039
1.302021	55.731809
0.806890	19.664037
1.512742	8.033921
1.003342	23.659610
0.524661	4.088410
1.630593	38.730541
1.335794	27.277591
1.722795	27.876283
1.022890	27.533357
0.282341	25.917495
0.399088	7.688249
1.677669	54.560461
1.100765	49.704525
1.961624	77.538907
1.731176	28.788845
0.263217	1.957578
1.792698	39.081958
0.779176	26.345589
1.214922	36.511397
1.244591	20.153968
0.441501	18.426552
0.608517	67.794737
1.119659	39.631524
1.447572	28.621472
0.868478	31.600148
1.274815	46.250850
1.052378	6.441035
1.429327	10.941051
1.121771	35.089527
1.764158	72.028446
1.973545	25.001490
1.860341	9.538045
0.696686	58.757493
1.171271	24.280753
1.173739	20.128078
1.746863	16.652248
1.018262	32.922452
1.309325	21.321951
1.397977	29.445456
0.576877	34.746412
1.321747	48.135146
0.838673	12.582362
0.767914	53.921724
0.844612	19.037917
0.548250	37.567205
0.471024	15.315692
1.453895	50.289213
1.904719	52.786504
1.515309	27.973575
0.946397	57.568865
0.983422	20.644129
1.297115	47.630372
1.786964	17.938678
0.760368	6.184788
1.188310	1.266610
1.233881	36.259244
1.889168	55.796910
1.289327	44.796861
1.655410	61.851960
0.519599	1.577818
0.970521	37.120434
1.401164	4.973195
1.499810	63.347448
1.816513	18.079062
1.369965	92.596498
0.910217	21.193504
1.293704	58.426997
1.550590	25.471824
1.660721	29.443523
1.910480	55.033972
0.738797	14.886840
1.474883	23.679256
0.756430	29.502189
0.956061	78.628835
0.644861	5.527864
1.643443	23.262325
1.861840	33.532008
0.334171	9.213458
1.705328	41.702248
0.829934	33.504957
1.215976	25.563849
1.605881	50.843690
1.245685	34.855203
0.811707	17.203871
1.849463	37.719489
1.374657	52.247544
1.889219	32.260030
1.756420	32.513217
1.803015	93.498224
1.025325	83.127178
1.979342	54.040137
1.765340	54.864270
0.987475	4.004700
1.834102	4.065423
1.616586	10.949398
1.571053	20.690250
0.184834	5.703087
0.299374	34.248386
1.525481	121.258720
0.892267	9.955033
0.437794	21.571496
0.904259	45.905704
1.742910	40.929021
1.191463	47.871939
1.407341	68.745595
1.685400	71.246253
0.964862	14.530649
0.229106	13.863246
0.964776	88.939117
1.929860	13.698691
1.208964	46.325380
1.339346	20.248602
1.624369	8.403300
0.584659	5.744275
1.584312	33.921964
0.923571	22.295221
1.066306	42.925132
0.876976	41.925003
0.666888	6.432060
1.024933	48.622265
0.536751	2.869785
1.753534	7.176161
0.936862	27.835504
1.463956	24.866647
0.921847	37.674250
0.775292	52.556359
1.553786	49.410603
1.419867	12.778561
0.788534	25.046780
1.402164	25.497671
0.170693	16.559140
0.712707	20.219043
1.574994	39.165411
1.100016	34.617710
0.762489	16.842078
1.244286	75.925030
1.183362	39.039034
1.434643	1.671508
0.478931	24.735044
1.714302	21.159826
0.437046	20.495766
1.166267	4.174842
1.549002	74.743438
0.998842	13.393287
1.855704	2.208130
1.616493	24.079748
1.124218	18.675689
0.725825	15.934656
0.387602	5.849013
1.687173	53.728914
0.745330	15.894261
0.877284	29.743952
0.223099	11.086389
0.275800	4.083398
0.810253	41.587316
1.797205	76.740952
1.655355	42.376313
1.638700	45.505133
1.726131	49.129857
0.731066	22.911705
1.965961	42.074874
0.813352	46.483979
0.659570	64.243228
0.918502	28.318962
1.280847	12.746567
0.605816	46.630776
1.591380	29.041805
1.040592	5.956531
1.337279	16.932370
1.584764	53.759275
1.842727	114.143549
1.714298	24.527407
1.291284	41.583559
1.985614	48.847490
1.279784	17.373342
1.289058	19.920589
0.676785	26.884239
0.657107	33.862344
0.696875	81.516919
1.372041	50.747829
1.107675	24.344840
1.062798	15.425280
0.612635	12.128499
1.055399	10.732176
1.050607	8.561533
1.415124	148.379135
1.066688	38.029059
1.113142	7.236705
0.882069	36.131219
0.621140	6.845770
0.927241	43.173369
0.385166	176.694887
0.762636	26.685171
0.967379	30.051817
0.650811	12.127526
1.480889	58.857323
0.895710	5.929476
1.407264	34.364734
1.449455	9.484634
1.156366	30.686271
1.159109	75.224404
1.356657	7.676276
0.865182	58.810344
0.292481	7.169236
1.451152	12.945036
1.396857	32.367178
1.200118	87.138587
1.801730	32.353665
1.248326	4.842330
0.932894	48.082825
1.553598	14.722418
1.939064	48.572728
1.588751	21.818713
1.853697	5.771371
0.579610	28.989035
0.598224	8.169079
0.669021	25.001920
1.537567	40.904020
1.068685	7.416440
1.202111	105.350356
0.864279	77.804248
1.587584	70.392326
1.754417	53.965083
0.680213	24.290713
0.742478	11.289379
0.990310	28.938961
0.894720	21.906579
1.282459	38.092907
1.612477	21.566330
1.674344	25.073805
0.771228	5.809719
0.710156	29.498492
1.028414	31.642642
0.655071	8.043077
0.529693	17.900465
0.831357	12.256720
1.075199	36.322837
1.366130	39.220788
1.568256	28.081578
0.796880	12.470963
1.713248	92.423004
0.350071	15.797373
1.151471	50.874524
1.433364	39.598310
0.912977	26.724571
1.508863	17.385862
1.788135	22.816111
0.523577	12.275440
1.254195	24.132707
0.278914	9.172843
0.893741	7.091701
0.632690	64.847671
1.420270	5.101934
0.841825	65.483962
0.898406	28.833259
0.766125	47.989418
0.833458	12.653070
0.800936	44.666419
1.530095	10.632422
1.928466	31.083960
1.220856	3.268023
1.384766	54.715872
1.712391	67.765227
1.199705	33.724003
0.930510	20.756540
1.920710	51.320110
1.849448	42.311002
0.792540	13.918433
1.537900	63.242012
1.454302	72.566155
1.458017	94.475443
1.731631	27.385003
1.494531	51.328706
1.262308	41.433723
1.755529	41.529200
0.869190	44.598233
1.502183	93.158149
1.535566	6.459906
1.793228	53.725786
1.997238	35.172133
1.321138	19.861342
1.212151	31.691481
1.385205	29.720536
1.471501	19.533394
1.552775	12.984072
0.896462	15.637424
1.216070	23.878515
1.039652	68.144654
0.370300	5.267925
1.398340	12.675914
1.800244	12.710013
1.873677	4.260008
1.261444	42.037431
1.632644	87.488129
1.551916	49.382372
0.807591	10.509580
0.451153	12.483019
1.605332	25.749880
0.898895	34.497551
1.308999	25.949038
1.271336	72.754821
1.712034	18.764995
1.450587	9.743746
1.757204	60.315997
1.611958	19.194570
1.999725	162.047484
1.783184	23.631958
0.775962	2.326855
1.937431	10.906918
0.991468	13.271638
1.395839	23.661422
1.905313	10.712274
0.781503	20.617962
1.772955	85.327497
1.924201	30.967533
1.767444	5.767718
1.714028	68.072512
0.868810	66.346999
1.095356	29.016577
1.624224	39.665781
0.591939	10.468498
1.821469	25.475544
0.774487	73.449388
1.331917	63.756370
0.561857	5.240318
0.728392	3.778337
1.362653	41.646321
1.435694	45.119014
0.877413	5.506342
0.594022	44.513568
1.309256	45.337982
1.747128	130.907095
0.758508	24.902480
1.520647	40.227076
1.062792	67.144282
1.908088	37.534882
0.506070	26.082994
0.374831	3.479516
0.605548	55.292689
1.657826	82.272111
1.875735	28.644565
1.719112	37.761128
1.560061	31.956791
0.434892	33.441072
0.780870	15.925040
1.895786	32.608700
1.418066	84.663511
1.188029	20.894404
1.462010	82.779797
0.715911	25.254850
1.828528	73.930969
1.467961	25.954503
1.192413	27.807450
1.171569	21.161499
1.718960	6.814061
0.939969	36.202385
0.633093	58.930912
0.729294	15.917412
0.502282	7.648431
1.247190	4.691832
1.499242	2.573262
1.893565	40.354525
1.609807	30.885944
1.359104	38.216383
1.783307	8.823088
1.827497	8.095100
1.551875	9.529880
0.430810	10.713392
0.913792	23.720762
0.985226	32.486353
1.995727	308.214812
1.181777	36.650169
1.626576	37.303482
1.705772	25.717797
1.463423	69.866414
0.276086	14.430383
0.282174	14.210163
1.713424	62.318566
1.592314	39.294896
1.289273	18.106162
0.842136	51.748809
0.516816	55.609189
0.688213	6.801066
1.354965	15.850886
1.303713	23.939666
1.905179	31.717054
1.930821	18.834522
1.348553	20.092293
1.748357	39.958406
1.703396	56.902370
1.612170	8.909227
1.141330	36.062321
1.068222	70.283321
0.868003	27.887709
1.898522	93.836556
1.737529	51.960695
0.713091	13.231005
0.848271	31.139455
1.356456	18.081393
1.105278	22.255221
0.781024	8.835058
1.671111	34.524509
0.112460	21.917747
0.996425	29.404258
1.886187	42.341324
1.624882	26.682199
1.086460	67.550294
1.885199	39.101295
1.841009	43.800710
0.418927	31.021875
0.613465	6.615736
1.064871	14.734065
1.886263	6.924853
1.752647	55.359078
0.402791	3.827964
1.253853	46.824700
1.563703	55.534487
0.887689	39.823665
1.567120	24.649021
1.037796	31.616976
0.884588	19.368497
1.073080	15.495094
1.920431	51.359744
1.848088	28.993129
1.861763	9.349741
1.867189	10.700354
0.715301	17.143862
1.833546	57.697419
0.778118	15.928189
1.743259	31.063811
1.297873	43.759700
0.826840	3.481361
1.082223	48.401596
1.135335	2.899000
1.583158	59.625252
1.393137	46.333124
1.710356	16.991659
1.079592	19.572610
1.598884	30.628316
1.673628	26.382151
0.451851	24.079464
1.046966	37.955514
1.817732	14.643041
1.540750	17.383311
1.112661	19.444543
0.724218	43.912444
0.541592	196.150603
0.808385	104.332188
0.834987	87.602749
1.039250	4.577013
0.712720	2.890582
0.651635	31.504722
1.752340	70.795824
0.843285	19.236983
1.327161	30.379631
0.754582	22.184646
1.223132	92.831832
0.888999	13.557903
0.517037	16.242590
1.971001	24.380792
1.172217	37.502820
1.073822	39.792230
0.754256	25.024777
1.228532	7.719100
1.436552	35.858680
0.934765	25.237254
1.206168	36.814050
0.821854	19.420147
1.276768	14.176307
1.665096	62.022915
0.443007	2.432469
1.262063	53.763144
1.083515	12.347229
0.483104	32.604163
1.903969	83.844736
0.860777	49.487865
1.331627	32.818771
1.042289	107.167503
0.879718	23.399181
1.275975	38.339955
1.516849	24.199296
1.662535	7.995279
1.434626	24.366908
1.274658	27.677311
1.649934	19.987570
1.261492	22.180211
1.958133	34.975851
1.275321	166.151277
0.955059	20.646025
1.154968	24.442007
1.220495	22.109765
0.900201	24.995609
0.677292	16.544362
1.132312	9.324786
1.835074	10.734485
0.853482	27.335638
1.025490	276.357999
1.620267	39.255826
0.505282	13.160150
1.723105	20.166159
1.563741	14.922931
1.309566	49.673004
0.773085	39.284421
0.531893	42.681837
0.812526	3.105617
1.625985	34.308806
1.892784	38.461564
1.590274	25.112437
1.276625	49.514127
1.920242	51.056348
1.728492	54.677173
1.467265	23.918857
0.366961	18.377387
0.907188	221.819339
0.940520	29.654910
1.002672	50.850856
1.068190	13.020001
1.902150	116.362931
1.596289	47.856191
1.521201	33.927117
1.124926	12.621045
0.987384	7.068290
0.595095	12.610320
1.165725	11.868817
0.765603	18.231883
1.070690	30.557717
0.672601	28.918690
0.997558	22.693302
0.385942	17.986858
0.182617	18.907480
1.792587	40.891596
1.445551	100.087961
1.365870	36.016010
1.256034	21.411416
1.573451	16.838473
1.587675	36.817547
1.895582	31.017327
0.834503	27.445021
1.662023	9.852342
1.985589	13.873991
0.330159	8.314281
1.044406	35.955018
1.139359	26.182043
1.718121	24.328979
0.247811	8.509378
1.382139	36.803437
1.828072	28.302980
0.654873	23.881956
0.586108	44.062504
1.999651	48.045713
1.724473	11.098360
1.529416	44.573030
1.082930	9.511185
1.767774	33.914706
1.875740	107.767070
1.582008	19.477671
1.081571	56.209012
1.359737	21.781863
0.546231	15.972929
0.675854	34.766351
1.658728	2.697591
0.331465	5.512799
0.407674	16.291964
1.247429	10.127635
0.700423	26.144367
0.916966	4.846922
1.082700	23.466966
1.268642	50.375320
0.900281	22.513964
1.210853	8.713202
1.039285	16.045649
0.502004	11.908233
1.788250	28.619182
0.896702	37.065797
1.398117	24.720974
1.339335	6.517289
0.754338	49.689571
0.334300	2.471173
1.772384	7.761730
1.232004	28.310005
1.106601	5.206990
1.628131	49.273426
0.347955	29.088022
1.631628	54.527539
1.098129	37.164932
1.312330	6.080395
1.612265	20.430920
1.305176	102.378333
0.447736	21.222705
1.576270	32.203024
1.663765	15.765364
1.178365	18.954096
1.143934	9.353774
0.847356	22.463188
1.449868	22.640665
1.811464	11.327303
1.467461	11.029174
1.640906	29.336496
1.742209	32.022832
0.802756	32.189530
1.087715	63.687542
1.139244	129.144934
1.323143	21.568180
0.407627	21.328777
1.366970	4.957264
0.521434	45.278179
1.694686	38.911107
1.940059	88.668755
0.910511	59.115217
1.245328	26.900768
1.720206	24.896724
0.950897	23.788896
0.675370	32.538163
1.592046	48.062472
1.530830	90.296376
1.339550	13.432009
1.910244	24.532206
1.927362	31.061100
1.779564	98.039516
0.915849	15.755994
0.801387	29.695056
1.739560	21.065849
1.460592	108.504386
1.078550	38.398659
1.099414	27.048787
1.766795	27.493020
0.686205	10.304344
1.909504	16.781782
1.433570	256.074200
1.671418	6.599373
1.039568	41.271764
1.364726	32.472661
1.608560	43.741435
1.137988	8.240552
1.217423	62.125783
1.357573	10.495102
0.452634	4.234301
1.782112	56.636767
1.787550	58.572900
0.896788	22.787772
1.808074	22.804604
1.601309	78.482943
1.210321	32.587932
1.003488	33.151970
1.083539	31.323711
1.286748	32.797807
1.103633	98.525593
1.115388	27.101881
0.761569	30.099730
1.545007	6.720037
1.398442	47.709337
1.986799	41.416555
0.641703	13.158916
0.581945	8.783441
1.259221	49.316309
0.663749	11.920146
1.399972	65.351285
0.748728	10.981545
1.210032	31.311914
1.400998	33.258202
1.172570	20.755791
0.959445	7.361319
1.657629	18.100922
1.768853	16.324058
0.891217	32.355357
1.705152	67.340683
1.071649	3.565275
1.216955	32.951999
0.812579	24.811863
1.422425	33.236230
0.552038	22.741324
1.371768	50.319763
1.983248	23.737580
1.613820	27.988417
1.831939	8.772252
1.181827	16.770828
0.643494	4.680307
0.908384	33.256697
0.407111	6.352767
1.238158	9.250614
1.458068	43.623272
1.121841	9.435210
1.329538	51.266421
0.960592	16.441200
0.514615	10.602360
1.133245	59.699338
1.306643	5.716005
1.971746	23.216665
1.002716	21.816830
1.500007	24.486578
1.719340	47.051361
0.983967	12.233928
1.887112	15.530202
0.989410	41.111609
1.950990	5.145950
0.126294	16.493823
1.434996	193.098118
1.669233	19.081785
0.894545	13.395944
0.589437	21.451261
0.308402	21.152668
0.484113	23.816913
1.299561	21.179535
1.744854	9.114552
0.451811	4.761169
0.580674	77.737714
0.171938	23.560411
0.898207	33.821506
1.873318	39.226812
0.888296	13.747709
1.146588	71.672108
0.716603	22.854482
0.587713	5.531079
0.723122	9.252566
0.774804	16.305143
0.618532	48.382504
1.671717	13.385651
1.201414	78.826701
1.294706	43.306150
1.045436	15.970619
0.775362	32.010308
0.534929	27.772760
0.488279	40.030494
0.728302	6.813282
1.761899	23.027758
0.785756	20.076859
1.014555	18.200875
1.343718	60.389648
1.252485	33.423613
1.482159	35.775524
0.745405	9.642377
1.271313	60.492287
1.635474	33.949124
1.065298	64.284445
1.954364	19.247021
1.351438	11.034449
1.495608	7.078718
1.174145	82.743377
1.773813	10.154569
1.162698	25.210985
1.906798	89.288007
0.939358	8.277017
1.786212	55.309414
1.442706	16.382860
1.683180	27.214934
0.366173	26.539192
0.889941	58.667906
1.757098	81.755728
0.956800	41.175771
1.552280	49.599047
1.987267	47.307471
0.713192	5.564054
1.111291	6.086381
0.689897	41.262096
0.668379	3.545242
1.433314	38.819812
0.739957	15.212110
1.209516	33.372010
1.964142	21.227783
0.980383	17.350013
1.798394	65.146377
1.078917	15.085221
0.865869	34.546017
0.985330	25.876894
0.612913	14.392472
1.501824	17.242883
1.248916	21.379600
1.404742	119.451200
0.932242	7.299837
1.463729	6.180273
0.688861	11.763349
1.462250	64.974186
0.502288	16.039067
1.084910	51.559280
1.398682	14.184715
1.769877	71.799911
1.703650	30.297766
1.275632	18.117904
1.813628	29.633329
1.244266	42.873604
1.261061	30.529493
1.564155	36.616984
1.804883	2.216585
1.388226	43.181235
1.909853	35.277111
0.814039	37.825109
1.878178	18.112956
0.794831	4.064711
1.274836	13.944119
1.678558	56.361339
1.687051	42.660332
0.891398	10.380302
1.977036	17.258873
0.500870	25.389404
0.354611	18.113703
1.748507	42.996174
1.713794	26.205874
1.552524	1.612493
1.762826	24.004603
0.633993	10.266748
0.539331	37.909147
1.950342	15.270751
1.420215	45.721306
1.871099	34.859812
1.849900	25.894038
1.463244	39.954395
1.426517	54.832643
1.022568	29.371507
0.657901	25.202944
1.513221	20.174642
1.712013	30.992902
1.301925	18.982653
0.413279	10.468961
0.649311	9.403082
0.554510	6.014315
1.470239	24.332213
1.331891	66.417353
1.185290	25.438973
1.300118	38.342186
0.887743	44.591578
1.691863	45.312349
0.973102	26.392210
1.450074	35.193432
1.070481	36.986268
0.477893	39.182131
0.855889	81.111011
1.943403	2.858246
0.738396	15.432405
0.561549	2.123198
0.912793	55.807186
1.805107	17.767407
0.936992	2.603996
1.111038	192.023119
0.943531	30.840902
1.982037	32.832882
1.999796	277.841092
1.209694	70.962693
1.661454	63.801321
0.792008	44.764840
1.044886	9.280987
1.502354	26.772794
0.904880	2.825010
0.800211	27.642673
1.874891	34.918519
0.834310	39.607891
0.440139	24.172751
1.610220	9.638811
0.832539	33.244584
1.160734	25.395848
0.576960	3.718537
0.467555	37.085578
1.176188	34.673488
0.986654	22.600222
1.244299	43.186653
1.944506	17.727607
1.095797	10.973881
1.388138	222.289384
0.543993	45.654220
1.817619	12.794907
1.693600	40.187718
1.268868	22.005865
0.724978	19.174321
1.124069	19.013355
0.922968	26.698281
1.991058	75.667565
1.221763	18.328992
1.118422	12.693421
0.697569	26.689636
0.825365	17.953370
1.550677	18.848964
1.287477	25.389248
1.019578	26.165746
0.922365	15.000088
0.757219	28.963330
0.351005	1.810670
1.962861	32.858241
1.613281	31.296201
1.883836	15.381605
1.103679	45.510255
1.791766	20.282292
0.854701	16.195256
1.250131	53.798218
0.760395	22.072399
1.639405	24.187441
1.231873	35.101288
1.289506	37.858238
1.776306	7.247938
1.592280	34.544948
1.945284	97.988143
1.092660	1.815805
1.177706	10.963021
1.406983	34.539742
1.165449	17.558465
1.114440	10.495819
0.992159	93.044968
1.733607	18.750138
1.285364	13.404097
1.395190	23.946736
0.763301	7.318005
0.847102	27.099076
0.990930	14.913118
1.183590	19.585489
0.389356	17.478946
1.821498	49.895623
1.845593	35.609766
1.475980	11.021527
0.953143	44.992882
1.061925	12.472277
1.584485	138.204863
0.904818	17.037151
1.397441	8.989971
1.849629	4.832718
1.100470	27.414358
1.364953	11.673188
1.884979	29.440548
0.992174	32.405723
1.623172	26.567638
1.616327	4.204709
1.884828	36.322627
1.774961	22.117575
1.606802	27.962773
1.438482	102.806163
0.828956	14.963895
1.489367	14.717200
0.888554	21.727609
1.145386	87.130437
1.547839	36.464448
1.495709	6.637502
1.086328	95.580183
0.723654	17.269838
1.211745	15.406753
0.877783	6.096509
0.853318	10.502515
0.970314	9.823290
1.542644	80.873244
1.231400	57.225191
1.043143	20.852081
1.840680	42.860943
1.543458	10.332137
1.227466	7.707776
1.116985	16.793207
1.713606	132.599317
0.705050	16.126056
1.479671	4.483955
0.291261	10.956081
0.192528	4.061814
1.890060	59.161581
1.256324	35.918910
0.951641	38.475379
1.676517	38.351420
1.975304	109.210233
0.353114	24.290028
0.367177	58.054090
1.769046	39.266481
1.319895	63.841031
1.812643	27.748217
1.525257	36.837725
1.191424	23.779872
0.682454	48.940778
1.068922	36.193589
1.664990	56.268639
0.816359	33.019089
1.551847	24.865791
0.839534	4.668745
1.180833	26.864952
0.513515	18.149517
1.167989	7.257474
1.403065	26.458956
1.329706	12.273421
1.094388	42.940251
1.037749	5.041138
0.886819	23.762147
1.634495	16.513698
1.658120	25.964215
1.210076	17.771016
1.057672	33.757797
1.439833	51.902308
1.321407	37.644562
1.484301	11.668882
0.936974	33.579870
1.666828	25.332602
0.954250	6.124681
1.113083	29.734120
0.623105	7.221442
1.769958	20.395521
1.450033	11.905176
0.818740	14.918822
1.764290	19.866688
1.540475	15.041036
1.148652	19.823040
1.983450	33.516962
0.986846	40.284382
0.548727	9.325928
1.583592	18.762833
1.619246	50.654108
0.439175	4.468773
1.714409	58.161221
1.647925	10.048281
1.886579	21.947524
0.592797	23.105982
1.385393	51.327502
0.790876	33.227964
1.083636	48.655183
0.869609	11.369265
1.159397	64.351482
0.579980	4.552183
0.932928	32.605176
0.474388	16.284370
1.223249	19.509323
0.921827	39.617802
1.369794	25.103791
1.170169	181.082138
0.833545	4.957417
0.556843	53.880171
1.613593	51.494166
1.433447	6.473509
0.347002	1.999282
1.982674	11.232595
1.447377	55.423458
0.768934	15.401977
1.746910	10.521087
1.811639	37.090443
1.345105	9.138522
1.817077	30.363908
0.330826	10.827534
1.911412	54.677241
0.433700	10.123323
1.447228	47.840958
1.000548	68.783600
0.372352	10.752514
1.886090	8.975627
0.629347	8.064687
1.767434	43.263885
0.975963	15.026199
1.595219	29.577072
0.851259	8.408256
1.359584	41.373623
1.683944	46.553034
1.333957	34.632197
0.937842	18.636384
0.815520	18.291164
0.708668	10.467864
1.744306	85.205650
1.400450	24.478377
1.248405	44.726801
0.843357	9.191082
1.135903	14.466093
1.414007	12.595694
0.477095	3.979380
1.023769	24.927893
0.826048	72.033985
1.453372	10.391847
1.393504	1.320518
0.926273	65.866295
0.381017	24.396658
0.723913	9.699096
0.679912	32.250543
1.337246	7.839211
0.698022	20.425343
1.209038	23.641640
1.405780	51.090735
1.807672	36.711672
0.835562	62.266160
0.729751	17.481699
0.705684	32.774435
1.023323	6.660090
1.457344	36.042903
1.491180	56.196708
0.775756	8.590145
0.620560	18.936976
1.158462	29.955711
0.641593	8.147309
1.704426	6.345271
0.509492	23.372047
1.611742	49.611872
0.384739	4.914282
1.695321	46.248690
1.424549	23.345186
0.963263	45.388636
1.092939	21.936102
1.493801	67.344044
0.729216	24.901607
1.824526	12.978504
1.209866	6.641986
1.623929	69.923141
1.245449	44.436692
1.163892	45.758593
1.189968	6.186899
1.027527	10.819193
1.582530	63.259646
1.755663	14.603929
1.768447	35.024168
0.598578	39.513409
1.625792	42.475748
0.755782	43.036957
0.236816	20.400832
0.886919	215.104871
0.915601	14.274875
1.699621	48.966887
1.597080	35.972169
0.511580	2.344602
0.968988	49.348365
0.846290	18.405652
1.377439	15.493855
1.297298	8.644522
1.501716	33.025147
1.856670	42.707644
1.116659	3.052108
1.467395	5.750789
1.868731	67.794813
1.297548	32.554747
0.940634	49.381229
1.088933	34.742519
1.615557	16.182594
1.563339	69.686483
1.606178	74.024359
1.598441	8.826138
1.872069	52.149271
1.629792	7.159444
1.770063	62.518197
1.345144	8.377975
1.449881	7.334947
1.947627	41.245513
1.793198	11.225553
1.650084	102.894528
1.511590	27.681899
1.020339	20.450164
1.307130	5.928620
0.427140	17.500003
1.109190	6.197617
0.577739	5.002251
1.576328	19.552294
1.827662	14.064044
0.707280	19.976059
0.836688	57.381936
1.772461	28.945531
1.363146	44.651600
1.366824	2.266445
1.329050	34.971588
0.788811	11.224109
0.832599	44.502113
1.918576	64.688394
1.568544	84.201054
0.526274	8.097411
0.797104	2.558538
1.424495	22.873277
0.900166	23.949379
0.847029	7.372462
0.760155	74.704205
0.729401	29.410796
1.403999	18.999615
1.848963	21.414918
1.024419	12.859973
0.599381	12.191998
0.605528	51.855283
1.893094	115.780305
1.278290	21.996139
1.184967	41.516601
1.825186	15.899379
1.246071	90.801021
1.206438	55.268544
1.881900	13.978000
1.197236	59.577265
1.070614	31.952602
1.356952	27.882659
1.962993	8.383486
1.941358	74.898166
1.647408	30.761077
1.234380	23.383021
1.810639	67.003521
1.114087	21.023406
1.443882	11.142253
0.717496	43.649570
1.475394	60.159999
0.887993	82.294328
1.641557	49.592278
1.105950	14.109432
1.082054	28.836554
1.603399	57.943142
1.123110	43.543283
1.554333	12.303680
1.769486	31.304872
0.632560	35.706013
1.204077	59.590553
1.911003	47.946293
1.703292	26.595816
1.957140	25.204116
1.777634	34.544577
0.943762	43.892731
0.716974	23.096164
0.775000	28.476139
0.786375	11.114233
0.487762	27.931025
1.850456	14.201396
1.239259	51.264140
0.552863	50.767140
1.627723	61.447368
0.968477	11.505034
0.474723	44.888405
0.736942	15.686415
1.469819	10.600040
1.675463	58.049101
0.850334	10.686082
1.350115	28.017083
0.091896	11.809023
0.891776	15.537520
0.721683	18.868707
0.489970	22.024543
1.211375	47.365953
1.430297	31.778914
0.398003	76.690178
0.634691	5.702344
1.890867	26.192599
0.797413	17.469524
1.623699	25.229174
1.605149	39.245980
0.961999	1.599615
0.763377	33.806781
0.833712	6.114051
1.333540	25.407010
1.055506	15.133086
1.228830	51.803537
1.702419	15.472592
1.238883	17.756767
1.992218	104.316876
1.482178	54.418440
0.769055	48.171272
1.234735	5.258561
1.705189	3.037330
0.788884	15.767832
1.577507	11.640493
0.349156	50.578261
1.907363	9.822100
1.478489	19.457003
0.684871	91.324503
1.799432	21.195518
0.504090	7.559098
1.093567	23.625954
1.588857	53.827089
1.899018	6.075963
1.005132	27.292823
1.731489	57.929293
0.749902	31.221116
0.355934	48.578335
0.328992	4.084818
1.470745	25.808154
0.668220	21.223234
0.411464	89.791978
1.962209	10.598104
0.830377	35.626497
1.179360	20.373314
1.403628	38.398959
0.648359	25.233561
1.018230	36.061114
1.455147	3.316596
1.443314	29.307081
1.749323	15.489383
1.141458	35.916405
1.823752	15.965299
1.506620	58.044812
1.327904	75.757106
0.589631	33.044739
1.346618	15.226921
1.376276	31.456476
1.621905	3.394388
1.562027	16.330396
1.280143	25.258186
1.373538	11.141909
1.642453	26.628081
1.009260	16.619591
0.628528	19.063313
1.799440	16.318369
1.943274	32.279974
1.129160	82.984868
1.984210	26.672634
0.963777	14.848597
0.461951	8.168510
1.343285	33.414250
1.789923	37.593040
1.410169	22.517463
0.215280	7.021626
0.234279	7.110690
1.569870	32.673221
1.754409	11.751666
0.849246	21.619595
1.190742	55.764599
1.936952	72.698427
1.176382	42.027865
0.630312	29.478296
1.858129	83.813469
1.228235	8.397986
0.998048	65.682842
0.543597	14.041014
1.172912	8.078142
1.638396	17.494739
1.559087	34.492596
1.230357	40.680755
1.562623	32.623617
1.008193	23.573521
1.586321	91.783531
0.514295	20.060487
0.754461	29.113719
1.804790	34.623257
0.916887	5.515935
0.766689	3.049439
0.522655	15.335959
1.073680	12.775720
0.463135	7.778175
1.230944	37.281203
1.870081	2.050227
1.664974	42.760895
0.377472	54.482649
0.926830	6.571904
0.732997	24.317634
0.463013	11.234343
0.570229	20.371337
1.852586	28.479410
0.943542	13.670835
1.072556	14.616150
1.214078	67.124655
1.600907	12.989762
1.682134	60.682091
1.941198	59.418017
0.775245	21.027363
0.928955	12.690678
0.948175	63.690908
1.153302	21.976562
1.695965	7.833345
0.825966	5.021600
1.658552	4.068492
0.763237	14.922795
1.548514	60.276186
1.683099	16.660353
1.767496	8.199748
1.250803	34.726988
0.973372	36.738546
1.642516	6.130743
0.960934	19.372233
0.655817	24.848365
1.737932	35.314560
1.101680	76.175238
1.340870	19.569074
1.868876	57.058984
0.630275	8.642633
1.320592	15.232908
1.322941	28.839391
1.780096	136.450599
0.993243	46.900459
1.086351	19.446037
1.264229	63.171738
0.693951	21.704324
1.191538	34.364704
1.139429	12.930293
0.751084	8.934432
1.735363	20.217645
1.131782	84.176847
0.937056	29.021046
0.618716	45.120070
0.524542	46.683337
1.935562	30.339938
1.992095	95.659020
1.836478	86.395904
1.173459	22.903326
1.696749	88.330260
1.737308	35.782837
0.926913	4.519730
1.363438	22.481266
1.930090	15.897935
0.894557	14.078890
1.477780	21.158125
1.477265	13.506696
1.164482	32.672101
1.221002	8.246885
1.170074	39.097675
1.266887	7.426388
0.657224	27.249854
1.676595	152.150471
1.475077	49.044773
1.957479	39.080897
0.836619	1.671277
0.651472	60.172132
0.995286	58.056823
1.249992	67.382189
0.764999	11.665957
1.176422	4.346705
1.447560	48.593014
0.430452	16.624973
1.620732	37.926549
1.902695	7.926974
0.874900	38.107245
1.648353	5.584445
1.111882	36.610652
1.480087	52.634048
1.598017	29.734854
0.919039	5.806921
1.665375	34.548025
0.561979	45.549581
1.978383	9.458304
0.986554	110.163209
0.798631	10.562697
0.636292	32.919430
1.703293	13.839054
1.363232	11.383034
1.921824	35.205601
1.455105	93.887882
0.992192	98.556950
1.740597	54.662989
0.896486	23.696166
0.912283	5.845901
0.326826	33.690494
0.847521	18.834402
0.863460	24.767585
0.923192	107.022639
1.036092	62.213721
1.349544	73.709789
0.785480	29.403200
1.438847	5.733631
0.625009	13.969976
1.888671	46.397535
0.316792	23.644889
1.852670	8.448629
1.305755	46.388365
1.548360	35.191796
0.924529	55.890620
0.706733	17.507446
1.914816	57.299840
1.146874	7.152329
1.206310	51.297278
1.976684	21.599162
0.985041	38.562114
0.550273	35.181247
1.364753	17.722974
1.317061	32.749136
1.643611	11.077342
1.927291	46.469454
0.939655	14.099043
1.566025	46.554409
1.137038	22.812423
1.659849	73.864116
0.688229	23.230100
1.236733	21.341249
0.491709	5.839518
1.326521	10.673811
0.697404	26.353267
1.935270	69.463738
1.316352	20.359526
1.279241	10.308458
1.955069	167.336708
1.233087	37.463110
1.498448	29.023696
0.399064	23.012197
1.545798	120.313566
0.560090	50.329610
1.654459	12.615648
1.803419	35.034091
0.952204	41.754980
1.805426	61.662689
1.209491	25.190473
1.341972	43.380815
1.101286	8.637138
1.200359	25.131208
1.852785	37.985628
1.914816	18.116756
1.154223	58.348497
1.256880	65.124938
0.587466	24.847338
0.968446	12.916107
1.255204	13.854854
0.760583	10.668639
1.349335	15.978404
1.511243	1.732833
1.458505	20.273472
1.149154	14.664766
1.637859	41.138545
0.958704	31.515915
1.189460	11.408812
0.878087	56.844243
1.389581	26.599816
1.146425	57.417347
0.786767	24.571213
0.940479	22.846460
0.893565	35.973162
1.856959	75.776406
1.268193	48.761476
1.462522	46.030874
1.894758	33.332279
0.722788	8.353682
1.898201	12.611390
1.294510	26.155880
1.771270	38.099365
0.695502	3.698287
0.882723	10.860788
0.745139	14.378383
1.463664	79.561820
0.640698	16.539170
1.673197	36.991938
0.844818	18.327306
0.853388	23.104365
0.896298	11.923767
1.603112	27.519408
1.878030	57.909078
1.851584	24.026173
0.552822	13.037158
0.865149	57.573908
1.491657	17.117224
1.411758	42.173385
1.007045	5.435534
1.781578	26.721816
0.618913	21.284528
1.442228	23.599674
0.882971	25.487065
1.275967	6.057608
1.065266	32.738843
1.967046	10.457982
1.215561	70.536321
1.961151	25.146798
0.852617	10.495665
1.635766	18.796696
1.558898	51.756556
1.757975	8.083552
1.523706	32.765209
1.506869	39.406073
1.474529	3.976041
1.975666	11.734599
0.806188	23.155660
0.334982	10.196142
1.500308	9.364833
0.703919	67.653161
1.502420	10.454404
0.958965	83.035979
0.387287	39.544786
1.638541	38.575389
0.415857	14.861705
0.799223	20.542130
0.985579	31.886613
0.623803	34.989346
1.861159	12.555613
1.416644	24.105046
1.801153	227.398316
1.506410	32.458143
1.986871	22.637775
1.272956	19.237943
0.422758	4.059721
0.681490	9.831151
1.367008	59.737470
1.003432	3.275860
0.580018	12.330031
0.823688	9.024446
1.197403	42.937016
1.262574	40.769686
1.894515	31.839313
0.526890	33.495892
1.019228	7.959299
1.244484	27.603266
0.580873	20.708738
1.515013	57.052079
1.257874	4.957769
1.174784	10.709290
1.467628	24.085098
0.907322	3.990204
0.990193	6.158217
0.685124	11.940292
1.270832	20.039660
1.041961	21.849274
0.861600	26.490630
0.606499	31.325468
0.302714	15.280962
0.743623	8.640160
0.839674	14.548100
1.213682	14.539696
0.828626	24.122093
1.711695	112.898828
1.196740	28.360280
1.419580	18.236175
0.770304	15.119541
1.109131	6.270991
1.388316	6.445323
0.945093	11.382842
0.985244	47.892626
1.695997	26.137595
1.741785	17.041217
1.284548	73.300891
1.834095	50.640236
1.588454	24.516996
0.427693	16.499073
1.323994	18.793450
1.529978	13.988798
1.296365	24.127040
1.733748	15.723321
0.928583	28.043389
0.458754	6.551204
1.434173	21.611864
1.579585	22.770916
1.631686	10.040017
0.228450	2.710821
1.493444	117.351042
0.289722	0.924454
1.646168	187.645325
1.537943	75.441487
1.335790	26.923403
1.244894	27.406316
1.555966	90.269205
0.433674	16.935118
1.734078	18.481146
0.758108	30.184954
1.202228	51.924663
1.215722	200.765755
1.649724	47.845648
0.742954	8.737024
0.926817	19.166011
1.478110	49.116957
1.104016	9.710699
0.925376	41.446008
1.416029	11.685352
0.516453	34.192303
1.669008	46.538314
1.272356	36.183021
0.766833	5.472694
1.097520	137.389821
0.620224	18.153685
1.408830	44.896984
1.487354	40.146802
1.092583	31.238107
0.990767	26.570591
1.761292	16.113527
1.348646	72.878170
1.483951	26.164571
0.612550	4.661202
1.553287	13.270281
1.152324	7.641849
1.033044	40.104403
1.886274	42.400014
0.423310	15.950367
0.747790	38.776104
1.046040	34.767294
0.965924	38.891557
1.251397	76.452467
1.085873	38.336418
1.666735	80.720407
1.635856	22.514981
1.642502	57.151189
1.037220	67.672460
1.095767	2.527877
1.564017	4.021928
0.605307	62.679876
1.764603	7.976162
1.296920	31.692207
1.759370	68.240181
1.674847	25.335008
1.045022	14.895766
0.553553	17.740157
1.872658	17.633491
0.998518	28.410722
1.044028	82.028217
1.854013	21.149035
1.867139	23.851837
0.865939	17.781935
0.522538	213.167033
0.099892	1.420880
1.142777	7.247193
1.337512	34.957517
0.878392	17.247985
0.860620	11.716790
1.017630	25.510777
0.866240	28.772636
1.774726	6.417799
1.447902	12.842484
1.729077	5.418138
1.777898	12.975988
1.137806	172.330984
1.201911	50.428245
1.963944	21.532259
1.710445	5.906985
1.681406	2.295179
1.359999	9.515783
1.177248	25.245128
1.831265	30.588128
1.691602	41.892404
1.260498	39.543950
0.878647	18.577460
0.654162	4.305922
1.313938	6.101553
0.920762	49.707951
0.868140	31.890441
0.563566	29.950226
0.353353	3.405403
1.659211	14.448276
0.568706	11.820112
1.821840	5.463513
0.780819	59.114530
1.623226	52.978215
1.719917	5.917764
1.673248	116.605326
1.797186	18.233807
0.990815	33.452543
1.977025	29.185308
0.893775	30.810096
1.894064	66.586301
1.141484	55.685107
0.432848	14.348503
1.661592	9.722993
1.665396	12.362508
0.750906	4.616921
1.720706	44.764261
0.674974	23.987308
0.662617	20.341880
1.698287	14.123761
0.911265	34.408688
0.490871	18.823048
1.929323	9.587530
1.320379	35.923575
1.157556	40.772369
1.241590	16.471442
1.489071	5.234795
1.779746	24.957950
1.492250	12.757249
1.592747	7.741919
0.718876	32.985914
1.060035	14.844734
1.361627	14.871825
1.413031	14.704927
0.878985	18.131143
1.959354	184.609301
0.591985	13.034800
0.578613	2.084333
0.808033	83.857572
1.614497	44.464105
0.361676	20.963825
1.980237	18.063674
1.980015	8.583017
0.679162	28.845022
1.086335	5.474828
0.763014	36.747985
1.096755	84.192653
1.284432	12.433339
1.719505	7.959044
0.358726	33.026365
1.978664	5.564256
1.904055	19.846412
1.340251	26.481730
1.206884	46.845369
1.310875	25.147072
0.277032	19.999990
1.589964	46.628845
1.230131	43.941255
0.904405	30.960911
1.177840	55.946364
0.915109	42.156979
1.533212	32.820245
1.405639	25.541503
1.066200	41.829696
0.950235	23.138971
1.805280	24.503919
1.506689	50.284841
1.556979	49.587462
1.411840	48.139343
0.486377	21.026886
0.440092	7.619576
1.128958	0.759481
1.888017	32.708882
1.272294	6.235672
1.801916	3.298062
0.541443	31.586115
1.569734	56.188061
0.836095	41.014328
1.271979	24.069513
0.915687	27.587154
1.551797	18.698436
1.085853	44.283328
1.178779	30.583710
0.836108	26.462873
0.896854	9.845991
0.717589	13.848990
1.315562	19.692062
0.649474	4.208914
0.874824	8.773798
1.280859	12.562807
0.885876	37.099012
1.367108	1.569057
0.250641	16.614554
1.956510	57.694594
1.578361	16.876102
1.241156	12.367791
1.872670	12.046965
1.792364	57.271527
1.032867	35.998719
0.587362	11.839544
0.847878	10.371345
0.771661	61.777813
1.608661	48.541345
1.307107	272.123516
1.761778	102.806949
1.220062	17.499174
1.638536	4.908262
0.964939	33.016858
1.387386	41.705890
1.442776	14.943032
1.622637	26.029950
1.683844	25.876332
0.888652	18.889250
1.061523	12.164685
0.768852	103.564999
1.605299	105.275395
0.879044	29.889439
1.070704	75.645185
1.689258	33.628150
0.990945	8.454556
0.913363	9.549489
1.460325	21.955188
1.959987	8.384129
0.450296	58.632770
1.738089	64.527109
0.599594	6.967349
0.998979	27.237116
1.110030	20.247059
1.561426	12.976590
1.881762	24.880529
0.554631	31.362372
1.600725	24.450193
0.963134	16.661064
1.842754	16.800016
0.891494	37.823021
1.524087	65.759446
0.689169	32.003167
1.931898	34.391542
0.161946	13.306292
0.814502	20.147184
1.497278	12.527097
1.767093	22.967022
1.989495	9.389880
0.705697	45.739735
0.938798	34.284592
1.826930	5.968394
0.345203	25.341754
1.583385	3.735273
1.119666	51.837193
1.516534	5.165125
1.272580	14.828677
1.424490	7.994300
1.483417	35.946332
1.430640	67.934852
1.480282	14.724864
1.337177	66.166004
1.554144	19.379181
1.648050	24.085885
1.666196	15.776950
1.767076	8.255697
0.953704	19.147390
1.602183	65.311998
1.913802	58.994126
1.034288	55.801658
1.650511	20.478146
0.913302	8.515359
0.710132	26.423567
1.155066	26.605077
1.694628	2.477155
0.938764	29.336945
0.918983	5.132969
0.890596	23.127442
0.788563	4.744391
1.400700	8.104695
0.832657	25.698559
1.895027	18.149605
1.000605	3.685411
1.298616	26.927555
1.098520	26.900697
1.939566	14.189306
1.121124	26.127129
1.330265	22.008963
1.628909	93.115252
0.701907	3.219476
0.345798	5.424171
1.167871	85.538456
1.310869	42.958427
0.906084	19.175953
1.179285	76.001763
1.406719	27.796512
1.956591	39.652323
1.386830	28.816933
1.158733	42.278593
0.299172	9.373327
0.944347	51.591353
1.020288	73.642500
1.200962	9.127029
1.657409	3.196701
1.647843	40.570130
1.754321	52.067624
0.910894	28.450042
1.001436	54.786696
0.660198	14.854100
1.773137	74.111278
1.461895	183.354265
0.492691	4.743849
0.933157	14.158899
0.665233	35.588147
1.950060	93.934064
0.966822	16.396736
1.230177	15.959817
0.956108	10.859029
1.196992	25.546841
1.997751	60.244187
0.906622	41.134976
0.898776	26.648501
1.040364	4.851938
0.698071	2.777320
1.591940	32.816583
1.052695	22.214668
1.355759	29.040062
1.475417	12.338998
0.357273	23.957948
1.449630	18.371292
1.284293	33.023696
0.506797	78.470554
0.605939	102.938164
1.146564	78.196897
1.001198	36.320740
1.141569	10.046401
1.436993	52.293041
0.668657	30.261798
1.477121	64.157142
1.712422	85.897306
0.140804	11.031814
1.035835	25.784768
0.886435	36.769361
1.133246	3.152854
1.406894	2.536468
0.732856	46.660446
0.626670	26.634013
1.576628	76.298972
1.511946	16.304729
1.176788	14.527504
1.237429	49.951488
0.877596	91.328774
0.974110	15.775994
0.959600	34.307355
1.572857	10.724108
1.318303	14.127884
1.577608	32.209891
1.370400	0.811987
1.303430	14.244721
0.960399	123.424909
1.077537	15.198941
1.819940	34.055166
1.348439	3.225327
1.271918	44.819051
0.420711	21.219704
1.489726	22.957199
1.512342	8.811170
1.519286	32.892024
0.528253	3.841721
0.927963	27.011938
1.040126	3.207733
1.725302	90.859391
1.968565	73.786244
1.107028	5.214029
1.316278	45.884558
0.196282	4.695577
0.209685	27.230316
0.484370	12.686575
1.562519	6.850918
0.715039	67.705845
1.620458	62.409808
1.133059	22.755860
1.761577	27.272584
1.793222	4.689544
1.808090	27.480032
1.300258	28.778328
1.667068	34.671857
1.476326	50.121259
0.731252	20.351250
1.056058	26.912269
1.938997	4.044425
1.642790	13.957472
0.866086	43.170655
0.896056	13.896468
0.851191	9.060658
0.973531	29.624238
1.884530	15.910648
1.135583	18.907563
1.029284	28.444655
0.825492	47.364399
1.827804	39.900497
1.930981	25.716506
0.965128	8.410450
1.408938	22.622641
1.932679	34.025247
1.234678	29.253955
1.188537	20.445916
1.276740	49.846418
0.348001	131.441059
0.927417	34.326842
1.531775	51.509074
1.946031	31.626096
1.337767	30.056351
0.738282	24.851482
1.125379	18.541380
1.220539	53.138836
0.664222	9.004773
0.974275	6.101033
1.153009	10.928335
0.864249	19.866174
1.013094	6.881266
0.888223	12.954378
1.403242	22.292253
1.352408	55.206218
1.312436	10.709309
0.541897	2.798666
0.725319	27.262474
0.575283	12.234526
0.452259	7.173183
0.838653	3.885859
0.745787	17.040572
1.570841	11.862989
1.527121	17.114251
0.758314	26.319633
0.690753	17.852750
0.649266	29.015471
0.959548	12.245146
0.917755	31.336599
0.327988	0.732594
1.336468	13.075983
1.836645	56.954451
1.293349	20.273526
0.453826	23.856052
1.383523	39.894029
1.212963	41.077713
1.850667	22.258757
1.027674	3.240209
1.611573	54.072784
0.369024	15.821903
1.565568	18.668599
0.380633	12.374637
0.998691	57.586536
1.916082	19.053446
1.538093	36.489305
1.879312	49.970226
1.229259	30.931501
1.393427	26.226430
1.261928	37.280814
1.203840	19.310215
1.351856	42.169438
0.370781	3.285410
0.729321	10.897042
0.782320	18.214874
1.058115	23.499713
1.137117	18.685227
1.593036	33.556601
0.690706	32.682574
1.339472	4.289910
0.881646	14.921166
1.258806	14.348328
1.423751	103.953108
1.358123	56.151951
0.783677	11.197998
1.547471	10.157156
1.464210	29.197010
1.890409	22.471199
1.434964	15.812458
1.563810	38.019984
1.701521	20.049968
0.564078	25.073683
1.527791	26.466908
0.957195	12.536662
1.720147	184.974562
1.205812	52.833084
1.355398	3.552326
0.861612	46.787654
1.459406	20.053482
0.358096	7.927139
1.606418	58.568138
0.686301	43.042229
0.805270	19.487131
0.093260	5.934868
0.948519	15.150765
1.066441	6.447402
0.816502	1.933015
0.809889	5.997149
1.828704	18.640214
0.969770	48.137465
1.566756	174.477942
0.822375	25.640812
1.698474	10.240163
1.499965	5.270115
1.617966	20.826825
1.144656	13.473935
1.807670	10.463114
1.044448	23.031064
1.385520	88.213426
1.443776	35.212069
1.922756	62.273223
0.627577	18.935445
0.629871	26.309987
1.178603	35.289545
1.867976	24.692269
0.294801	12.397857
0.888275	30.158757
0.900366	18.068569
0.935255	20.750878
0.310049	21.267521
1.723930	58.502161
0.210829	21.515837
1.202101	20.498632
0.431045	16.599760
1.682552	32.001052
1.603411	35.727070
1.565625	81.385832
1.587825	26.310516
1.903539	47.896337
1.110171	4.194794
1.779604	41.165227
0.726590	105.757692
1.162363	18.976761
0.210825	11.299583
0.901279	15.564633
1.172749	54.065439
1.854395	35.844460
0.954585	4.556682
1.491996	56.906685
1.736821	39.727354
0.969893	37.086258
0.697899	24.554451
1.371110	5.211412
0.901680	30.332168
1.462219	30.401098
0.627955	23.931914
0.662948	7.970994
1.497247	14.127065
1.957054	69.952181
0.838767	51.142707
1.554170	33.598472
1.283209	6.297614
1.752084	39.138775
1.067421	45.994438
1.954073	22.788150
0.505607	35.116371
1.975011	3.323007
1.755794	42.455007
1.787207	15.432369
1.749859	11.516391
1.780053	38.956088
1.707853	10.799785
1.838983	47.935639
1.176722	55.689162
1.902025	3.124900
1.061377	30.693034
1.576143	17.055612
1.548821	51.857788
1.716681	32.742577
1.591020	40.939453
0.357016	21.766472
1.592183	15.193287
0.303075	10.227793
1.284979	5.774473
1.744517	9.017793
1.730046	56.074022
1.748172	19.727954
1.387772	47.420336
0.725798	39.065288
1.247362	33.803176
1.259638	39.617568
0.967085	20.918489
1.121258	56.281795
1.796125	30.511047
1.262195	8.684827
1.540402	20.391931
1.229197	26.749317
1.410154	49.118716
0.531664	4.855798
1.889430	24.935992
1.139204	14.617731
1.606007	17.203795
1.484070	25.192776
1.683513	54.851035
0.354976	10.176301
1.895743	47.013338
1.730311	4.086814
1.736504	20.372859
1.186211	29.337958
1.679005	37.567256
1.347328	21.828564
1.240647	37.272133
1.661601	98.284189
1.425513	4.971949
0.491637	19.870903
0.950665	52.932825
1.417025	51.473870
1.845733	83.775801
1.891997	86.043072
1.744459	0.938841
0.851414	23.654182
1.195620	88.344429
1.135353	60.281500
1.143368	2.581740
0.409656	40.855274
0.706424	33.472158
0.666312	11.902848
1.409852	51.871694
1.102531	57.108266
0.966479	18.773080
1.151258	90.701995
0.966202	17.949473
1.619883	15.769865
0.693642	19.438501
0.430337	16.647567
1.459616	8.068906
0.810534	15.717897
1.448664	5.971618
0.437867	62.861226
0.839111	59.198166
0.667569	13.363914
0.912009	43.423176
0.973595	61.939619
1.228279	29.571945
1.265489	109.637301
1.428932	57.705377
0.978039	59.456251
1.283180	54.897309
1.983897	45.979288
0.775175	8.579849
0.665194	36.474804
1.750107	4.684772
1.100344	9.983991
1.756795	46.098945
1.122154	5.710509
0.294799	1.537052
1.045781	9.657472
1.399243	35.478552
1.156768	6.154458
1.174529	44.609127
1.997252	1.248333
1.301186	42.147873
1.528699	21.909166
1.564786	8.037491
0.052403	62.584454
1.313574	41.216068
1.940114	6.568101
1.609819	60.280021
0.991931	25.263112
1.029780	31.055398
0.933092	31.903042
1.429096	50.184856
0.543312	10.604546
0.910907	5.787627
1.232787	26.160176
1.287935	33.336618
1.395196	11.635950
1.680382	16.610146
0.686184	23.623760
0.800769	24.666422
1.796338	21.645847
1.732488	60.704816
1.717718	20.627429
0.771528	30.716167
0.436983	21.887223
1.270369	12.733014
1.792796	5.937941
0.822610	24.456124
1.846362	15.881484
0.642303	2.960764
0.924128	5.739713
0.924440	37.030307
0.661946	62.968955
1.797064	31.965518
1.103738	31.089970
0.738620	37.761527
0.654090	48.404183
1.116416	17.812819
0.270298	10.785295
0.598379	13.868222
0.153079	14.239931
0.308486	3.452938
1.995715	45.711237
1.158781	4.160404
1.576758	62.985319
1.589055	26.300828
1.808989	26.409973
0.558754	13.882638
1.273730	40.602095
0.962218	26.668029
1.307661	16.553552
0.978781	4.108928
0.725508	41.411286
1.492621	39.388693
0.368981	4.152405
1.832483	4.716568
0.652083	6.611135
1.406694	11.475977
1.614938	13.789635
0.480016	1.547526
1.844934	16.178246
1.016679	14.506857
1.994659	39.177979
0.468318	11.212861
1.558470	54.771054
0.681205	14.329932
1.088615	16.748868
1.150212	21.517810
1.093912	15.304606
0.987421	15.257907
1.634655	29.667187
1.715133	42.014723
0.984321	7.637355
1.209503	59.405539
1.117699	15.289506
1.374560	16.977832
0.660253	15.985057
1.693330	51.726996
1.680058	10.567541
1.369950	27.351625
1.602744	8.211700
1.981276	73.094590
1.875319	28.056337
1.401202	1.913596
1.252467	6.117096
1.286908	16.381146
1.185461	16.270530
1.205880	31.473916
1.581448	80.929143
1.987158	24.600552
0.394283	15.659862
0.809850	15.993174
0.774398	3.044594
1.735107	29.884293
1.114605	38.808185
1.272926	42.034347
1.189273	38.881119
1.767337	73.193812
1.235036	15.512559
1.485182	20.565907
0.282921	19.235348
1.462222	86.357516
0.828548	7.943293
1.787847	52.584528
1.610926	119.384936
0.571728	29.529293
0.558105	17.544224
0.915813	98.341560
0.608731	30.820438
1.593957	245.240012
1.978532	4.323675
1.466400	23.279633
0.842445	28.389090
1.331123	52.794589
1.693275	7.784497
1.938748	5.312613
0.171555	25.726871
1.270779	35.907080
1.165302	53.129549
1.106639	30.019689
1.241184	27.853797
1.089860	25.174977
0.997589	17.766540
0.584374	1.221830
1.235224	12.672573
1.716920	60.858675
0.561086	3.053542
1.591184	10.594953
0.874093	49.597962
1.055636	27.155799
1.980592	38.960569
1.496183	13.974230
1.561987	9.638763
1.387742	40.289830
0.963247	334.486326
1.496041	26.839722
1.171407	24.393011
1.733913	38.740811
1.341202	34.673543
1.640771	75.768490
1.759313	62.680404
1.717025	66.215999
1.087719	43.143712
1.036291	32.562733
1.791275	23.186616
0.645557	49.131328
0.893459	14.116154
0.598276	37.786019
0.382708	6.133547
1.407760	45.112003
1.840973	48.910184
0.616652	3.729331
1.678065	41.480427
1.052694	20.124361
1.411146	13.931283
1.629392	28.071535
1.548411	17.047326
0.632191	30.070961
0.585683	12.725446
1.877994	45.980319
0.497855	4.204364
0.789059	4.432133
1.142857	30.175539
1.716858	8.228230
1.388092	34.245466
1.341389	12.021684
1.521230	16.273564
1.687930	52.470999
0.813928	14.314480
0.279655	3.661436
0.611851	50.071091
0.689970	10.978785
0.375037	19.206357
1.604821	7.869598
1.816063	25.147313
1.549268	38.580095
0.734827	16.863825
1.393766	37.507872
1.266182	48.052130
1.715246	11.893352
1.906827	46.756969
1.597894	82.339352
1.254163	53.396408
1.251941	70.579731
1.696551	42.295250
0.601603	41.859144
0.666420	34.392862
0.996797	29.165724
1.604248	29.468283
0.460210	33.212209
0.998075	41.304327
0.957131	40.833633
1.214133	55.920433
1.181107	20.224424
1.554910	9.235094
1.422183	43.101892
1.844108	29.480136
0.719831	3.169805
1.133369	3.340773
1.084638	34.090584
0.579163	57.790902
0.689310	4.433390
0.985930	39.158786
1.585618	100.589361
0.660040	55.768858
0.869991	45.093476
1.497990	44.672521
1.379220	21.480286
0.560287	11.122677
1.909075	20.893376
0.655695	5.458397
0.446634	17.941670
0.934123	27.829582
0.318475	24.954763
0.337635	11.488836
1.352601	7.931482
1.828656	52.111613
1.088388	9.249778
0.930702	30.188185
1.862833	42.228288
0.446798	23.735927
1.195516	50.734623
0.848507	27.222197
1.056358	34.649554
1.100998	17.630219
1.302688	53.633306
1.165357	20.964557
1.980535	28.354635
0.313943	31.987354
1.620170	30.210622
0.413698	23.724257
1.131837	14.748542
0.759241	19.529753
1.911628	22.034280
1.567069	60.431275
1.179800	24.187256
1.922741	13.585049
1.565270	11.820455
1.922257	35.347882
1.540148	23.910357
0.493126	26.247693
1.408420	108.116073
1.968042	35.942337
0.781533	18.592340
1.673529	12.914967
0.727343	4.857929
1.163829	28.061072
0.511526	36.665686
0.992182	49.373061
1.648359	13.540507
0.394120	9.991592
0.959783	18.267412
1.428418	15.360180
1.916837	35.037063
0.836119	38.802892
0.705484	33.539099
0.762565	18.179850
0.821382	15.258608
1.441170	14.951566
1.997826	9.738422
1.270631	3.785548
0.880216	28.816308
1.603977	4.152157
0.676314	18.827889
0.334546	31.408608
1.392012	31.855791
0.774556	19.929486
1.083322	21.113580
0.811509	34.351837
1.868270	42.278239
0.988078	18.026513
1.159059	45.905085
0.817969	5.135289
0.512012	28.616411
1.254190	28.496863
1.790738	24.848133
1.009638	21.153691
1.655577	28.612080
0.345674	5.944171
0.819125	35.410377
0.621121	20.910189
1.088906	9.602138
1.830828	41.623879
1.043672	16.900643
1.389128	7.059937
1.836819	5.567439
1.022320	17.971082
1.031624	11.852181
0.520063	8.670747
1.005508	17.725153
1.602767	16.927106
1.753304	29.286972
1.567461	7.477302
0.192170	6.414711
0.589271	5.358964
1.579858	17.717293
1.906984	8.720258
1.526333	47.645184
0.802685	28.957169
0.567712	27.094192
1.803685	2.941649
0.547473	42.223294
0.661817	2.446700
1.379277	8.387912
0.737390	31.525669
0.805303	23.158838
0.643812	24.000599
1.910068	36.730112
0.606899	24.828811
1.889341	41.302081
0.969363	28.337432
1.717701	8.131084
1.919144	51.548594
1.264177	18.912684
1.639154	61.138853
0.871152	24.296985
1.058293	10.605684
1.314355	41.095537
1.762341	68.450575
1.415011	32.553664
0.296957	27.894957
0.934983	6.848849
1.784892	98.359915
0.827314	45.258670
1.035003	22.235579
1.068543	31.886091
0.668713	4.760654
1.006705	25.656544
1.711338	14.248401
1.760220	16.983985
1.355817	39.530060
1.501457	26.231859
1.286976	32.679230
0.390589	11.755615
1.528317	30.923793
1.994373	28.501998
0.805707	19.923528
1.970961	26.210573
1.996367	22.883914
0.642266	53.767107
1.881078	82.243013
1.496663	18.108532
1.185097	9.010458
0.998605	6.514375
1.428491	32.415598
1.750452	38.119927
0.351843	14.401828
1.288300	52.294942
1.458958	15.706142
0.314383	18.709260
1.822575	14.084484
1.922016	37.441190
1.402751	14.850881
0.589326	17.613618
1.891059	93.890658
1.692292	46.443739
0.328036	29.805512
1.353233	146.301278
0.583761	26.609105
0.641333	3.569239
0.742062	3.433502
1.078646	23.526212
1.802695	19.543596
0.339152	17.434544
1.517122	5.681035
1.942521	36.305409
1.445506	44.417048
1.708548	19.152110
1.842535	30.986677
1.555500	70.032090
1.473239	20.369942
0.274291	26.251791
1.263627	56.163133
1.189383	50.639796
1.269312	33.528951
1.133974	126.351439
1.850081	29.218746
1.822500	11.289486
0.608589	6.778744
1.284477	29.309319
1.934488	13.454708
1.382206	14.962460
1.687180	10.540699
1.043436	38.927278
1.049460	9.608110
0.968551	26.967474
0.295639	14.095293
1.879039	85.766637
1.006437	2.977061
1.033697	13.176942
1.623032	22.869731
1.275547	13.217252
1.025839	24.656799
1.814015	50.994765
1.723581	39.710867
1.962297	26.617326
1.445190	44.018620
1.518448	59.997575
0.966657	29.494875
0.548800	19.872983
0.563872	7.970991
1.452516	28.768508
0.580882	68.726936
1.850190	65.695882
1.539089	8.992596
0.802867	3.713862
0.893141	7.229685
1.548252	18.902644
1.721642	7.842655
1.745260	21.146571
1.385716	17.851172
0.670278	41.874302
1.712780	47.823333
1.671855	26.113515
1.738968	36.107993
0.675142	64.819561
1.509859	28.472721
1.935590	64.528797
0.854382	33.871826
1.558401	99.015918
0.859214	1.518183
0.938721	30.300850
1.213430	94.449888
1.831805	19.195572
0.369874	23.909100
1.983123	33.914124
1.642049	55.147139
1.022308	44.924435
1.013522	24.073693
1.210006	48.680292
1.801282	26.400175
0.274004	8.742244
1.307315	48.221028
0.430184	55.958585
0.586169	19.055479
1.519300	62.726764
0.817040	1.892653
0.380885	6.987220
0.688152	22.054671
0.771568	7.969856
1.638562	42.052789
1.421236	55.397616
1.586103	43.881418
1.037946	39.906627
0.580565	21.127878
1.692725	13.664988
0.639958	22.754848
1.057857	19.814835
0.864882	31.967544
0.921585	6.572593
1.386949	30.491579
0.688377	20.138773
1.154231	39.277063
1.441716	114.176843
1.791034	32.530083
1.040128	5.746498
0.957374	3.319107
1.034877	21.353569
1.236644	43.555502
0.948390	13.368374
0.844844	14.042299
1.046447	13.900504
1.650798	42.981868
0.848869	23.526208
1.753304	31.204982
0.902870	27.069192
1.388761	27.978420
1.952882	35.892190
1.922021	59.387063
1.137235	48.330304
0.464679	21.282333
1.843885	44.415811
0.611240	5.447761
1.876972	30.314885
1.582343	20.510714
1.893970	9.884501
1.481519	13.067510
1.992029	18.848819
1.186043	43.231084
0.974813	28.428440
1.074228	24.701149
1.007453	30.470020
1.085713	32.422059
1.816497	29.840096
1.372397	29.826115
1.571898	42.531874
0.907418	32.772940
1.983496	14.842804
0.895660	36.947132
0.677853	20.140328
1.651354	37.669650
1.744712	25.984684
1.074971	48.358478
1.296643	29.958864
1.106083	28.207874
0.917322	10.898318
1.705127	34.152624
1.619228	40.603757
1.213521	16.731217
1.168821	10.395994
0.718896	39.415278
1.439610	12.516221
1.877176	61.944650
1.561583	196.132446
1.244814	18.327677
0.369861	9.977218
1.887671	118.247442
0.940252	55.734738
0.927146	7.359403
1.189939	27.588502
1.128949	21.372179
1.938977	28.148920
0.689663	22.641136
1.516989	32.494501
0.565855	54.002336
0.889307	18.386122
1.566538	139.847739
1.690816	35.686798
1.188930	39.325436
1.668347	36.757246
1.895384	8.007568
1.896437	23.897768
0.995161	38.042434
0.946854	23.274739
1.573022	83.921113
1.464667	52.399041
1.072620	35.341969
0.807198	26.836743
1.411582	16.484405
1.130577	8.974449
0.622444	8.365625
1.442551	64.250072
1.529800	74.971448
1.029252	18.738331
1.733715	47.879234
0.482085	1.493140
1.229344	42.084204
1.929307	43.691148
0.738258	31.561991
0.703892	69.575095
1.051700	23.295948
0.874625	8.906634
0.794619	0.800092
1.918896	52.269645
0.998900	4.077057
0.441859	32.806192
1.839400	65.638405
1.157811	9.696540
1.587337	27.111895
1.034100	29.387605
1.895451	11.576290
0.907298	7.604992
1.477601	14.164884
1.721988	27.804420
0.823330	17.986062
1.686938	39.428033
1.672821	6.858126
1.941994	57.025286
1.875802	35.295641
1.066994	12.857195
1.370144	88.388160
1.879742	21.969873
0.162636	14.870331
1.424844	24.030426
0.783646	33.949190
1.591599	58.756988
1.679228	37.188313
1.552737	54.672718
1.993602	263.474702
1.204429	26.795263
1.326775	26.234311
1.098248	27.397122
1.957739	21.699444
1.875713	44.147487
1.978240	9.282570
1.975406	57.747877
1.832595	22.261894
1.888618	7.873864
0.595769	20.244440
0.706212	57.858446
1.816475	53.528053
1.573558	20.529562
1.800516	10.854856
1.638944	42.703160
0.638239	3.914586
1.865901	200.314127
1.640760	37.282902
1.340829	51.116575
1.283686	58.821403
1.345273	42.468269
1.069777	133.721906
1.689554	26.002911
1.853964	32.693948
0.849039	178.652414
0.367511	34.288600
0.761212	10.031146
1.619684	2.533064
1.790235	36.431289
1.004747	26.791335
0.664550	12.363151
1.774875	50.050394
0.782358	8.554493
0.830139	6.117491
0.531728	15.502212
1.856029	65.838894
0.970202	45.378187
0.702960	9.509542
1.924991	87.178616
0.984173	28.387820
1.604772	5.817924
0.810213	12.068356
1.573596	31.634291
0.813299	19.999669
1.440305	5.812807
1.146661	7.906011
1.682665	17.497000
1.578788	15.932059
1.895956	11.151810
1.048490	38.294579
1.615135	20.196432
1.949440	21.796367
0.985421	26.087271
0.910913	36.342479
1.637451	21.619705
1.153699	75.344959
1.082425	22.746623
1.303395	12.717117
1.896028	20.392900
0.509410	7.913903
1.184066	31.205152
0.573702	21.373433
1.813965	36.082528
0.632186	16.327251
0.524430	32.372805
1.941238	62.011963
1.329743	4.800667
1.724372	6.813128
1.190931	42.512316
1.138763	23.447575
1.858060	17.007940
1.983499	12.878819
1.411730	75.508299
1.868471	6.094708
1.781384	17.313922
1.301012	177.276620
1.904918	25.039477
0.774125	17.915164
1.815938	48.804063
0.942370	8.731654
0.336733	14.055598
1.664903	9.732157
1.887249	12.589440
0.786179	4.552116
1.286252	19.844147
1.607586	138.177977
0.977994	51.587852
0.653422	75.724158
1.072590	20.940553
1.170356	9.152233
1.596816	14.382542
0.753452	15.441490
1.707791	69.206944
1.238708	8.153696
1.845874	30.938063
1.333372	13.175619
1.155711	21.948198
0.905644	27.097521
0.564636	5.972034
1.040867	5.294658
1.105314	16.137783
1.337087	28.026397
1.776923	27.833454
1.181255	23.595669
0.950303	49.403163
1.797814	13.135024
1.584285	44.802151
0.938613	14.828095
0.693455	4.126469
0.912589	11.046262
0.604076	24.700880
1.845126	6.535669
1.401615	18.923867
1.782620	51.758729
1.715858	42.613917
0.666263	13.790116
1.149893	20.876238
1.954637	15.348200
0.816144	7.715233
0.411179	32.878275
1.000730	36.439153
1.251788	16.166718
0.429522	12.861973
1.125168	32.038440
0.849886	14.269026
0.777833	18.909986
0.867621	44.605166
0.562655	20.372980
0.490246	63.319095
1.378019	41.369810
1.915674	30.766653
1.691883	109.925932
1.736716	94.493012
1.586039	30.464761
1.928743	54.171386
1.920030	52.504275
1.651519	33.744224
1.557226	32.025133
0.935784	21.024230
0.528113	16.198912
0.532364	66.635956
1.587819	8.056523
0.327249	6.432677
1.709783	42.486620
1.032746	47.698600
0.741265	18.265654
1.096103	35.390575
1.538194	60.302258
0.886341	19.167048
0.706386	15.178817
1.590268	5.235658
1.809417	10.995462
1.362719	16.277774
1.271025	61.931561
1.615953	48.201589
1.582367	31.590359
0.185402	18.308223
0.897493	16.936414
1.890425	53.755849
1.935522	51.608538
1.250806	10.196803
1.324910	19.664244
0.083238	7.682073
1.491893	64.449378
0.778404	18.863304
0.613401	8.720859
0.934820	85.639162
1.480773	4.681211
1.139809	18.049322
1.005521	31.859531
1.573569	48.043225
1.705653	35.264960
1.791485	8.152797
1.152538	47.401191
1.560055	37.266207
1.816515	65.002656
1.853789	10.040447
1.223682	17.881816
1.015348	22.171537
1.840037	25.919424
0.863454	33.432857
1.679805	4.341793
1.853392	27.777677
1.593037	14.007515
1.503132	37.676127
0.412640	31.038246
0.762205	27.102271
1.483277	34.986808
1.662018	56.822057
0.452586	12.555938
0.280548	1.052022
0.945844	45.690612
1.451048	43.931439
1.253423	20.235346
0.205927	13.084479
0.662983	16.002894
1.611904	12.291031
0.923420	23.509289
0.589748	7.922855
0.413260	39.373154
1.762311	78.782449
1.193045	5.362456
1.240946	23.614671
0.446435	2.154203
1.218386	17.949616
1.452267	6.613165
0.602230	23.396607
1.843707	42.204174
1.659202	52.039859
1.687511	23.114453
1.289893	8.471195
0.981640	7.979263
1.444342	88.097280
0.801394	31.864592
0.632572	9.013769
1.292566	25.393825
1.203483	51.613290
0.660286	39.359440
1.280773	12.029560
1.304667	97.905590
1.795092	57.653048
1.622520	48.201338
0.787574	62.347533
1.712123	40.431189
1.949715	6.212844
1.558238	17.127894
1.664774	47.899838
0.871855	37.631619
1.986801	32.638514
0.711712	11.432002
1.609876	37.966531
1.077158	47.371781
1.017761	51.082206
0.902956	37.330678
1.146960	8.675035
1.670681	97.638217
1.904709	19.086971
1.109299	10.104975
1.461056	6.219343
1.666636	27.277825
0.549177	68.340513
1.936071	23.221345
0.776963	39.647998
1.863548	79.144109
1.978185	22.901113
0.550785	6.529820
1.828336	4.962731
1.445023	31.734877
1.712115	25.054810
0.571289	46.602024
1.737276	32.484567
1.422887	42.730875
1.251300	43.320776
1.324825	12.738783
1.600210	2.816133
0.923380	56.302000
1.908710	82.591575
0.939594	39.741250
1.803785	93.354285
0.236329	33.719433
1.865765	38.442136
1.764072	22.008053
0.605268	20.719994
1.588817	32.093993
1.044607	67.697552
1.205209	32.467322
0.467778	38.044289
0.778651	18.158511
1.924993	9.540311
1.111907	19.773252
0.316414	13.893808
1.257948	69.042639
1.991355	25.994289
0.979894	3.060475
0.641640	22.803494
1.448961	22.499914
1.871063	49.450344
1.775831	4.449043
1.468981	2.632311
0.726430	75.132674
1.660744	61.692561
1.720259	76.418952
1.760924	30.433718
1.090526	66.250989
1.098044	30.353833
0.670128	19.188967
1.642976	12.085606
1.589275	64.842301
0.549209	36.078708
0.286507	21.447173
1.921904	42.712728
0.270179	18.036730
1.426701	19.819938
1.165945	72.907121
1.650165	19.665618
0.519414	8.005516
1.506891	76.346394
1.406395	18.591105
1.767201	116.953312
1.263115	6.534476
1.575805	57.114053
1.141701	41.460076
1.973925	47.555997
1.323901	28.301527
1.613930	22.653393
0.532531	10.203026
1.179663	31.911615
0.455690	61.909366
0.599829	10.633031
1.244612	7.290621
1.010615	15.805220
1.175252	40.420459
1.229695	39.347453
0.679293	45.265995
1.031742	22.600431
1.778083	40.613897
1.771886	63.711025
1.221433	30.732133
1.607283	13.246336
1.613951	23.708795
0.389998	10.497755
1.400373	41.355446
1.691556	40.754753
1.375235	25.375658
1.297358	16.739776
1.281981	22.621360
1.247318	62.646713
1.651526	36.791611
1.447291	50.303648
0.783895	53.565797
1.135289	8.904433
1.278126	44.734774
1.113429	10.294833
0.822722	23.356632
0.606495	67.436419
0.590026	150.465955
0.921182	32.598505
1.088558	35.729102
1.507645	32.144494
1.975448	15.329247
1.835582	14.549617
1.705619	7.168462
1.705678	8.715609
1.378345	26.833826
0.848775	23.905592
1.193457	42.893957
0.644425	20.235979
1.334329	15.219506
0.301579	4.834504
0.736398	16.020288
1.551739	8.753172
0.889298	20.170215
1.114968	84.417256
1.733880	213.295667
0.391606	5.011138
0.300223	14.266404
0.807748	35.718156
1.509987	34.775918
0.820188	9.634600
1.782909	156.894965
1.009899	3.963667
0.900242	8.921219
0.814609	33.216306
1.345528	24.223943
1.771421	34.324401
1.093770	10.071551
0.848362	15.084460
1.116343	58.399881
1.847292	207.800902
0.982616	12.761009
1.467132	12.322778
0.975001	22.242696
1.495506	16.545849
1.809933	9.647590
1.382049	242.832390
1.915052	27.383185
1.386444	35.668469
1.959182	46.182757
1.568935	36.606252
1.462720	27.129676
1.730444	26.376323
0.228698	20.651118
0.856394	11.374744
0.784945	27.133807
0.575446	16.561693
1.899625	48.159372
0.620064	23.769297
0.865822	20.289222
0.983608	22.528647
1.420795	33.297995
1.635042	4.081422
1.391137	71.192530
1.606993	19.472123
1.087745	21.509043
1.993113	117.332188
0.699576	45.677453
1.084124	40.325248
1.734068	28.493294
0.838534	23.242344
1.609850	14.394833
1.029327	51.286813
0.714009	4.746837
1.089607	35.783459
1.661397	24.711846
0.577873	23.246779
1.259474	20.059500
1.595510	9.083773
1.610953	47.681090
1.068500	21.990938
1.185197	17.459849
1.772127	24.172247
0.771098	42.393764
1.987924	21.511132
1.113865	31.369796
0.886907	16.182510
0.134950	14.643411
0.607113	16.411290
1.618428	5.220739
1.457418	16.406093
0.838099	8.973659
1.882457	19.992619
1.739478	39.685024
0.876615	39.157819
0.975555	45.682465
0.727572	5.468779
1.447479	73.369568
1.534992	25.233941
1.078174	10.488061
1.589173	52.070823
1.986255	31.538065
1.401944	31.410262
1.457497	16.094297
1.044184	35.918097
0.224752	3.914103
1.925434	114.129978
1.642456	33.565602
1.526643	18.626114
0.333652	12.601025
1.622220	22.422111
1.488524	27.844011
1.338007	44.669001
1.419267	15.861981
1.868753	29.823965
0.189757	217.216602
0.673762	83.485643
1.831495	17.212593
0.204569	18.591207
1.845473	14.767767
0.332865	2.125900
1.653094	10.729470
1.825472	13.817836
1.402805	45.822273
1.445815	13.110610
0.412263	10.844658
0.775628	9.237816
1.838912	14.111105
1.721020	3.592200
0.440969	21.102918
1.704525	42.528640
1.120324	32.270038
1.325850	7.732864
0.569683	50.115263
1.082413	27.089298
1.137655	30.720014
1.487634	50.998859
1.469797	28.052282
1.308244	16.125595
0.340740	14.656953
0.682761	13.409376
0.680323	25.557294
1.820465	54.509422
1.842437	27.681271
1.694576	10.619446
0.708809	39.241108
1.746376	56.440335
0.732903	49.819270
1.316798	38.994486
1.584222	70.690363
0.415569	11.403993
1.381114	137.701454
0.846006	29.880728
1.232253	93.908800
1.059741	16.976021
1.513182	11.331854
1.219299	18.686007
0.929871	34.927490
1.856083	41.316539
1.933676	17.838454
1.687546	23.786620
1.355584	6.129178
1.815241	54.742371
1.386676	13.420528
0.657330	26.780106
0.271123	72.787113
1.572224	43.499681
1.612335	21.680098
1.880587	5.252552
1.721823	52.016248
1.443047	45.323326
0.737961	11.747983
1.375352	2.994219
1.137314	40.848482
0.813206	16.378108
1.683294	53.927932
0.658809	65.127428
1.429291	35.934766
1.400169	2.114944
0.933087	48.401982
1.129060	17.657171
0.588360	3.691115
0.314047	40.502927
0.242816	10.181706
0.707740	23.489539
1.788010	17.290465
1.269168	21.258084
0.589584	8.712000
1.848405	14.584654
1.337981	43.055024
0.325034	39.351775
1.627856	24.269872
1.195700	19.110162
1.284433	5.474703
1.403844	42.420764
0.536286	21.049062
1.915529	23.738512
0.853247	34.331718
1.416638	4.267827
1.770258	53.367141
0.978461	53.252384
1.425146	7.136478
1.981880	31.762542
1.764416	34.130086
1.653013	28.650800
1.144298	35.711952
1.162371	51.133691
1.213837	28.612775
1.518949	49.156119
0.648114	21.924290
1.778753	11.258420
0.274944	21.456782
0.699383	28.044463
1.208259	31.212345
0.847681	24.541166
1.031353	60.080190
0.979517	19.334181
0.876098	31.517019
1.054142	158.935608
1.243349	41.993929
1.200084	50.377651
1.702894	18.836157
0.940415	13.800394
0.897602	14.248040
1.242096	54.843919
0.403382	30.830367
0.577541	11.869341
1.689353	52.285242
1.226056	49.225281
0.461838	12.225991
1.145935	16.146805
1.081831	16.305097
0.837461	46.214462
1.041487	20.569018
0.734326	13.467164
1.159038	125.636514
1.097539	57.437245
1.395334	53.685749
1.906517	48.485308
0.728905	19.857889
1.111131	26.945567
1.328075	23.999737
1.305444	7.844202
1.475473	11.890830
0.874368	23.183648
1.435558	10.775450
0.758005	34.167364
0.608059	23.162529
1.733238	49.488215
1.196157	363.727683
1.080317	34.349904
1.884859	69.526905
1.547928	45.235887
1.499049	6.446137
0.745303	18.736963
0.772687	12.052898
1.210186	49.807161
1.461998	35.218937
1.077240	15.254507
0.454944	13.930668
1.507871	41.000051
1.644594	26.495446
1.910030	13.946247
1.097905	7.861749
0.857745	18.813080
1.880558	25.914691
1.556012	72.911174
0.454355	7.897903
1.354524	17.604506
0.327939	8.203705
0.803424	33.162989
0.474485	8.278959
0.764784	15.889496
1.220394	39.498994
0.925381	67.028380
0.520138	5.905832
1.208627	24.392081
1.546022	131.696701
0.420691	3.708560
1.812112	22.818081
1.463140	48.508577
1.264450	27.677811
1.078843	11.425598
1.074191	18.809902
0.984233	22.840210
0.586460	20.532053
0.497242	118.979343
0.941521	41.154939
1.484015	8.132392
0.908273	23.623486
1.703420	55.495083
1.054164	134.816462
1.430562	40.409595
1.133115	47.900435
1.232208	31.479240
0.844347	15.859615
1.256146	28.321932
0.574882	13.580448
1.064159	22.188304
1.157894	10.440237
1.539280	3.979410
1.084830	49.992487
1.481585	106.712735
0.708304	4.397454
0.312573	24.788308
1.244332	22.847707
1.196353	33.788252
1.488029	28.261860
0.949115	10.434215
0.333893	8.898710
1.568693	74.887595
1.906688	18.351322
1.075690	146.042855
1.400725	61.819948
1.302019	11.938247
1.333692	19.625570
1.788638	78.972522
1.587933	5.246700
1.638569	49.558661
0.525273	6.932806
0.652990	32.237057
1.478404	45.032793
1.295730	32.220000
1.645396	18.434557
0.532875	7.806369
1.334413	29.206345
1.214629	34.285996
1.768898	115.876118
0.732069	26.615018
1.004979	56.287458
0.660670	16.454164
1.163068	13.177267
1.810551	15.969567
1.488897	22.227115
1.599955	21.639474
0.533529	3.757236
1.163511	29.484612
1.744086	3.706314
1.742246	45.411030
1.980488	18.665105
1.274279	43.852419
0.124497	11.468498
1.838265	33.461551
1.929086	29.502800
1.883638	8.519768
1.641797	15.962506
0.777469	11.091347
0.637137	44.699596
1.534615	9.615948
0.639992	23.775224
1.924463	36.396445
1.154161	31.813844
0.338030	18.047148
0.660918	9.022947
0.911695	22.138365
1.538918	10.346257
1.589375	59.309343
0.779461	44.413933
1.456412	5.063374
0.342364	86.058162
0.556636	13.771729
1.287628	29.439891
1.539021	13.285079
1.862421	55.015536
1.141957	6.749100
0.595929	15.413314
1.885594	54.633652
1.141481	35.003169
1.231680	16.682718
1.768498	61.659217
1.363068	23.417979
0.929578	24.156505
1.296210	20.807787
1.421142	81.153003
1.823708	67.282230
0.817954	17.321443
1.323854	32.801072
1.872133	108.853955
0.394841	22.717615
0.745872	50.544331
1.001209	34.344611
1.501051	23.854792
1.748998	117.446150
0.754346	16.311803
0.838438	43.490343
1.720357	20.966128
0.656337	3.106024
0.863027	26.196446
1.582438	7.694087
0.691917	9.384606
1.727670	68.326519
1.221282	19.128853
1.156794	5.816953
0.629130	7.402333
1.502830	32.223835
1.814615	12.188366
1.521460	59.662602
0.954477	38.359884
1.531485	16.488536
1.250291	25.705241
1.767413	10.909893
1.174987	16.974857
0.822238	11.733013
0.552827	34.317797
0.896208	5.644373
1.330035	28.832229
0.699479	17.207169
0.374050	3.714076
1.158711	6.770032
1.002966	32.321082
1.115620	13.865005
1.166686	9.159850
1.632926	9.344159
1.936688	18.515734
0.864892	80.299865
1.906987	47.091894
0.806676	8.866576
1.616059	26.427760
1.505354	30.738230
0.417744	22.161238
1.570729	18.343749
1.841512	5.095314
1.887575	8.274524
1.511109	12.789140
1.664141	28.915793
0.476142	10.038440
0.682270	21.035005
0.865221	26.909393
1.282164	29.941149
1.063353	23.252157
1.469201	13.116495
1.153951	7.749249
1.646527	8.903679
1.553682	50.254300
1.604463	5.619066
1.728926	14.224377
1.737215	10.442783
1.653420	71.379462
0.460064	59.334690
1.418677	29.043785
0.284615	1.392733
1.599139	19.529905
0.445576	19.857867
1.972686	11.005127
1.405110	26.992505
0.722373	53.143429
1.187962	32.588771
1.725579	34.579474
0.718581	26.910606
1.290253	52.978953
0.151316	7.726866
1.666945	32.928222
0.745946	20.900669
1.064791	42.864848
1.280535	30.051458
0.649195	17.460958
1.881929	10.876485
1.188753	34.231516
0.812639	28.640688
1.586132	44.238712
1.830640	71.145392
1.859738	53.418319
1.131934	22.758325
1.021812	23.551346
1.886040	40.021552
0.419757	53.524722
1.609391	38.850198
0.713842	16.008658
1.183789	65.330425
1.925067	90.745085
1.356189	48.663649
1.270407	47.524588
0.447822	27.111215
0.890042	3.231699
0.142887	9.205785
1.800543	63.541573
1.450899	9.453259
0.591630	27.927081
1.028069	34.150470
1.702116	41.569888
0.639742	38.284647
0.809986	87.411088
1.297141	29.956409
0.649370	11.986846
1.057895	10.721615
1.970923	4.968892
1.300776	9.601000
1.535577	18.828502
1.478369	14.961769
0.777111	23.841794
1.755602	28.016814
0.600579	32.156088
1.873871	62.801984
0.784911	55.772178
1.926755	21.565270
1.681511	216.419777
0.701301	34.382635
0.680587	85.905088
0.511177	14.022850
0.839553	24.461355
1.472141	23.390730
1.265733	16.169179
1.404029	51.966554
0.339432	24.733281
0.499189	15.139507
1.521259	45.259591
1.758383	35.649209
1.021750	65.225101
0.692550	36.018889
0.940755	33.562587
1.102884	85.319812
1.428988	22.993000
1.098982	1.596509
1.835087	4.914852
1.086349	44.379778
0.721190	13.735136
0.841245	10.891030
1.183285	33.060573
1.657853	23.758310
1.791804	20.339051
0.728582	26.854539
0.149650	22.239336
1.791807	27.952180
0.806362	2.550685
1.717860	34.487372
1.311028	3.393003
1.090793	27.139163
0.653092	12.861643
1.491441	40.971627
1.712470	43.293956
1.177164	88.988289
1.154958	41.206023
1.616565	10.116722
1.235631	30.949085
1.662653	18.348108
0.423898	19.936010
1.773471	46.995056
0.864532	54.594112
0.697834	35.872464
0.344335	20.158355
1.736985	4.363601
0.442707	14.361310
1.926251	63.375127
1.331970	25.141221
1.531312	52.844088
1.571314	7.996575
0.915300	28.818796
1.694515	36.168309
1.913129	34.569077
1.037991	10.093945
1.738955	7.059020
1.641993	19.470398
1.368736	59.510782
1.034518	23.388438
1.107695	40.769284
0.939549	26.639299
1.124555	6.541100
1.983099	6.818749
1.027979	46.593124
1.481695	13.004886
0.958838	50.995440
1.185511	17.414602
0.509212	3.094960
1.628622	45.144416
1.475002	27.370961
1.003049	59.633205
1.272498	21.527312
1.796196	5.093720
0.391160	10.510583
1.887566	89.714154
1.191745	16.298059
1.776618	98.760162
1.779461	42.180819
0.438394	9.763106
1.656530	22.735278
1.582700	33.349480
0.386717	18.414644
1.904015	29.076629
1.435554	28.436983
0.694602	25.567853
0.602888	15.817803
1.327708	69.920001
0.438771	16.486243
0.688490	111.470375
1.916669	8.634355
1.600623	37.188881
1.404234	28.108940
0.771896	28.679562
0.789265	28.747807
1.154164	26.499638
1.614710	20.656373
0.156456	3.778800
0.390599	48.577128
1.792903	229.448188
1.706184	6.131180
1.525314	40.256411
1.234755	8.288003
0.649742	8.269325
0.555161	27.857416
1.848217	19.505387
1.057610	10.947205
1.526875	24.491857
1.169796	26.270813
1.579778	22.879488
0.743543	15.285551
1.212382	19.525787
1.048868	44.777191
0.835607	6.056522
1.380790	30.952262
1.290547	36.235296
1.229018	20.919562
1.370974	7.932273
0.644377	50.005221
1.039074	47.016874
0.966936	49.397970
1.637640	36.153282
0.358394	3.411458
0.897636	75.840104
1.868639	70.056106
0.927793	33.143512
0.663564	22.842499
1.619695	34.758318
0.403074	15.708105
1.124630	8.966233
1.769940	31.385547
1.925713	46.455851
0.842399	19.093943
0.921043	34.577742
1.335548	48.488019
0.803473	15.756619
0.661223	41.319985
1.124117	116.672500
0.478121	22.341169
1.830651	14.351813
0.982075	19.409540
0.985382	31.742420
1.671442	6.466655
0.993700	3.795180
1.625092	84.714023
0.720941	44.874521
1.278666	26.253612
1.636632	46.705274
1.160304	110.092016
0.476904	42.937701
1.588786	10.808739
1.226575	16.538512
0.953726	10.970334
1.988255	35.286080
1.802209	18.533569
0.366642	4.557789
1.374763	49.300199
1.014162	36.164814
0.365022	15.667734
0.230260	62.716570
1.360065	34.253312
0.959677	47.211658
1.538260	8.289750
1.167120	14.914146
1.633574	94.241956
1.704648	7.134292
1.469349	84.943473
1.111940	23.785386
1.981230	4.751878
0.938057	54.958237
1.257205	28.840959
1.265884	29.584104
1.127695	50.061951
0.599175	17.135263
1.013181	36.835936
0.783336	16.456088
1.839519	12.383235
1.466576	27.605013
0.907321	60.387195
1.333293	25.672832
1.766601	29.196033
1.894281	36.866295
0.485842	28.821404
1.664629	10.527552
1.945352	9.493965
1.186410	35.991673
1.992715	44.643657
1.930502	51.719698
1.468837	29.571215
1.757923	18.143644
0.921631	20.949564
1.867323	22.522053
1.372142	21.615032
1.249879	19.056058
1.739438	52.626310
1.823229	41.473448
1.535159	163.620533
0.311657	10.956164
1.380040	16.969640
1.717850	8.077847
1.302884	53.372615
1.894957	38.031141
1.835521	4.276990
1.279690	68.354885
1.090357	35.529372
0.426975	14.693620
1.432651	21.945146
0.871075	7.752508
1.486087	92.566098
1.682732	51.075932
1.097791	17.889810
0.259859	16.501631
1.785330	11.791206
1.308441	6.886661
0.951118	47.244539
1.434434	72.520740
1.494962	160.479347
0.654545	30.767629
1.453203	4.223461
0.905469	43.523988
1.690175	23.011900
1.905568	65.222311
0.556195	13.770174
1.867155	65.562342
1.845173	63.741025
0.995844	18.969240
0.329325	19.529522
1.478286	65.047861
0.998685	18.957477
0.740461	46.937523
0.570053	11.007738
0.748565	36.888696
0.822523	19.463727
1.678243	38.861808
1.659920	14.798974
1.227109	23.808043
1.314858	17.564965
1.867882	59.709063
1.852421	31.896343
1.728656	50.472536
1.044853	8.317796
1.032864	17.643200
1.820700	31.453244
1.881679	33.848685
1.682263	3.595362
1.619377	21.271588
1.322049	6.885208
0.988625	35.197816
0.827998	43.477030
0.639815	35.719317
1.575669	51.378510
1.649503	70.269324
1.020537	45.892195
0.182816	5.455543
1.900916	16.396375
1.140954	34.052352
1.958722	35.378207
1.499394	27.487864
0.604902	10.838766
0.970566	82.025460
1.469074	65.508536
1.457451	68.911276
0.812991	26.665893
0.712596	3.138327
0.889130	95.409346
1.664604	26.962959
0.830131	12.508937
1.535957	21.399550
1.792728	13.326909
1.071631	9.271642
0.192866	2.700747
0.643187	19.638923
0.946463	26.975632
0.737310	12.105679
0.910109	27.164269
1.301060	26.020621
0.291611	26.271982
0.455229	13.246331
1.770532	26.356488
1.268738	5.872745
1.896028	37.583456
0.146561	16.052795
0.050219	14.293602
1.592853	8.279602
1.199925	42.187096
1.861521	12.294261
1.664135	95.415822
1.241370	51.182123
1.203330	32.908739
1.701756	45.448939
1.690300	19.784034
0.889385	30.382461
1.495325	29.953773
1.448438	13.990008
1.771068	35.976537
1.790514	42.599038
0.874954	27.643813
1.807948	17.348887
1.878594	39.068221
0.572537	31.738410
1.345195	67.341400
1.140007	3.089442
1.087531	44.476889
1.540530	60.704921
0.616981	29.545842
1.715219	28.164947
0.319093	28.413521
1.351960	20.745809
0.801376	14.514882
1.484619	46.758656
1.273372	85.285855
1.999596	60.632674
1.780767	4.220495
0.985933	32.410029
1.277913	52.037446
0.955964	72.877698
1.576560	25.177576
1.118695	74.236447
0.585801	7.372276
1.474673	153.287955
0.228484	14.426503
0.922815	25.618586
1.851005	74.105382
0.535603	60.023970
1.242061	17.909917
1.677117	25.549837
1.846838	16.055690
1.324536	4.540094
0.666154	36.122892
1.904525	88.720688
1.607453	85.517975
1.077851	7.960371
0.889445	6.645460
0.402636	25.644755
0.740059	6.537864
1.650566	28.888051
0.570199	7.710809
0.616645	8.592217
0.748392	30.548707
1.077346	28.438785
0.735663	25.132848
1.846525	37.237954
0.857080	20.669898
1.870530	36.032034
1.975490	110.361488
1.615844	145.838228
0.197258	22.098708
0.826940	3.167103
0.873369	23.453400
1.299145	15.651479
0.676597	87.445362
0.491785	16.464955
0.711642	17.599764
0.971203	30.348653
0.407721	21.752659
0.747343	11.400086
0.694575	36.506921
1.642478	5.937564
0.698570	17.397818
1.671696	45.851274
1.247666	137.880337
1.620465	19.604917
1.160995	68.927834
1.841406	69.286109
0.888678	27.454656
1.634044	58.211957
0.686545	32.566508
1.812491	22.573335
0.327552	6.732815
1.171660	155.438146
1.116940	29.787008
1.419550	4.122937
1.146768	14.041928
1.367819	31.490868
1.779803	37.415297
0.643334	41.133950
0.834051	9.287395
1.688942	76.428378
0.806129	12.376240
1.848655	9.816182
1.296256	35.140246
0.504205	32.821326
0.289359	6.318250
1.628122	41.140427
1.771482	35.097457
0.826671	21.197061
0.828252	14.319370
1.925724	71.461779
1.467787	46.054627
0.694758	22.371121
1.158325	11.332038
1.856206	4.849842
1.415659	70.262614
1.095921	22.067237
0.661810	20.503735
1.572355	36.933359
0.888420	12.186814
1.333557	63.868755
1.384399	53.927398
1.318015	55.846584
0.838076	26.461101
1.545701	70.748255
1.333764	26.007748
1.090131	29.246327
0.417444	0.974899
0.977423	81.944930
1.010839	49.939436
1.671122	54.006114
1.255517	9.529462
1.890593	53.825306
1.609679	18.080280
1.292082	20.226651
0.697234	3.398055
0.793733	31.994323
0.679946	40.935287
1.149665	29.665864
1.567121	21.158028
1.622694	34.786878
0.540468	23.161186
1.229346	26.674609
1.207699	34.076947
1.143673	10.701693
0.929198	6.033975
1.199258	16.205537
1.260227	24.874606
1.383739	31.856772
1.049640	12.125924
1.911306	13.638558
0.989422	18.098493
1.831957	16.524512
1.686545	29.480454
1.183442	32.284370
1.229946	110.202787
1.792513	35.185765
1.224584	46.003210
1.502414	47.929367
1.698876	39.919414
1.852170	6.259690
0.788639	20.286129
1.959974	19.274600
1.943781	12.571933
0.922921	94.735604
1.404589	7.039162
0.399884	5.012918
0.695174	32.544311
1.360153	30.401617
1.458723	33.538626
1.287021	31.627271
1.540369	18.185329
1.673759	16.960911
0.696401	58.214394
1.472903	57.222488
1.328636	46.729636
0.590641	8.206393
0.807077	10.700372
1.114522	19.970156
1.783002	16.275647
0.786612	12.463954
0.724122	17.826810
1.564754	7.139447
1.960665	22.020191
1.156427	39.875342
1.007216	12.814630
0.850783	10.378576
0.409509	29.449390
0.715568	18.182433
0.533723	12.592515
1.226642	48.385294
1.964556	21.721325
1.665383	1.205210
1.386701	26.640368
1.215481	12.570760
1.409724	50.307724
1.047568	56.869617
0.715513	57.885930
1.369000	3.508968
1.277349	33.724468
1.910404	38.485023
1.458315	7.795403
1.644107	18.764678
0.531950	13.816914
1.625138	4.513177
1.972093	20.591098
1.469738	47.249657
1.596608	85.241395
1.966700	60.647511
1.071097	105.163194
1.721732	32.711542
1.084020	5.499125
1.124021	8.163184
1.470851	7.000500
0.854988	19.460952
1.988232	15.865052
0.974193	35.222081
0.602343	9.531722
0.963552	21.973658
1.770885	61.130283
0.949730	57.748777
1.401063	38.728205
1.895692	48.942451
0.860985	39.492512
0.620843	5.248504
0.542172	22.873374
1.145913	28.590023
0.560034	6.856264
1.166197	21.555950
1.781381	56.429272
1.650272	24.987884
1.357010	9.684071
1.762281	40.961270
0.550461	4.753059
1.398183	39.339281
0.586261	139.075661
1.208746	9.680218
1.180725	69.738802
0.869718	55.205484
1.730477	50.302732
0.806416	49.301357
1.312732	28.185984
1.208928	46.004016
1.132719	33.062800
0.349541	24.350552
1.528390	43.831328
0.240463	10.923502
1.716144	18.496489
0.871796	42.462050
0.596046	19.840698
1.110521	92.337480
1.323826	38.389778
0.943992	16.132419
0.599992	9.042034
0.276378	13.184174
1.539005	12.372875
1.818431	17.875336
0.551065	6.574967
0.810630	30.512684
0.287025	0.508398
1.816285	65.879383
1.152517	55.524607
1.879585	24.655281
1.187691	3.207557
1.780550	3.095027
1.921963	21.281616
0.983589	7.174789
1.444728	9.750006
1.483053	43.939757
0.293347	34.890273
1.142678	87.409674
1.769893	185.697673
1.913201	31.120938
1.838517	26.576648
1.955985	52.155823
1.463098	39.109907
0.814411	45.019520
1.347625	13.207976
1.116766	43.054569
0.858767	20.179104
1.643127	38.569407
1.427594	69.044472
1.669505	35.259655
0.876977	21.566016
1.845865	40.239634
0.824682	18.157484
1.387046	51.698437
0.432731	3.210462
1.296483	62.243502
0.546731	16.198349
0.978932	9.429280
1.778226	56.338961
1.829562	41.959052
1.634790	42.431780
1.034654	23.874392
1.352587	35.252748
0.798942	30.024411
1.500873	65.834660
1.002920	55.106404
0.793672	16.761811
1.361866	6.103957
0.577523	37.374363
1.513362	58.666513
0.731800	84.822169
1.315052	60.595758
1.072994	62.434246
1.334053	6.991822
0.837165	7.258734
0.944035	26.586950
0.639779	12.584388
1.649483	14.896894
0.472107	325.954436
1.048199	13.216498
1.159094	13.090057
0.747052	13.215992
1.061159	8.872639
1.112116	37.366283
0.799562	112.627279
1.442561	9.828401
0.338198	15.655126
0.751397	18.667981
1.419973	11.900880
1.425108	9.828358
0.869898	68.114950
1.507901	17.853044
1.190228	14.418148
1.276074	291.058475
0.979560	25.266207
1.974402	99.731060
1.589518	27.243521
0.841391	24.955512
0.820956	29.249125
1.645236	51.664595
1.066074	17.283203
0.528979	19.726827
0.357899	22.128426
1.105821	16.070767
1.106968	83.354442
1.543573	26.358826
1.346719	45.303480
1.639075	33.779087
0.955868	27.552409
1.420235	22.203081
1.817282	17.693340
0.469761	11.052699
1.545966	14.767095
1.557131	22.312059
1.675500	66.609240
0.876236	32.468564
1.109730	47.614196
0.826401	34.170796
0.941120	33.446684
1.948899	28.882517
1.153899	47.422628
1.759381	10.718551
1.676798	12.356782
1.152196	8.862097
1.987251	30.405020
1.747348	44.134781
1.209578	59.509245
0.942933	30.618601
0.486552	100.261821
1.182735	25.535711
1.022668	11.542828
1.550360	110.699689
0.284002	10.985692
1.732934	61.774929
1.109893	5.958496
1.190144	15.174094
0.723870	20.109741
1.899139	29.924046
1.082019	27.536785
1.750356	17.987202
0.822500	28.845120
0.541705	7.379912
1.437359	5.475025
1.974636	82.144576
1.454007	56.127225
1.397136	10.654755
1.148728	36.463312
0.900720	16.823622
1.131478	5.944155
0.657589	4.158283
0.864256	16.092357
1.216599	27.661206
0.649059	29.198247
1.671684	9.249601
0.232256	5.127116
0.962017	21.797898
1.260293	31.393384
1.885548	14.199985
1.344759	9.288473
0.918925	4.671788
1.010436	147.773966
0.989928	17.993371
0.719286	16.590783
0.649169	12.214590
1.206493	63.746724
0.878264	53.151860
0.529807	19.538182
0.785637	21.068162
1.266364	52.707796
0.855791	20.027344
0.823000	37.508510
1.414889	43.667432
1.517429	2.933688
0.829056	16.490045
1.193759	30.656710
1.630644	28.454131
1.518160	30.435067
0.469772	29.649515
1.022763	54.817858
1.568251	1.066725
0.717516	66.710137
0.748382	30.145817
1.429042	25.909524
0.900637	31.462767
0.965462	10.606019
1.269476	7.159491
1.609453	12.729112
1.232899	39.163469
1.829404	29.666260
0.565569	16.194051
1.614854	40.902357
1.300459	137.516843
1.710209	11.407387
0.953705	96.026594
1.208689	20.892372
1.720838	15.976002
1.733448	6.087551
1.047512	28.332444
1.718680	68.490698
1.506928	7.648041
1.098915	4.919179
1.950831	35.566071
0.338372	44.714591
1.057828	17.070691
0.938489	47.319407
1.896394	37.938656
0.548494	11.158543
1.425847	2.325486
1.558251	26.381050
0.726484	34.837767
0.659605	9.530602
0.403030	20.088438
0.677555	68.183653
1.697208	92.867569
1.909476	45.588218
1.841984	80.390575
1.030922	36.808264
1.572165	56.321276
1.726144	110.640630
1.703758	16.794508
0.450478	9.391358
0.782693	3.741013
1.901472	38.528358
1.593320	26.881830
1.737416	20.199865
1.256525	42.313184
1.073835	16.357827
1.460388	49.290796
1.194832	33.541970
1.044060	11.533883
1.003663	27.346858
0.675627	54.202338
1.279299	97.802622
1.265054	17.715667
1.370479	53.645810
0.587575	16.904650
1.863301	35.977029
1.596567	18.236861
0.619983	29.345458
0.497514	15.839481
1.448018	82.446780
0.993628	26.129608
0.957945	25.517226
1.746128	29.359711
0.999365	33.998772
1.432033	99.816459
1.290698	37.097647
0.866042	12.891447
0.978020	15.513675
1.908256	22.964464
0.977596	14.242710
1.660201	16.733517
1.779138	45.813287
0.474725	9.690104
1.478107	89.191283
1.607456	19.472097
1.136309	61.054431
1.338629	42.045281
0.683363	19.153182
0.957062	20.878125
1.544789	61.638329
1.388010	102.772999
0.631520	8.354232
1.980534	38.838697
1.899629	19.743435
0.799186	26.528075
1.800722	35.958316
0.873094	9.373682
1.330331	7.667450
1.657226	82.629666
0.997691	22.154129
1.317566	9.152843
1.160990	27.619593
1.624019	147.090429
1.203557	63.127294
1.335043	8.745411
1.754741	30.652612
1.531255	26.138352
1.276456	24.259649
1.177461	51.048859
0.610914	9.389824
0.431069	17.701099
1.923596	18.785441
0.730902	18.182598
0.889264	65.402790
1.400458	4.045559
1.727503	53.741463
1.735548	29.601337
1.730157	31.585848
1.964379	3.351824
0.428970	41.771040
1.084259	102.554577
1.861188	12.216742
1.186548	45.816735
1.794752	15.699290
0.272475	71.657524
1.241975	27.362557
1.875231	3.755501
0.863205	28.731359
1.886678	2.932507
0.206994	20.982307
0.496400	4.739736
1.200783	55.502696
0.564958	23.972002
0.801794	22.938934
0.923198	16.124845
1.207782	29.392503
1.069926	14.217353
1.874748	6.259623
1.817771	105.304323
1.605657	7.146297
1.472442	22.009328
0.763784	7.075311
1.386903	42.398903
0.653718	18.597415
1.164555	7.205264
1.177810	12.175165
1.517869	6.651698
1.738612	12.005090
0.960272	19.970232
0.379357	7.989996
0.400065	7.340177
1.800260	90.198975
1.215013	85.824995
0.840678	4.203922
0.344307	14.987626
1.278333	41.332796
0.633015	5.127711
1.110502	20.089910
1.259438	24.210966
0.808121	27.500260
0.753733	18.667545
0.284718	9.831299
1.362683	28.232372
0.756672	12.978013
1.805580	98.558581
1.389801	48.760373
1.319449	47.816207
1.242448	6.915337
0.783551	10.944584
1.950355	44.838991
1.946539	53.598629
0.961503	2.489047
1.648343	141.909247
0.594354	12.822788
1.654907	72.612746
0.904885	13.464850
0.909487	11.824589
1.246250	9.453965
1.072718	6.570292
0.591190	5.077927
1.373907	16.238333
0.780928	6.345533
1.152126	26.713602
0.811289	2.321520
1.773400	20.163612
0.988130	2.590438
1.820086	10.976834
0.969204	28.658673
0.717629	13.092651
1.349486	24.052192
1.317552	13.511707
1.412298	7.404780
0.930697	24.592043
0.959418	40.205651
0.822459	47.872726
1.884679	45.830794
1.507761	12.151292
1.618044	5.045644
0.745124	10.561936
1.475828	28.552157
1.627758	23.078828
0.995132	23.378783
0.675200	12.364518
1.528795	15.819282
1.400748	37.385721
1.347976	23.624443
0.723448	15.600454
0.865242	16.405501
1.421177	65.468713
1.404379	27.922636
1.316935	3.883710
1.636067	37.180788
1.707092	53.647168
0.888671	37.262898
0.675030	6.764612
0.758001	2.319522
0.896608	35.694262
1.915542	44.052747
0.633157	25.507652
1.806414	11.920549
0.762031	38.159292
1.004559	10.484498
0.608969	21.645086
0.557841	25.227182
0.537993	15.495350
0.995609	11.120325
1.270781	26.122040
0.757342	18.422499
1.891477	43.016521
1.364017	59.919497
1.816282	43.027530
0.657307	26.920573
0.646373	33.044255
1.756592	45.378140
1.336633	3.814511
1.900901	29.212097
0.653378	7.404519
0.316356	5.872239
1.865893	13.368653
1.531543	36.209305
1.695603	7.208141
0.920736	12.548187
0.143143	7.667696
1.209855	3.665247
1.983721	5.098709
1.851627	43.432188
0.477490	7.278220
0.733257	5.349038
0.945386	50.316938
1.731318	108.910027
1.722557	31.969802
0.728044	5.039096
1.284756	17.625697
1.238134	3.728861
1.106316	12.148382
1.288981	28.193434
0.915471	8.520039
1.282478	12.449277
1.511730	73.227167
0.449934	20.624605
1.946960	48.244992
0.690243	71.361050
1.023119	74.681195
1.191487	18.094948
0.378628	31.107651
1.307482	34.353198
1.792688	46.073648
1.841347	44.881688
0.969355	8.471037
1.322988	20.530732
1.649227	18.714355
0.848922	16.840776
1.277899	1.889751
1.033127	25.977640
1.050893	32.744154
0.535512	50.175279
1.095035	51.877070
0.681531	19.592398
0.929286	52.646697
0.975862	100.838248
1.131124	28.963322
1.866452	81.817675
1.430270	32.915841
1.958513	2.323779
1.370304	19.707695
1.693032	59.728695
1.737106	27.980835
1.591958	14.662276
1.488272	9.175300
1.111853	22.439078
1.335585	70.527369
0.744298	22.651706
1.411306	23.680951
1.256783	18.309067
1.691247	30.670234
1.843751	22.443051
0.623899	9.636804
1.519662	53.851146
1.919222	53.009704
1.867984	15.616720
1.737530	48.028802
0.404772	18.567106
0.848306	5.139276
0.656225	12.311218
1.882348	20.444673
1.606895	53.860279
1.282828	121.024837
1.966504	106.136132
0.746151	13.572110
1.446010	13.073703
1.398129	69.786680
0.991973	11.950213
1.213598	21.608196
0.818913	16.345458
1.499028	81.826201
1.112348	14.334366
0.304346	13.878529
1.920406	19.974416
1.237573	38.214083
1.541737	80.568011
0.750229	12.818397
0.611922	25.639258
1.843559	2.336799
1.370721	30.072017
1.225520	33.526886
1.266995	40.457182
0.820330	13.532931
1.859763	20.413381
0.781637	4.631795
0.675825	45.087946
1.887294	9.502596
0.856943	25.143356
1.781020	52.730955
1.642712	3.197458
1.056717	12.601252
0.850887	61.073818
1.622185	24.363141
1.380623	12.885072
0.850952	32.034705
1.825403	23.510048
1.564800	21.634964
1.854376	9.753464
1.141530	57.970305
0.614025	17.232852
1.877807	39.808792
1.386309	43.149489
1.393193	4.973275
1.360819	37.338602
1.194136	66.169603
0.852655	35.178549
1.403540	37.654572
1.561220	19.741111
1.865865	4.588094
0.477840	3.128092
0.852089	20.184187
1.649058	21.539413
1.646722	29.223262
0.777683	24.847466
0.727504	75.800166
1.033778	67.938168
0.451168	14.212920
1.578922	59.155052
1.488113	52.292338
1.775172	64.979150
1.130289	34.456149
1.438810	49.620040
1.925480	35.809986
1.933272	6.677845
0.474836	60.400524
0.120397	21.898688
1.935172	72.207633
1.288083	96.532363
1.533887	26.238542
1.859621	7.035298
1.134996	8.529113
1.146344	14.130375
0.693525	8.131374
1.848930	11.552126
1.455097	32.343713
0.719096	53.583002
1.324467	31.743310
0.972495	43.181466
0.653962	18.907322
0.722129	24.312116
1.323673	6.199679
1.331291	19.540754
1.669256	19.449870
0.840629	33.484399
1.864742	38.622880
1.263216	3.719229
0.763478	27.059681
1.104791	19.854914
1.876670	16.584265
1.202779	78.677222
1.800089	94.102382
0.679457	51.163818
1.861774	11.749099
1.131153	28.715905
1.896978	76.463836
1.786616	31.060709
1.473423	11.646687
1.492650	79.920609
0.776737	14.870322
1.388394	44.550117
1.309167	16.774688
0.981997	23.016138
1.243846	7.706286
1.885859	50.251485
0.174384	18.218340
1.110648	11.322408
0.981191	26.528651
1.937177	56.634657
1.957595	43.543747
1.362891	30.124144
1.309927	13.103698
1.844805	63.398708
0.188213	14.265681
1.328165	67.793596
0.309695	13.735596
1.948341	111.243909
0.959724	5.698086
1.266476	37.075247
1.111325	15.339612
1.829714	47.610048
1.999703	10.367841
0.467189	3.263994
1.581439	17.082908
1.035113	13.307278
0.637170	32.554019
1.092815	21.699934
1.996975	11.490038
1.018853	38.473949
0.890139	20.752489
1.755692	82.782346
1.789514	88.626199
0.989470	34.686970
0.925066	28.709540
1.454514	23.051136
0.765305	21.529552
1.211061	66.715799
0.641911	5.114660
0.934935	4.358379
0.923127	30.983648
1.525642	12.604140
0.898200	24.047691
1.837376	71.894893
1.972413	85.122201
0.502085	28.076395
1.080885	8.044794
0.930213	27.620815
1.010122	7.745173
0.870053	18.305965
1.057831	34.958035
0.642058	23.161249
0.894144	20.333508
1.605274	95.382050
0.997638	106.495172
0.770117	41.958613
0.569773	20.637413
1.003865	25.766053
1.448746	40.157581
0.849702	21.650361
1.118745	41.290502
1.922992	48.319842
1.313428	12.774045
1.283057	68.380691
1.099700	14.889552
1.320081	43.463895
1.974880	22.784581
0.850556	33.593073
1.906235	28.072407
0.657821	3.547075
0.575923	25.400519
1.465524	33.255218
0.846084	34.325622
1.151994	8.364682
1.577858	12.763332
1.287376	7.641258
0.247852	18.426945
0.936696	12.058021
0.456425	8.468249
1.881045	33.458054
1.676445	29.405744
1.973703	6.974988
1.816352	30.378186
1.198545	72.264022
1.812417	25.865111
1.492041	21.916349
1.272133	14.373833
1.039226	77.243198
1.504786	39.446475
1.369534	1.333924
1.405269	24.688418
1.084233	31.748782
1.592428	56.178485
0.502829	16.078848
1.572592	12.367064
1.579525	18.218887
1.259238	39.791336
0.866573	10.315247
1.264205	43.165512
0.602863	7.244112
0.902931	24.779092
1.117003	44.292123
1.493229	75.454479
0.732196	16.359320
0.676153	20.254894
1.395774	49.101903
1.502662	36.638366
0.508903	18.587891
0.347972	1.630766
0.653896	23.781101
1.841361	116.995896
1.492339	39.988667
1.872969	13.585954
1.480508	112.123701
1.943626	31.385509
1.143703	45.693117
1.382852	6.291043
1.385951	37.306174
0.144359	15.180042
0.323059	16.458174
0.650027	28.701738
1.252062	5.003364
1.131013	40.436959
1.294676	44.568219
1.685377	16.512386
1.718749	11.053640
1.962642	47.540091
1.321133	72.780120
1.002625	20.808496
0.940226	117.240084
0.992427	3.177923
0.965588	22.030807
1.073626	63.908701
0.485419	13.950014
1.433893	46.817357
1.336722	49.622785
1.178467	13.676871
0.502201	19.038413
0.533211	22.872622
1.302640	39.526202
0.361790	1.778203
1.570529	31.597462
1.989855	13.557699
1.380338	7.807813
1.568485	9.272288
1.143747	93.055582
1.484535	28.433160
1.461218	47.725871
1.721597	151.858306
1.550304	37.810159
1.607137	7.514502
1.319778	58.191011
1.212303	33.913426
1.173587	4.467823
1.072229	8.671119
0.871181	24.861413
0.348585	16.602103
1.490035	73.467481
1.841258	54.450375
1.887989	31.697499
1.355318	29.888961
0.535510	9.729829
1.806262	20.200726
1.605164	13.410977
0.846479	3.611407
1.690052	42.980222
1.193559	14.230037
1.820246	46.518981
0.839990	27.017633
1.686013	7.837623
1.551161	43.307998
0.252480	53.686015
1.329730	43.794295
1.556607	13.045725
0.672640	24.641623
1.282998	82.882040
0.933839	20.403130
1.527669	18.670190
1.295257	45.116561
1.416081	6.277288
0.478936	15.291931
0.634489	7.909017
1.313021	20.757827
0.720810	4.103040
1.233499	66.229320
1.518347	14.290408
1.699595	22.451539
0.645363	236.230386
1.596299	28.181459
1.027622	18.971792
1.501746	12.794487
0.650067	17.610141
1.258093	4.326754
1.742374	22.736936
0.565079	1.846728
1.727126	32.479190
1.164630	59.084940
1.720336	7.527716
1.932606	53.749890
0.679100	12.971222
1.495224	25.749166
0.818409	9.790676
0.629763	11.689092
1.425934	32.279213
0.568703	25.515587
1.183295	30.025124
1.437647	84.838869
1.234903	35.727957
1.528893	2.859478
1.686787	160.382806
1.796234	42.667519
1.324587	48.164434
0.888864	34.090418
1.249873	58.547353
1.065577	34.814128
0.802372	15.981450
1.278784	102.055995
0.299819	13.360115
1.392458	46.691486
1.717769	40.598911
1.999079	23.336717
1.874004	61.132337
0.524714	65.360339
0.684593	30.815541
0.636272	23.508284
1.322327	41.694749
0.396466	56.149407
1.898358	12.210403
0.447931	7.048450
1.071060	12.641341
1.830257	63.539578
1.916551	42.135244
1.183473	29.702474
1.218164	19.979564
1.437978	19.267364
1.096180	24.316897
0.966915	42.978673
1.592597	59.499421
1.377295	32.926375
1.208044	61.112101
0.551704	20.886129
0.468546	8.470420
1.251593	32.207780
1.413068	36.539234
1.469762	45.030790
1.831704	19.450225
1.709500	46.140123
0.640699	10.791150
1.676112	17.297187
1.497815	22.069894
1.727662	42.951861
1.751331	19.184303
0.999978	41.059019
0.866549	63.042405
1.313831	54.438085
0.924960	21.438288
1.006506	90.654227
0.469399	38.028340
1.985924	37.785893
0.942274	26.071524
1.654214	23.319461
1.988845	38.963943
1.949896	40.686160
1.434564	35.727303
1.293058	18.678354
0.942241	14.447215
1.779498	73.026241
0.988088	31.047327
0.565763	1.546859
0.917610	10.167094
0.951609	9.193628
1.561044	10.107175
0.698508	23.611929
0.954443	15.313329
0.490079	0.793882
1.759147	26.953605
1.570509	11.534487
1.141555	20.980632
1.130237	29.967711
0.692334	9.767382
1.060621	12.402900
1.850503	57.196928
0.636300	54.561258
1.631344	43.435724
0.400775	37.212144
0.946113	23.773124
1.756879	39.587026
1.152887	18.694188
1.537326	84.637591
0.558271	3.421675
1.508464	18.334979
1.713797	12.777277
1.692657	31.171306
1.143647	13.341281
1.846269	11.359175
1.347021	14.362286
1.712031	13.519060
0.780239	3.420796
0.774457	26.433287
1.615176	37.276937
1.453551	43.828529
1.497825	3.544840
0.820968	58.014890
1.083913	28.211913
0.858305	23.868695
0.466437	52.554256
0.763057	20.019809
1.992113	2.520578
0.816575	13.094496
0.678386	32.456986
1.528604	7.002682
1.387376	59.074214
1.602545	8.214329
1.464039	59.167324
0.797202	17.342394
1.236807	114.417059
0.712187	52.249031
0.850099	31.963850
1.978696	55.504137
1.576389	37.429515
1.658444	21.250750
0.334743	26.920431
1.057011	5.442060
1.317717	38.013372
0.659049	21.816723
1.759372	31.829465
0.638273	28.129233
1.438467	4.265506
1.314653	41.227919
1.760561	15.408123
0.946324	48.392518
0.901185	24.086490
1.756066	49.319094
0.794394	12.914410
1.602588	35.038212
0.739529	15.266627
1.801621	3.263028
1.744694	22.899752
1.665475	32.259677
1.222710	85.466689
0.350764	20.842943
0.623196	71.581261
1.170409	21.991994
0.388353	29.667320
0.452829	12.055289
0.608164	9.566228
0.862470	34.757959
1.607550	39.460050
0.403547	26.400413
1.973375	20.326394
0.884211	20.717781
0.959785	31.398536
0.840459	37.063723
1.387742	20.146368
0.282604	1.408047
0.534106	6.842207
0.546861	17.678777
1.480236	92.844078
0.974655	23.793809
1.141566	82.662437
1.919105	76.023606
0.755943	20.110817
0.472348	2.214656
1.147508	4.604745
0.687829	35.636585
0.648774	8.016644
1.099988	18.760605
1.487878	31.699535
0.831823	19.086682
1.802040	62.053218
1.026472	12.047164
1.893666	54.126265
1.224091	5.683052
1.573464	57.040943
1.760101	48.737888
1.279755	30.733973
1.762127	3.563829
1.050594	6.841882
1.027962	19.261331
1.675551	32.675513
0.829097	11.388934
1.558868	64.951486
0.491438	45.393070
1.437156	10.188541
1.906206	175.641822
1.170199	19.725298
1.108883	15.456137
1.295854	18.009835
1.562669	34.116386
1.020836	26.840734
0.047696	2.607357
1.238567	19.062453
1.113927	12.791806
1.284195	40.219602
1.556273	50.162086
0.900044	43.855861
1.243306	45.467467
0.849845	13.845439
1.174535	8.048745
0.998414	11.736762
1.036733	4.730173
1.353535	28.676995
1.517721	46.420712
0.240272	66.373172
1.803099	49.635022
1.029413	44.155924
1.449045	17.561721
0.601334	13.131242
1.341794	16.174984
1.501038	15.208366
0.674692	20.539261
1.858922	12.812652
1.619878	28.097004
1.286005	16.202959
0.691736	30.750344
1.785794	26.408401
0.467872	7.194530
0.585198	19.065504
1.530549	24.324673
0.850647	44.490512
1.174492	10.002249
1.293428	122.128404
1.172861	73.503180
0.509523	4.371842
1.589650	5.859596
0.826888	14.020038
1.591245	11.443453
1.785389	53.901347
1.289656	35.776396
1.542852	21.150907
0.363195	7.001770
0.362450	72.768373
0.750657	15.276381
1.020128	14.317897
0.723858	22.491546
1.436167	8.137099
0.889290	7.176593
1.755041	29.149585
1.325673	30.994128
1.050745	42.888190
1.828856	72.809414
1.728177	80.730518
1.715357	19.367916
1.575894	46.661170
1.405312	9.555026
1.033285	41.831967
1.118980	37.066844
1.454279	22.480786
0.704947	2.510770
1.727332	31.490638
1.901034	26.215169
0.544949	60.439746
0.298798	21.216129
0.644728	18.164869
1.623570	11.407626
0.568337	125.376421
1.041714	14.710131
0.451790	27.042990
1.134091	29.369271
1.389924	13.340132
1.426569	10.113385
1.263666	13.895449
1.900137	40.236549
1.281863	54.359809
1.775969	22.708548
1.988629	31.900254
0.809076	16.802863
0.870355	62.315909
1.268067	40.278089
0.723092	31.945175
1.330905	53.484684
1.509907	48.047264
0.443568	59.952224
1.505427	19.479614
0.678731	21.086148
0.926116	15.651314
1.591665	34.919186
0.686879	3.885481
1.282677	11.232383
1.368111	7.311531
0.688388	32.742080
0.885794	32.023135
1.393794	49.992823
1.177321	15.672301
1.473446	39.356896
1.768944	3.963584
0.628661	7.430101
0.473581	37.028573
1.483511	47.266049
1.639871	37.049358
1.159411	40.466317
1.075147	56.279341
1.379395	34.855336
1.312077	20.811290
1.220765	16.868877
1.713312	220.988653
0.706159	22.159048
1.505149	31.949327
1.595485	51.693850
1.841794	47.778024
1.911305	24.675275
1.247194	2.508658
1.135731	3.779558
1.241289	56.370088
1.582266	13.561285
0.269600	13.911438
0.707397	12.657310
1.851831	16.502230
0.747473	9.935876
0.806865	32.326036
1.902301	14.567199
0.917907	65.404758
0.911632	34.309795
1.877225	90.970340
1.046105	9.731904
1.226404	47.780083
1.325382	23.953480
1.790051	61.092565
0.492749	7.131694
0.862486	7.455210
1.364892	106.684337
1.137205	28.863109
0.891600	9.519496
1.099240	11.947700
1.945246	25.113038
0.291353	15.374748
0.653537	13.628631
0.278257	10.737108
1.374381	6.647967
0.242241	4.106147
1.166509	57.871302
1.775904	11.793793
0.543043	35.246159
1.030719	18.792697
1.050619	36.164821
1.026170	38.196127
1.574554	4.437839
0.163091	8.931630
1.654049	23.999848
1.744659	241.618159
1.132433	5.596291
1.819562	118.227949
1.055320	57.723467
1.525377	48.588388
1.067327	36.882112
0.366723	7.767881
0.508304	11.747747
1.148454	89.560925
1.983862	104.393745
0.713934	16.520551
1.832792	4.655403
1.870382	28.410818
1.099250	51.427739
1.178264	40.828038
1.239665	63.956449
1.639511	24.622870
0.604267	20.300552
0.973248	75.715170
0.700758	17.588849
1.805871	5.447461
0.473257	1.335011
1.605102	63.022086
1.144965	66.979751
1.555209	28.678711
1.823858	50.609688
0.990723	29.598347
0.804263	4.902628
1.458890	71.162515
1.995963	17.122807
1.577637	117.810881
1.677933	30.297519
1.428574	24.421558
1.035400	9.119349
1.465487	13.673680
0.614783	12.289935
1.218742	4.675270
1.344174	20.324695
1.850385	22.453245
1.870897	100.012672
0.442735	18.418707
1.431585	15.785733
1.679107	10.461896
1.289767	8.866603
0.539288	11.683012
0.814288	33.555944
0.949274	26.136229
1.477650	81.816878
0.459046	22.986446
1.309352	85.620505
0.570911	23.265893
1.077005	123.474315
1.123471	7.963817
1.163227	14.924669
1.549598	44.485756
0.502442	19.306301
0.874890	13.990784
1.445351	6.759037
1.908852	4.052653
1.415099	12.514682
1.813621	82.600933
1.948734	33.013639
1.814464	17.487991
1.954869	17.135095
1.649599	55.073520
1.819561	52.960317
1.222680	8.416129
0.999831	8.076575
1.999528	13.092148
0.544393	10.729452
1.932302	3.918864
1.131540	17.180263
0.298426	38.378104
1.689243	8.728852
1.151729	10.804890
1.682617	26.328285
0.392523	17.433018
1.958003	49.412031
1.489949	14.254410
0.403594	16.101393
0.166206	9.711574
1.375280	23.656526
1.961808	27.374818
1.271239	43.272931
1.013106	23.459611
1.901442	72.171743
1.973885	74.562185
1.660934	32.480477
1.560186	205.671487
0.124333	2.287156
0.949336	8.267174
1.879555	23.576221
1.035326	25.759139
0.982682	35.591705
1.290856	54.715647
1.157117	55.349226
1.775285	26.466598
0.503762	5.186295
1.471608	57.599611
1.529074	8.001121
1.808528	89.058065
1.108608	144.795294
0.919091	100.038571
1.423670	63.218780
1.570734	25.824222
0.701294	17.959827
0.676139	11.790453
0.867111	2.388405
0.840515	20.701449
1.609564	23.898511
1.281218	21.253838
1.306633	6.248809
0.254193	19.847092
1.990635	36.098879
1.730377	14.486669
1.150894	18.898353
0.462845	11.327184
1.524725	40.517420
1.287681	5.470608
1.499662	24.322756
1.499720	7.963674
0.669279	29.418089
0.973523	13.173324
0.273084	3.393959
1.971142	17.888734
1.694526	80.061478
1.885327	3.659746
0.390083	13.910548
1.235972	60.173558
1.604693	37.132490
0.558657	60.438148
1.649668	82.701107
1.454843	18.515743
1.975510	12.894369
0.640915	4.763633
1.427711	55.083101
1.914559	38.945176
1.599004	17.526876
0.985166	40.278625
0.594365	38.692358
1.941258	190.630065
0.477157	22.086001
1.959655	62.840012
0.932921	5.825315
1.777638	9.385367
1.316324	53.664972
1.859611	16.888430
1.125084	43.823978
1.761321	29.234105
0.824113	39.650335
1.185652	54.404318
1.755895	20.808497
0.592378	24.721708
1.576320	31.327446
1.140624	8.743221
1.255171	42.983414
1.353046	73.783908
0.887253	8.124102
0.541008	62.125299
0.278281	3.818480
1.131612	11.509801
0.875941	3.936636
1.433146	17.860929
1.557214	14.713615
1.241045	15.009817
1.412369	88.565869
1.325885	12.252583
0.165313	14.660456
1.748774	38.590944
0.441014	23.405970
1.100306	23.966892
0.575723	15.595944
1.476926	54.099459
0.968392	38.730974
0.475046	5.710578
0.394418	4.002507
0.821959	20.774179
1.484314	17.499715
1.560647	41.038162
0.614524	31.261493
0.637252	16.616164
1.374129	122.274447
1.930804	29.299886
1.314243	7.357297
1.550909	34.542741
1.347676	6.891897
0.561330	47.666239
1.913487	93.971316
0.477384	48.587888
1.623521	65.163908
1.966426	14.032986
0.957863	33.816766
0.702552	21.056326
1.333949	43.263795
1.677083	61.296096
1.918307	22.141955
1.523806	72.319770
0.984731	18.298951
1.227008	24.415870
1.625538	107.219996
1.666191	68.582916
0.484196	10.839935
1.404607	10.660188
1.947064	10.994244
1.662111	38.562414
0.196141	15.286513
0.800639	18.237338
1.152925	36.557717
1.542691	32.533415
1.317714	24.841022
0.492091	16.529308
1.590848	89.562902
1.744153	12.945817
0.766357	10.078758
0.464412	3.766030
1.670807	34.893636
1.444334	34.651890
1.689990	21.580328
1.334576	5.503100
1.127997	7.690566
1.940149	97.233172
1.654041	53.584342
1.102711	7.593705
1.851597	13.023744
1.989400	24.524886
0.940563	4.580948
1.827912	248.042868
0.394576	23.530000
0.781832	51.457557
0.681596	2.622444
1.017330	31.066976
1.328673	44.637791
1.563292	26.343167
1.844161	23.511422
0.676903	25.856257
1.351934	29.620061
1.316891	13.984405
1.173222	44.273914
1.525167	27.360837
1.255389	42.062023
1.310201	3.509998
1.844992	31.140475
1.777577	8.536316
1.350524	54.277863
0.672237	21.694977
1.933110	42.747240
1.417928	32.311726
1.696073	17.381885
0.426801	1.111261
1.834747	52.247932
1.523538	26.482269
1.511455	26.149616
0.573636	8.633346
1.552593	36.364385
0.490217	24.148307
0.429359	14.404272
0.968010	43.699732
0.302434	22.491989
0.679045	66.212613
1.572543	53.131944
1.738301	19.354462
0.717676	15.218763
1.720376	11.682791
1.206335	49.610686
1.931813	51.153805
0.637664	37.388775
0.422117	5.590994
1.754002	12.424434
1.025751	14.778674
1.171259	42.366381
1.253053	68.851693
1.723253	19.398969
0.488483	17.217947
1.311587	65.334087
1.131076	52.018814
0.991699	33.997147
1.004065	4.309712
1.887764	47.345000
0.874673	39.995048
1.167418	19.778005
1.224700	11.064407
1.563117	38.741829
1.263773	32.222458
1.415746	14.259633
1.082699	3.830678
1.561241	10.003238
1.184315	3.489111
0.796706	19.473807
1.710584	43.109161
1.631987	22.274836
1.425052	21.687478
1.268183	24.188133
0.771312	18.249408
1.790162	28.485146
0.543012	39.482658
1.058632	49.758045
1.765598	10.831676
1.377605	32.764356
1.143269	53.193098
1.671423	125.479368
1.982916	8.118747
0.735182	51.975358
0.412826	126.176789
1.180012	23.968627
0.906634	31.944983
1.483548	10.840880
1.226876	13.271043
1.233965	6.608602
1.014809	14.386197
0.775236	26.847688
0.780230	27.390728
1.064471	9.978997
1.506086	27.967429
0.986750	9.152341
0.969077	24.843243
1.122627	5.358188
1.985107	431.327446
0.528287	15.011738
0.918515	6.100303
0.914184	19.579626
1.958576	159.279682
1.095476	9.814785
1.335134	28.510947
0.752437	6.589733
0.240626	32.646714
0.990102	6.176064
1.442229	21.240199
1.520610	48.552707
1.614440	66.864747
1.778186	68.444081
0.586220	3.776422
0.506646	19.672245
1.665814	8.966905
1.138928	36.681393
1.914531	27.609948
1.908722	4.098641
0.642552	68.762654
1.520137	29.893296
0.463497	13.590902
1.089713	29.667337
1.748786	8.543193
1.176961	22.097453
0.349835	9.913020
0.827473	42.060898
0.515934	13.439563
1.097091	16.983922
1.528338	19.222985
1.474007	17.125588
1.561728	48.479063
1.059608	6.159908
0.869926	23.332437
0.432849	19.936214
1.905672	15.924241
0.592196	48.482616
0.715244	8.225309
0.311485	26.883370
0.954932	102.896346
1.713530	60.182672
0.978983	2.075856
1.482401	14.650018
1.944121	23.213520
1.827996	27.189189
0.718532	21.232928
1.021415	10.715165
1.610300	32.442854
1.963684	40.507272
1.557209	23.927191
0.847844	36.484678
0.623959	33.666632
1.228223	8.278367
0.742881	2.978446
0.805341	20.564212
1.435381	8.932687
1.257586	40.661061
0.597574	8.442524
0.667155	10.190901
0.282648	32.155169
0.791298	26.309268
1.819807	90.591365
1.673977	10.392926
1.107080	37.830206
1.596382	3.084531
1.095157	159.364204
1.672558	23.212598
0.722274	25.705845
0.664813	40.421305
0.493746	8.427309
0.830022	34.961430
0.652187	6.794715
1.682548	144.393980
0.826856	69.712972
1.259632	46.231381
1.617955	15.960570
1.498968	33.663937
0.764236	34.738871
0.491397	6.667597
1.858301	40.771280
1.416878	42.635082
1.543133	9.431230
1.062997	21.333297
0.829678	51.266229
1.281091	19.611818
0.493588	27.408162
1.684590	67.990673
1.465279	46.015815
1.626195	34.987544
1.338533	48.030636
1.351378	31.835050
1.384748	27.100490
1.660438	35.958689
0.801421	96.003285
1.505632	50.244275
1.313938	82.431278
1.228146	43.219770
1.296397	12.481179
0.881498	16.508262
0.363755	40.433841
1.622450	64.224516
1.865280	5.915007
1.206684	12.302437
1.742898	27.101041
1.317728	24.786499
1.887702	25.716350
1.248017	27.272375
0.764714	10.030407
1.792909	36.863248
1.685042	112.546197
1.081442	74.382771
1.749098	23.749017
0.212056	26.390939
1.684240	8.516181
1.515369	23.186619
1.053217	5.098344
1.671767	58.367821
0.610688	16.014448
0.761926	6.095388
1.285499	44.598540
1.809957	30.071954
0.618137	29.158230
1.331118	34.206060
1.613313	8.306715
1.598526	33.840770
1.425753	14.291926
1.904627	28.927857
1.208742	21.906616
1.808734	57.102572
1.413295	6.306937
1.589638	63.874234
1.182783	12.053443
0.694769	11.487934
0.571284	77.499355
1.506826	37.874308
1.048264	27.417535
1.335892	71.984883
1.602600	14.498518
1.663979	15.111497
1.249871	40.294981
0.950653	21.318133
1.647832	43.433306
1.107939	49.036055
1.897941	127.554332
1.722338	39.038412
1.603911	35.935634
0.829053	25.454954
1.026961	30.359772
1.760045	11.421519
0.302283	5.367715
1.656339	64.979559
1.090848	23.026314
1.683631	21.156709
1.313471	25.453548
1.275419	8.997199
1.535673	4.101691
1.694324	31.615064
1.523477	20.623790
1.161533	40.407664
0.960806	11.135989
1.754853	54.434367
1.266441	2.323629
1.659373	8.574853
1.993014	62.893673
1.449458	19.732315
0.891708	27.498429
1.785803	7.910998
0.883950	16.688286
0.861719	72.302197
0.482816	70.205573
0.495420	44.404716
1.780765	28.660007
0.810797	9.139506
0.570340	9.489260
1.011059	8.221779
1.553616	61.652319
0.990674	15.704529
0.942247	21.090611
1.217616	3.930094
0.292244	9.297215
1.222115	9.125352
1.983737	31.000445
1.683630	71.124430
0.473183	20.173380
1.465752	49.696528
1.177191	18.758644
1.724919	23.148444
0.546253	19.775784
0.814288	18.810740
1.671088	42.726710
1.760384	49.176963
1.279154	11.470983
0.284105	2.436964
1.829857	31.273367
1.057986	39.394212
0.373746	3.530342
1.713476	13.823670
1.112087	41.591582
0.737378	23.711916
1.687042	44.719882
1.172081	79.911682
1.395794	21.134670
1.720105	246.071025
1.268890	11.299307
0.574479	40.219680
1.941250	12.808373
0.905228	21.572666
1.990622	2.955339
0.182632	20.362173
1.211214	68.961566
1.540689	37.534396
1.849678	9.920075
1.654615	29.646550
0.853646	42.147154
0.832601	24.671267
1.017320	11.855423
0.574622	31.738797
1.487761	4.372394
1.905165	39.118689
1.446803	45.301844
1.285192	12.929693
1.240454	25.719404
1.373217	3.769688
1.549212	28.540892
1.676981	6.460248
1.530769	34.190595
1.540834	16.062335
1.921926	2.504104
1.838710	7.899698
1.721339	49.459805
0.387318	51.980332
1.486707	56.322759
1.167963	31.027499
1.410344	12.438603
1.512738	23.986896
1.555281	74.158817
1.791834	76.915664
1.855503	39.821056
1.394336	36.642448
1.830563	8.077760
1.630727	19.019190
0.760843	13.924481
0.356744	9.374841
0.219126	9.739003
1.364321	3.427550
1.267656	42.731181
1.527843	18.960998
1.750516	24.174468
0.688554	2.780996
1.771608	73.153821
0.545176	105.090330
1.813429	116.136335
1.762380	60.732227
1.528723	30.674026
0.927271	22.098381
0.533719	42.084061
1.651190	65.448689
0.788133	20.565602
1.146773	13.414360
1.281451	70.280360
1.511481	11.327009
1.216677	3.238650
1.525093	118.170876
1.706142	30.996992
1.552890	78.372771
0.926415	8.551956
1.830755	12.607748
1.310766	3.763037
1.183599	9.790189
1.347128	34.452923
1.210364	4.743504
1.616309	23.345105
1.116036	45.557489
1.649114	56.453260
1.623953	19.414040
0.889262	22.584733
0.539954	8.890731
1.763111	17.872734
0.697300	14.313235
0.339612	14.454646
1.088055	51.815501
0.851137	36.137566
0.792542	84.969219
0.703872	2.748596
1.607359	8.600634
1.659316	23.658194
0.398049	25.236690
1.305177	30.079204
0.628897	13.511466
1.234788	16.712512
1.003748	20.628896
0.759185	19.163682
1.916041	19.749652
1.929969	49.424519
1.330675	37.984337
0.733756	2.624768
1.359334	34.120864
1.884835	7.410801
1.050252	15.579562
0.634366	41.455076
1.523830	28.179049
1.467909	70.565588
0.108109	30.496080
1.767219	30.115847
1.474588	31.280468
0.747960	40.800250
0.145970	19.862408
1.955020	35.539382
1.615657	13.366373
1.030527	16.815891
1.134441	4.157661
1.293355	14.863752
1.561258	28.756064
0.705062	13.733944
0.748016	150.354104
0.404529	42.728166
1.976872	57.863823
1.801426	18.148485
1.314313	1.133235
1.130629	13.738088
0.822476	27.009116
1.376737	19.757602
1.519067	41.334344
1.517080	46.543270
0.187090	52.172791
1.536344	25.483848
1.787074	100.686641
0.584621	173.062798
1.616713	19.919672
1.720285	20.664367
0.888099	8.564495
1.551455	35.857567
0.541944	9.706431
1.457390	35.239266
1.250868	23.481139
1.761396	51.579064
1.163423	86.027387
1.127326	4.634580
1.893246	39.615093
1.894014	48.060505
0.358345	36.650616
1.213874	83.737846
0.681686	63.518489
0.884006	18.805182
1.482636	11.408648
0.616376	25.667081
0.230058	50.941493
1.574045	82.428835
1.445671	10.929493
1.843941	15.529555
1.298484	8.566221
1.911674	21.830337
1.398028	42.192525
1.064748	6.851140
1.396766	80.941758
1.607334	77.483155
1.003137	81.779209
1.042141	13.417817
1.428693	144.145076
1.168883	43.242365
1.275667	74.210055
1.970849	30.381997
0.388810	19.459965
1.455436	12.949937
1.875918	5.254422
0.820346	21.200652
0.777671	9.631535
1.027329	14.573768
0.483207	18.350221
1.325199	12.513180
1.451799	70.257608
1.715128	48.168142
0.460792	11.046519
1.139585	22.205016
1.660511	34.325454
1.636314	19.588137
0.481995	133.491624
0.231008	15.391798
1.659171	13.733751
0.634872	23.221476
1.351201	6.315020
0.535781	20.625202
0.919916	7.764006
0.675887	19.504322
1.588020	15.716250
1.492468	69.441852
0.629236	7.819711
0.440300	28.297475
1.185042	22.239893
0.747682	6.328434
0.203938	21.950847
0.868236	12.843868
0.783432	13.219162
1.510759	78.438976
1.778496	16.959105
0.822821	29.674142
0.797298	11.829528
1.065697	9.438723
0.704343	20.382083
1.914048	138.806164
0.832983	38.262658
0.533510	37.105171
1.320154	20.228678
1.291509	112.453070
1.431634	60.539662
1.945988	29.887448
0.965042	77.002792
1.021984	75.238240
0.986578	11.544152
1.426747	60.053756
1.390236	72.923138
1.278396	22.424768
1.029398	5.058367
1.126649	24.908226
1.673174	11.019334
1.397929	2.879556
1.557770	25.784919
0.889029	8.549711
1.857874	13.314891
0.356145	11.944112
1.377798	121.784380
1.703550	37.152638
1.786938	91.462954
0.958751	47.283725
1.175143	21.117553
0.355042	20.728840
1.668988	44.894177
0.606126	33.055032
1.127304	41.546271
1.985022	16.458303
1.867756	6.412117
0.975452	16.310391
0.798768	7.553669
0.846959	7.936766
1.510499	12.036135
1.572047	93.178915
0.785663	49.670194
0.826888	80.442247
0.964885	34.063878
1.135031	20.443940
1.867334	22.662371
0.318664	16.866648
1.440985	69.243448
1.779795	91.909025
1.568383	20.920510
0.786107	48.255929
1.200666	60.313001
1.855960	87.988435
0.586433	41.738150
1.979661	3.254945
0.646640	26.129048
0.644142	35.046012
1.704332	38.902411
1.728152	56.426093
0.367015	16.869707
0.696105	17.519516
1.916790	29.724763
0.893362	20.140555
0.237262	18.887913
0.850955	41.274104
1.586569	17.963029
1.865723	6.491676
0.670127	17.983418
0.799709	13.294188
1.147671	33.826883
1.606007	52.000939
1.471530	88.095814
0.971492	15.997909
0.461304	14.238765
0.849117	15.969156
0.791127	18.333454
0.291466	10.289759
1.959447	88.858761
0.853212	13.027505
1.740787	5.575702
1.212822	139.205241
1.955004	15.618166
0.658803	56.727429
0.574929	4.903532
0.132385	38.837603
1.560986	9.395477
0.937557	50.371214
1.793283	137.043264
1.434448	60.416091
1.350670	33.289005
1.215860	38.851089
0.857957	1.787890
0.456430	18.105032
1.150749	10.064707
0.547689	9.151035
1.848777	32.794806
1.729667	45.378057
1.413558	44.292663
1.164134	29.115712
1.166780	24.075402
1.182307	5.173464
1.601714	16.624365
0.609693	49.413640
1.282100	25.798389
1.704036	66.052973
1.250565	6.843938
0.247797	72.679975
0.834984	96.263242
1.486285	16.537006
1.893907	67.139243
1.829909	41.556099
1.719464	7.671068
1.919411	31.962835
0.894309	39.639008
0.238404	13.093680
1.013858	18.607715
1.350045	30.793490
0.953806	16.723272
0.390344	14.690548
1.246181	38.251952
0.755309	18.649878
1.574719	87.189207
0.523160	3.773211
1.932185	35.066913
1.803160	34.645422
1.798744	14.990355
1.669179	15.540637
1.434127	63.630781
0.421677	47.187772
1.477093	23.835477
1.603927	11.329529
0.619673	7.774726
1.407604	51.073441
1.203844	18.092974
1.194209	13.667280
0.754880	15.789372
1.592613	69.034986
1.879473	114.678134
1.665994	19.653220
1.036719	16.924479
1.974248	43.721231
1.029156	11.119975
0.817240	29.990004
1.948216	22.765896
1.669066	26.821544
1.625604	21.468151
0.492372	30.611225
0.741160	29.702334
0.277473	19.989533
1.649002	15.866541
0.891537	39.198566
0.622680	6.027426
0.722170	20.222660
1.445355	7.805503
1.134838	19.525802
1.905386	41.507831
1.031836	16.224709
1.736678	9.797983
1.304662	11.702106
1.541308	10.946958
0.696796	8.935045
1.607038	56.594492
0.514092	54.452714
1.519982	79.357135
1.183813	46.455460
0.806940	5.256752
1.206121	7.412401
1.770437	19.624417
0.669249	13.682090
0.698672	24.800162
1.286120	15.887921
1.421727	3.418862
1.115330	37.942454
0.871793	49.944084
0.463743	4.465573
0.409685	7.193438
0.378017	40.503234
1.841765	18.806051
0.620825	20.827366
0.919284	52.664966
1.977031	77.945679
1.883206	28.298514
0.385516	17.265273
1.311794	35.574617
1.433992	4.245607
0.423890	19.428539
1.575555	39.115484
1.980244	13.012969
1.129273	60.392760
1.159578	29.214242
1.472499	112.040515
1.588243	83.132453
1.668998	30.893033
0.492772	47.987402
1.685680	59.719913
1.783494	24.161827
0.393976	81.661336
0.371679	13.694285
1.311240	87.998884
1.230684	19.696888
1.967632	32.819092
0.918105	36.616459
1.369633	3.180852
1.245415	18.587793
1.288703	23.323157
1.472979	22.979395
1.291472	43.763089
0.192364	15.658226
1.751881	108.537175
0.757976	2.400454
0.811540	22.780818
1.455544	208.202190
1.202172	15.101280
1.346285	14.386961
1.231719	22.870894
1.111773	14.049585
1.210487	17.335107
0.641373	17.585102
1.950186	61.622300
1.346689	22.821201
0.905683	192.614728
1.552558	52.339249
1.808517	61.567817
0.921475	57.392111
0.966676	57.907976
1.143162	73.740030
0.787083	65.361958
1.699620	55.785310
1.360687	32.037547
0.433201	34.020121
1.994623	5.952536
1.347015	30.727016
1.823923	10.305915
1.237870	41.271232
1.358122	8.717934
1.167201	42.938977
1.119224	108.992732
0.788889	32.301342
1.938614	39.312806
0.721943	35.657341
1.274820	27.361752
0.517798	17.709909
1.989201	49.022700
1.318352	10.461702
1.706979	24.545142
1.329128	17.020145
1.692258	13.622692
1.286734	63.688466
1.152873	6.698369
1.169356	22.900324
0.130069	13.523359
1.039239	26.999449
1.922263	30.279263
1.496729	88.918563
1.870263	75.374842
0.756345	91.125599
1.222245	9.697070
0.353391	2.778833
1.498934	21.094261
1.660220	18.813602
1.605249	30.057626
0.516961	42.990837
0.839848	6.611796
1.467251	150.971513
1.622188	35.436047
0.884844	6.351330
1.094044	32.719736
1.008986	31.407348
0.165142	12.946598
1.349305	49.455287
1.487074	56.158569
0.888541	4.584852
1.514987	58.268781
0.831645	5.245077
1.556601	14.523361
1.171285	50.072836
1.795748	21.318141
1.302089	14.052862
0.727382	45.015920
1.718396	24.800507
1.650568	31.041347
0.510394	17.708809
0.403746	16.216520
0.631320	16.728283
1.754366	36.799632
0.960080	31.465985
1.242547	39.897782
1.388597	11.589362
1.598720	53.359270
1.730632	47.204667
1.259122	75.543791
1.108570	9.530549
0.748409	39.907267
1.395364	21.860266
1.309734	6.895312
0.912807	39.983930
1.154728	27.695894
1.592935	28.089050
1.424442	32.681638
1.208149	80.597943
0.881692	7.785076
1.485419	74.863217
1.425302	13.336426
1.172860	7.591753
0.824354	17.215694
0.708804	5.946476
0.990308	25.393544
1.853487	4.478964
1.614456	28.710801
1.825702	23.330431
1.750161	12.282342
1.173837	30.001842
1.280831	53.631465
0.698594	26.219646
1.564634	7.894184
1.117989	38.106866
0.682302	6.224698
0.538514	22.622469
1.527492	10.797911
1.208841	36.771314
0.211578	11.299491
1.722251	25.911395
1.413114	23.584496
0.368779	17.655936
0.934821	43.011133
1.566942	45.204380
0.439375	14.894503
1.587806	39.796012
1.242762	33.874681
1.658454	45.268180
1.769752	19.109940
1.635488	2.962911
0.494108	3.747969
1.176080	33.447601
0.957444	20.136109
1.248129	22.250666
1.944536	33.144368
0.605741	10.322009
1.785868	57.274538
1.985094	2.426272
1.983742	30.557527
1.679563	12.011786
1.183908	79.569217
0.714780	29.724767
1.396393	10.996569
1.399602	42.589319
0.953755	10.118634
1.409189	15.465669
0.588305	19.195450
1.434750	9.968099
1.834585	7.555799
1.193645	27.802733
1.630638	86.137753
1.437180	23.285727
0.143104	8.912155
0.600464	4.841544
1.646243	8.066090
0.376648	21.569074
1.929168	59.710233
1.830425	22.130904
1.026358	2.544846
0.944026	52.224620
1.403406	12.740336
1.401713	18.783884
0.522733	32.395427
0.783686	29.567764
1.438409	7.871457
1.685805	20.694513
0.741120	4.834532
1.536184	191.545035
1.793470	23.217500
0.591132	100.911945
1.144001	2.567453
1.762487	27.407546
1.039196	20.626721
0.876922	25.022025
1.601943	31.653067
1.085683	11.359822
1.542755	65.048724
0.610099	4.470292
1.315134	18.362287
1.052881	24.860415
1.995603	44.466353
1.371403	52.160207
1.506579	40.046812
0.620135	8.335291
1.986910	32.533965
0.415053	8.717723
0.474157	18.026051
0.487759	2.029065
1.793666	28.359187
1.576252	36.148161
1.956236	39.214650
0.461910	17.247138
1.520812	27.552009
1.285037	11.075592
1.442383	34.871755
1.254726	3.866462
1.496386	18.622896
1.850872	52.941293
1.365584	12.805969
1.834103	7.119392
1.657395	5.987881
1.784817	26.742103
1.472356	26.316021
1.263205	9.252602
0.470523	3.833552
1.738265	9.755133
0.830374	29.243161
0.362108	9.860766
1.263899	7.917116
1.432529	52.168802
1.476206	70.072109
1.487974	25.924561
1.464112	40.292071
1.697173	25.024544
1.637923	26.683763
1.704293	4.314954
1.175912	17.867682
0.450879	182.263732
1.443038	21.161715
0.774411	34.187462
1.776410	56.344676
1.565828	102.341242
1.632621	5.730155
0.905034	25.326169
1.433330	43.304451
1.277320	10.802940
0.875241	25.267678
1.703359	43.067128
1.309855	20.734766
0.738863	71.306946
0.935731	25.511937
0.804450	61.676603
0.947273	35.921407
0.733978	28.185969
1.039991	42.590234
1.524269	40.368909
1.934071	30.109255
0.774989	13.277285
0.926947	2.413719
0.126225	22.824958
0.801279	19.095208
1.112670	26.811539
1.178131	63.750683
0.871690	39.160742
0.660368	20.979797
1.329337	26.775975
1.098548	68.245791
1.124548	24.025765
1.831846	8.031741
1.326920	6.834870
1.066580	18.913387
0.850527	97.132107
1.128087	46.116946
1.780061	18.936532
1.943405	71.798542
1.049432	38.309034
0.772189	15.194583
1.862662	55.779954
0.648320	27.206421
0.922970	16.947846
0.763429	30.865650
1.333437	34.079125
1.097711	7.715602
0.906257	11.998068
1.635746	50.815252
1.479616	79.472361
1.992679	24.033231
0.946610	22.970566
1.754313	13.342155
0.931294	11.986701
0.211943	5.596578
0.661535	20.647615
1.248096	13.011211
1.699959	33.837261
0.434354	17.176664
1.733808	22.466408
1.557419	28.923676
0.353542	8.033206
0.564761	33.537939
0.487471	26.089790
1.501836	44.641620
1.326306	87.824530
1.020870	30.514721
0.520900	16.746739
1.073721	35.650657
1.506591	60.525243
0.533715	13.118747
1.771846	26.638458
0.451148	32.531064
1.396364	66.861973
0.735806	21.020596
0.529299	43.164991
1.014793	4.588680
1.483812	5.213199
0.598372	17.483737
1.199092	34.060570
1.093839	27.820843
1.126352	32.463723
1.908614	38.512128
1.005476	16.182448
1.986356	51.186649
1.292656	21.305816
1.749979	18.026654
1.005216	80.346282
0.511812	17.544999
0.510851	10.662282
1.345794	29.082541
1.887088	33.924158
0.475240	12.875571
1.516982	37.757758
1.329606	131.557833
1.461918	34.429111
0.783963	11.612638
0.473230	13.584991
0.484998	23.541683
0.838473	76.568114
0.780561	11.600846
0.610026	44.221428
0.868925	86.627929
1.286085	50.235788
1.918369	27.885607
1.874940	19.187739
0.880687	1.651777
0.460890	26.179193
1.992878	51.977082
1.200158	21.390657
1.964724	3.193486
1.291542	47.792737
1.818314	38.839646
1.156264	22.559496
1.416921	22.630382
1.288713	18.885342
0.791684	32.456922
1.629478	18.973025
0.426110	22.616395
1.026415	44.819510
1.792577	11.358155
1.239461	7.521569
0.492950	5.932472
0.769566	28.338282
0.572544	62.138779
0.890527	30.181426
0.690259	123.375470
1.551222	38.806365
1.472618	43.202928
0.628756	17.004888
1.152898	6.458521
0.920455	15.844736
0.986856	47.442911
1.348513	12.410818
1.837680	24.695882
1.835533	30.788191
1.104396	38.438410
1.074049	9.409922
1.262267	41.166510
1.196720	8.971277
0.447775	35.453377
1.352626	24.412522
1.361512	2.013937
1.160965	8.540730
1.105835	6.611578
1.901474	13.002586
1.385414	24.535353
1.709584	16.535861
1.925306	11.054050
1.700101	41.115974
1.907915	24.663350
1.622647	5.133486
0.699630	8.374556
0.804139	18.388133
0.744629	23.412429
0.962868	14.948343
1.014826	39.904561
1.701758	26.054627
1.023983	15.156690
1.574188	67.595017
1.845758	11.677986
0.583797	19.138610
0.060563	8.177676
1.821917	24.277887
0.823890	27.827652
0.666670	3.504050
0.919423	49.968432
0.729963	7.526111
1.674922	76.592637
1.435494	13.999361
0.694154	19.498085
1.359777	38.963393
0.770580	29.858405
0.751381	47.753822
1.377427	31.270203
1.480467	3.990866
1.001031	19.432440
1.628885	10.573888
1.741836	90.378141
1.865550	28.503737
1.422925	8.666196
0.791946	27.494186
1.606252	18.067073
0.568382	15.485946
0.720890	21.490865
1.735002	45.682238
1.856827	170.831445
0.462366	21.124203
0.946825	31.073942
1.427562	55.641944
1.900998	60.072263
1.340709	3.799892
1.716829	8.917420
1.875712	20.270813
1.263856	4.453790
1.594140	3.384525
1.477073	26.560417
1.490433	36.057538
1.260912	35.849075
1.418659	18.424958
1.316418	16.122452
1.440309	20.396517
1.243213	21.901937
0.796324	29.351714
1.523722	31.465150
1.059940	16.819816
0.613032	12.389387
1.763679	39.213803
0.721140	10.242377
1.296104	29.891546
1.565003	23.593298
1.455141	29.283141
0.681492	66.245184
0.745078	67.860853
0.657367	31.616495
0.478956	12.798136
0.899850	42.667058
1.271446	44.548132
0.705101	14.748735
1.952693	19.277416
1.531533	38.978894
1.359585	30.280953
1.505462	35.237968
1.139229	51.735935
1.190407	59.390684
1.821927	30.595580
1.566240	10.250773
1.366643	64.588825
1.919488	40.756905
1.477414	37.629784
1.082483	16.527349
0.401747	12.138443
1.070176	49.615525
1.878967	21.545591
0.391932	16.196227
0.727212	10.573917
1.698024	36.162896
1.030377	9.860114
0.729724	4.971586
1.708640	34.527300
1.322458	29.957066
1.307633	31.739322
0.917099	19.763376
1.496069	20.754870
1.779995	41.666719
1.608885	21.221291
1.402654	24.103605
1.007815	53.737914
1.769079	43.803205
1.333850	25.094960
1.823371	49.597199
0.851187	5.443385
1.464967	70.968053
1.895483	647.880808
1.044561	22.061582
1.921177	42.286972
1.072922	33.217665
1.141860	29.855401
1.694498	9.163363
0.862344	13.422609
1.542096	85.068993
0.924604	9.634668
1.374936	36.076573
1.647955	7.287715
0.316930	29.118017
0.521321	49.786090
1.894185	20.969970
1.708893	31.494914
1.803674	63.658323
1.143756	6.609416
1.557836	22.968829
1.997185	7.566036
1.134051	47.567804
1.756634	111.993770
0.497351	17.473612
1.300793	34.924465
0.980558	14.647036
1.269885	6.396260
0.582710	2.475287
1.034620	74.105116
0.489925	32.984841
1.165119	11.445062
1.148070	29.826200
0.974954	22.014536
1.916445	48.437700
0.507015	23.743194
1.722810	12.451721
1.014723	9.844588
0.754608	7.362285
0.882096	9.625265
1.842727	19.277154
1.722840	24.980894
0.260947	36.247022
0.654264	16.559592
1.495908	8.449290
0.955326	66.262499
1.869981	59.805237
1.664009	11.680346
1.800595	8.136837
0.742731	25.020758
0.661145	4.253480
1.890292	45.254562
1.090913	6.402495
1.108505	52.957708
1.510177	14.238727
1.080583	17.812263
1.800833	16.140058
1.933710	72.521554
0.979415	43.379184
0.770520	27.657126
0.486583	18.598818
0.781857	7.758277
0.637950	65.902839
0.330597	14.203641
0.398981	8.740375
1.249428	33.475215
1.544979	1.416107
1.972756	7.177174
0.671177	19.760492
1.530632	47.681321
1.315857	25.398784
1.202732	40.673205
1.566091	68.162435
0.824581	20.754674
0.945489	12.754301
1.060834	51.067179
0.723125	54.137446
1.203476	25.870386
0.621916	5.660727
0.956495	15.919105
0.580633	8.288242
0.359028	7.559583
1.015166	51.926300
1.410271	23.950889
0.663545	61.504265
1.989332	9.333819
0.885074	16.807391
0.300023	59.849320
0.325711	11.160830
1.483275	47.501003
1.488205	28.769042
1.844002	11.422559
0.527297	26.920096
1.048097	8.915311
1.822882	30.323166
1.681074	40.650486
0.815544	49.142734
1.823971	62.654166
1.504562	15.405638
0.868310	21.294494
0.392551	20.853019
1.231635	10.034280
1.552915	33.666346
0.875562	37.461152
0.696943	6.235407
0.486516	22.653708
1.749273	63.940872
0.425872	7.822812
1.398163	9.712529
1.628636	36.222962
1.654836	10.625347
1.464079	8.609478
1.462731	10.109226
1.196685	48.751229
1.110013	5.974238
0.633563	47.704649
1.288138	36.753772
0.474702	4.635755
1.187838	26.959222
1.579736	62.791538
1.149684	58.561177
1.247816	42.511479
1.749553	14.034458
1.453472	15.622306
0.612718	22.529128
1.299417	12.952671
1.029786	20.239159
0.768304	9.009487
1.455538	209.816006
1.063751	18.934276
1.634803	15.035947
1.364139	12.791074
0.559963	32.805355
1.007548	16.666351
0.877566	6.636567
0.659656	93.218841
1.684962	25.041820
1.051440	16.682508
1.403892	17.726513
1.811501	124.516574
1.299520	66.506818
0.857800	75.457813
1.670391	23.290376
1.138934	38.482260
1.330476	2.881370
1.843025	16.754222
1.219426	42.494088
0.982864	13.326814
1.574451	33.255114
0.625403	27.482843
1.861404	33.012155
1.864287	21.901709
1.353604	10.938215
0.668398	7.536809
1.163609	151.720902
1.120051	4.388279
0.924481	33.792550
0.709233	0.849784
0.867266	33.849112
1.318132	23.659792
1.511877	39.070080
1.966821	37.387640
0.784351	46.175996
0.763194	49.909767
0.589399	52.388001
1.901550	7.707395
1.056571	17.034815
1.877657	62.345344
1.823136	61.963710
0.389529	5.639080
0.894067	29.694197
0.931319	10.257556
0.890052	34.025046
1.123136	2.940065
1.234420	64.770945
1.620989	150.850165
0.873988	31.870051
0.925186	0.881128
1.382119	10.176748
0.717196	19.374057
1.195336	45.448367
0.845753	37.051108
0.752179	77.149994
1.677980	4.189363
1.543972	8.867641
0.843753	25.321501
1.107677	36.222746
0.668253	4.716095
0.420832	23.807076
1.362237	65.141016
1.028211	4.614132
0.769062	20.473213
0.583917	49.210710
1.503383	121.997489
0.880264	22.493961
1.851393	40.638743
0.742610	18.898884
0.833411	87.222777
1.764316	36.569957
1.343242	18.931707
0.569621	37.013233
1.309114	39.372179
0.940388	6.250200
1.588846	54.309021
0.493340	60.838722
1.867991	31.541344
1.202848	11.254478
1.584838	46.970658
1.540278	22.180941
0.715257	64.807098
1.808497	30.404678
0.814240	20.184975
0.738452	29.031764
1.266238	87.417878
1.974847	7.204994
0.948873	16.660529
1.942360	20.127973
1.137929	62.524616
1.737915	46.575788
1.280149	10.611273
0.765456	25.330240
1.808341	44.071172
0.477332	21.841595
1.507460	8.483182
1.731871	10.196497
1.733825	72.502822
1.466463	18.722849
0.845774	54.395106
1.282652	47.775878
1.428096	16.060683
1.823543	25.178099
0.679130	86.011205
1.182915	8.884434
0.980394	19.302605
1.126744	19.805338
0.724359	43.498735
0.787334	1.973969
1.638664	56.376786
1.203108	35.911227
1.256561	6.922625
1.835774	25.756326
0.826870	23.931064
0.974257	57.277084
0.941176	24.325323
1.472337	14.646951
1.328417	49.975966
1.192863	51.665333
1.485389	5.703777
1.211410	1.735147
1.709089	55.843122
1.100157	9.338274
1.824976	8.774067
0.595210	10.185954
0.535044	11.203062
1.467063	20.953033
1.068683	8.592292
1.169068	7.598001
1.527318	56.727472
0.782173	22.664330
0.389358	40.779441
1.143677	30.877234
1.831445	87.719958
1.161569	6.675747
1.342549	19.024959
0.771081	11.293006
1.181644	37.259022
1.206522	42.746188
0.818487	40.073217
0.687286	17.874046
1.007404	47.002268
0.370652	22.320923
0.692490	45.993436
1.580418	66.846301
1.457274	30.042216
0.947886	81.871509
1.311643	2.207139
1.729753	35.221298
1.744819	42.057240
1.465088	16.968108
0.604989	200.397974
0.685522	10.833783
0.913646	8.748622
1.489466	5.836423
0.857670	2.034435
1.182183	3.418796
1.723806	5.935270
1.826807	57.417096
1.743893	21.512370
0.588060	29.744492
1.856708	32.450213
1.509531	93.244505
1.412109	18.838276
0.839878	26.347552
1.884403	46.971271
0.270730	5.556939
0.505053	24.101504
0.667147	25.666034
1.524510	26.777109
1.418162	24.345207
1.910630	3.304315
1.005401	5.964577
1.003256	9.095639
1.487703	46.839004
0.707422	40.975374
1.181597	53.193588
0.258900	7.918835
1.372365	17.615262
1.660181	16.932214
0.762717	22.684051
0.938841	60.080901
0.621858	28.097968
1.407483	31.276103
1.330749	6.361866
1.725147	31.011300
1.951861	53.985490
1.973382	55.252049
0.566801	2.399218
1.314578	28.077201
1.668819	16.713637
1.471957	11.565854
1.835001	39.432526
1.147955	20.541485
1.125810	25.896337
0.316803	17.784739
0.260269	12.414680
1.522265	47.814353
1.192746	43.321864
1.473818	72.409693
0.823831	9.505900
1.781965	60.277107
1.844257	34.400019
1.476900	69.506218
0.890805	12.174243
0.785061	2.868289
1.422092	52.223906
1.904398	21.166740
1.351680	79.367515
1.745067	1.673013
1.332807	28.117494
1.495272	35.266703
1.336329	15.334936
1.347598	11.536065
1.592330	17.395868
1.078732	8.068794
1.846043	40.157107
1.782589	146.725736
1.571320	27.155615
1.598636	35.747474
1.104731	52.157220
1.734598	46.343640
1.891374	9.405649
1.677209	55.532034
0.624386	42.060664
1.664192	23.154420
1.182392	103.715223
1.397116	30.931408
1.985593	8.617681
1.021646	74.579551
1.004689	35.241596
0.866320	22.941847
0.611690	19.524351
0.695848	31.898502
1.256742	48.054239
1.855200	39.884068
1.699790	24.733845
0.723307	19.639648
1.327287	17.544527
1.756859	20.481196
1.294295	81.675799
1.857780	11.858746
1.852176	90.552923
1.004242	17.387415
1.798862	27.551082
1.362082	9.280126
1.205311	73.070306
1.645376	108.476280
1.668761	37.505724
1.496499	18.504434
1.701316	42.064851
1.921430	20.465469
1.797547	22.060748
0.483689	56.516004
1.761670	24.335406
1.656428	16.354079
1.882041	108.345653
1.592811	20.646401
1.804994	38.800942
0.221817	6.425336
1.963921	21.853576
0.739083	31.286802
1.783736	50.209998
1.886602	46.929667
0.127662	4.274620
1.861331	31.161478
1.729486	30.885213
1.875168	87.736756
0.712645	67.307758
1.650207	26.996271
1.216749	48.989283
0.857137	11.849402
1.617916	20.403744
1.195427	30.373948
1.839562	53.436141
1.549391	56.168072
0.637322	9.274103
0.845375	35.241239
0.868674	8.624671
0.997644	24.283222
1.483099	19.462595
1.830828	97.734400
1.374832	16.483955
1.611300	36.997371
0.954234	64.678012
1.268954	48.009080
1.241614	18.203497
1.534875	36.953157
1.262241	26.350574
0.982166	35.765932
0.833638	2.335423
0.852082	59.509271
1.968908	31.526317
1.018711	2.885147
1.694739	42.534499
0.475649	7.329527
0.524303	16.846343
1.512542	25.520260
1.171318	20.049293
1.809123	69.981849
1.780608	23.396034
1.617137	236.789324
1.708104	66.601097
1.793515	128.909351
1.659548	31.434492
1.275546	6.789150
0.869032	14.850894
1.665352	17.380680
0.955798	38.786477
0.835203	24.202722
0.702625	34.566233
1.424604	18.955450
0.831181	13.134578
1.045711	33.936733
1.546885	28.636750
1.675193	48.010468
0.951075	31.801210
1.750473	21.591474
0.436051	15.102662
1.977000	14.355074
1.110271	46.276457
0.967272	9.572338
1.877173	17.065649
0.623033	54.310490
1.019215	49.268546
1.020937	13.683439
1.121656	28.067620
1.759051	41.809736
1.760666	27.848341
1.371768	5.823252
1.986567	24.445001
1.752579	120.813371
1.504940	24.150946
0.754873	25.816819
1.309516	12.262948
0.781041	62.736460
0.929913	5.368470
1.512112	13.547121
0.726943	18.925516
0.527296	12.959430
1.282472	34.599417
0.094712	1.548535
1.397437	28.055424
1.841857	14.297635
0.737848	11.405732
1.057992	66.340122
1.865586	125.504248
1.539092	86.884297
0.629254	29.849842
1.056796	56.244610
1.617649	10.725053
1.480602	28.851626
0.671134	17.752296
0.449871	11.246380
1.505831	46.173163
1.397596	34.010014
0.440338	19.026651
1.959079	16.820866
0.848229	30.960612
1.063012	44.387014
0.714011	18.361722
1.728423	25.008423
1.939329	29.838640
0.779964	28.621684
0.899678	10.075595
1.543061	42.599770
1.277030	43.895973
0.561876	3.391896
1.885026	24.947761
1.400759	4.822183
0.929266	16.765388
1.220215	17.199897
1.235823	12.184168
1.273351	9.057248
1.231430	17.932401
1.327441	33.938089
1.074291	2.736292
0.651872	20.658870
1.480312	38.836686
1.673142	37.000101
1.747716	49.794949
0.296194	29.629133
1.091573	7.760386
1.964946	49.198545
0.450114	5.378001
1.662564	2.928285
0.609493	19.225234
1.722441	6.610298
1.491716	7.268691
1.570897	52.092096
1.963138	22.894589
1.902332	14.636104
0.934314	7.772026
1.046313	110.223024
1.095481	53.126058
0.719676	9.167288
1.055468	28.242016
1.965896	126.141127
1.219856	98.356241
1.923316	12.114812
0.475907	23.605119
0.372251	35.019309
1.347548	94.595734
1.587808	63.364503
0.787384	11.616429
1.240468	7.338499
1.797318	44.365119
1.626332	28.950405
0.812692	17.986739
0.982511	16.384658
0.936612	31.520293
1.562580	60.151229
1.948372	37.180324
0.894575	6.357366
1.366812	27.985647
1.981362	40.829511
0.674974	21.262253
1.472105	119.860950
0.978573	32.935323
1.986420	30.473509
0.570533	44.393069
1.162351	35.236761
0.852536	44.180426
0.341748	7.685033
1.940985	13.462870
1.336916	38.237319
1.534467	20.717634
1.414322	47.885586
0.656603	24.731051
0.700483	47.709290
1.423498	36.388659
1.653812	22.987905
1.400639	17.259939
1.340187	16.797487
1.602469	7.902979
0.833124	18.376253
1.580859	9.193888
1.101649	12.579102
1.494448	30.160259
0.885686	30.646452
0.633794	30.404764
0.330770	8.161244
1.689944	68.323695
0.750301	11.782776
1.028056	12.590495
1.637154	21.340776
1.160731	27.288084
0.787544	9.773638
0.746232	5.592802
1.096633	43.722090
1.332466	75.029010
1.072753	46.782296
1.846945	4.732491
0.155077	10.579803
1.087573	29.055016
1.597743	37.245648
1.825421	4.403672
1.020157	37.398449
1.493759	22.898244
1.355002	59.706704
0.758667	27.075837
1.504753	67.030901
0.843330	37.898386
1.660055	20.402907
1.786339	56.449500
1.203177	8.466149
0.423924	18.701002
1.589466	19.092005
1.186364	96.174643
0.536455	35.212867
0.977221	26.404232
0.911957	9.473358
1.572894	25.440475
1.121208	4.882163
1.364951	18.244176
1.237095	32.079436
1.569728	9.965165
1.560390	59.580803
1.158631	42.288490
0.628660	1.747829
1.096543	26.908632
0.680057	26.095301
1.933843	16.899592
1.919379	5.267151
1.170530	28.357551
0.323855	24.367615
1.045426	44.063506
1.832025	152.633793
0.907661	70.646995
1.416857	36.939803
0.726034	44.540976
1.723249	71.227905
1.827001	23.460486
1.406658	15.754782
1.419508	43.654039
1.051488	18.017931
1.543925	5.402532
1.203236	36.446313
1.601750	2.946318
1.948905	12.881704
1.718957	2.958524
1.261306	23.054783
1.965675	40.347014
1.394713	42.796921
0.456972	5.475229
1.578932	22.299982
1.715398	42.546921
0.628249	5.599736
1.502280	11.050779
1.872795	19.888393
0.846505	61.898661
1.361923	111.659611
0.885472	7.087182
1.645592	32.459908
1.355464	33.434772
1.127296	79.430287
0.330008	2.670982
1.910823	15.165941
1.232078	50.605745
1.690917	8.531107
1.072050	55.117511
1.760236	47.735243
0.679866	73.208351
0.812133	19.000151
0.980799	14.706191
0.521621	10.549227
1.151161	18.354186
1.214412	38.499458
0.584357	6.675102
1.125813	17.943995
0.750903	42.913662
1.800865	10.836392
1.249324	88.538717
1.922299	16.892972
0.993516	28.320482
0.993458	20.936148
0.989221	7.334121
0.874961	42.256335
1.660556	49.606595
0.898972	29.055878
0.907648	74.978784
0.399808	33.036582
1.943826	48.561574
1.818209	29.377238
0.915014	97.793707
1.266428	42.126044
1.209653	30.620733
0.519349	48.755774
1.281954	33.839885
0.581008	31.658381
1.136412	38.352036
0.519607	17.687830
1.367726	102.680875
0.407041	18.445695
1.426448	62.423985
1.544116	11.717478
1.340913	44.430006
1.189780	18.666666
0.444771	27.807774
0.230687	16.414872
0.995093	8.796375
1.640796	79.696785
1.454508	1.735460
0.607677	38.509053
1.515218	26.358677
1.346932	70.584960
0.693020	21.046701
1.616599	110.173470
1.731170	24.389755
0.813989	12.780446
1.437545	14.448459
1.050827	15.857469
0.437617	37.770234
1.779259	43.031684
1.716448	20.305419
0.956173	28.725490
1.282412	27.544969
1.253911	24.569603
0.713747	31.590874
0.650867	25.329877
1.752744	45.510372
1.788610	102.436608
1.571117	77.497860
0.479565	52.922484
1.854161	27.877377
1.968695	23.143817
1.647427	28.102101
1.012351	16.975966
1.093331	43.099437
1.792162	22.035696
0.894753	21.460336
0.642979	38.358049
1.719617	5.661273
0.743587	37.920829
1.851252	52.846036
1.377776	49.652283
1.317897	64.966398
1.647633	43.926507
0.265331	6.620521
1.553608	44.834881
1.381953	32.452878
1.270913	24.665940
0.787148	32.365343
1.729829	9.597589
0.845183	57.037696
1.220170	42.616435
0.675973	57.672732
1.957298	39.846912
0.745808	15.216514
1.689552	29.435112
0.866230	20.692701
0.854351	90.551689
1.117627	20.291085
1.755190	29.566785
1.514647	80.965681
1.795280	36.804401
0.400901	22.098572
1.928277	43.943493
0.491573	20.477849
1.564925	29.023013
0.768921	21.843629
1.747448	19.217513
1.780828	28.951625
1.311774	68.980626
1.088888	3.643184
1.674493	41.792109
1.799021	4.809893
1.590835	16.467323
1.850648	73.549625
1.423626	25.963440
1.489103	19.051929
1.342397	55.948014
1.217761	24.803385
1.465809	31.432263
1.326493	11.511172
1.580247	21.255547
1.893962	38.116075
1.042951	34.591015
1.101570	43.923734
0.256342	11.407653
1.275758	49.517491
0.620919	3.999332
1.557308	11.227443
1.653473	3.187055
1.567446	28.758775
1.304928	25.171595
1.286448	33.049005
1.453430	2.214503
1.316903	83.053279
1.609014	53.537328
1.831134	69.215533
1.289292	36.512988
0.574165	9.494651
0.620130	5.775140
1.047400	40.787598
1.229917	7.633494
0.800831	7.226055
1.164602	33.281421
0.630143	8.808120
0.828338	3.858681
1.584346	32.566457
1.976509	82.706631
0.730296	40.474326
0.989829	172.382762
1.008077	49.143996
0.797789	34.980301
0.763268	5.325113
0.621548	15.592145
1.851591	16.405662
1.457629	16.090293
0.911673	27.270275
0.857823	19.541118
1.368925	15.908587
1.529122	34.036364
0.849199	23.361493
1.002543	25.969922
0.911909	23.994452
0.519362	17.821884
1.063790	21.973559
1.285546	51.352596
1.466563	46.664050
1.110058	62.981753
1.972938	50.992771
1.422594	55.565773
1.818665	2.791689
1.864986	99.241072
1.717455	26.577686
0.877804	76.294446
1.132151	2.860352
0.069216	14.596411
1.162578	28.169525
0.917046	19.415827
0.577738	20.831950
1.743958	36.842923
1.493547	134.023926
1.998537	26.645870
1.233047	54.607037
0.976537	14.662552
0.867461	30.274131
1.138338	4.787248
0.943201	9.442773
1.984940	58.374615
0.723877	2.163111
0.280943	12.414759
0.617910	8.294166
1.826428	28.883330
1.524173	24.590836
1.660153	4.792056
0.960223	27.365471
1.417933	18.478621
1.545137	16.492834
0.969712	9.834918
1.570136	59.290204
1.428278	9.330896
0.921096	8.189773
0.419815	3.817502
0.823212	22.969641
1.413224	28.974725
1.382750	48.690201
1.246871	159.107403
0.846588	9.855962
1.152212	58.527570
0.647508	40.023330
1.477029	23.264082
1.791419	48.074582
1.181061	45.515811
0.779411	17.105853
1.727443	26.549053
0.948366	14.861166
1.375229	9.851762
0.486900	24.396580
1.560220	9.848655
1.176528	79.617502
1.120117	25.020527
1.894921	151.214472
1.222737	15.187503
0.267068	12.743592
1.934909	13.364148
0.237068	32.261291
1.288905	49.541299
1.434138	34.092539
1.831066	20.865250
1.502164	30.484017
1.701683	18.090322
1.638775	20.553655
0.780374	5.170638
1.533988	63.529034
1.440070	13.062483
0.833747	23.191578
0.614309	27.348117
1.611055	4.203261
1.953124	30.477480
1.591116	10.534951
1.607742	8.311467
0.692984	28.271037
0.839039	22.031579
1.363042	136.541689
0.340675	31.049472
1.485297	11.838205
0.649092	35.000362
1.104968	23.299187
0.959769	109.639551
0.565135	25.067054
1.352659	23.051829
1.024597	65.194160
0.389562	60.279154
1.152036	12.713633
1.369721	84.752183
0.618802	6.687760
1.361901	145.724439
0.930510	49.616061
0.860448	21.553497
1.677720	21.372009
1.187154	78.248624
1.050503	7.192100
1.704582	22.007257
1.856060	58.708624
0.951587	30.752556
0.411710	5.342459
1.296116	63.070259
1.556035	32.320593
1.366055	12.622932
1.515393	59.452238
1.453684	38.282822
1.928762	53.148002
1.786366	9.614561
0.621867	50.910256
1.164382	51.255945
1.167643	9.799448
1.170000	10.563050
1.888341	219.843846
0.970950	17.068024
1.405399	59.547991
1.833942	23.230598
0.412179	33.478752
1.806089	52.950328
1.631239	28.614116
0.770185	21.084759
0.968270	29.409324
0.944353	6.384185
0.794218	3.558414
1.441468	45.462819
1.972059	31.281673
0.692803	10.007898
0.813346	21.664648
0.911519	19.211680
1.899281	21.364861
1.422570	5.159685
0.778821	4.631204
1.690732	4.523106
1.875898	3.529955
1.089763	27.143874
0.704843	4.705211
0.943273	2.474123
0.786771	49.211823
0.758474	40.502414
0.700925	21.860583
1.802171	9.791097
0.514692	1.596043
1.104897	9.079465
0.254407	10.084407
0.916462	18.510449
1.543690	14.563077
0.761045	20.432338
1.997927	25.590197
0.404629	14.542282
0.631727	22.043429
1.664587	48.030778
1.960997	84.426404
1.925581	23.828857
1.681929	13.480356
1.956129	79.129632
1.747370	55.699082
0.436263	4.725466
1.754860	28.939459
1.211202	18.695929
1.170632	11.369265
0.133605	8.860698
1.414296	65.064815
1.490801	12.944955
1.670438	40.168532
0.968975	7.133863
0.613882	17.497714
1.145130	27.540928
1.026222	46.749947
1.613316	27.528452
0.808539	67.961742
0.635278	11.010451
1.145637	23.355927
1.425795	87.317527
0.896094	7.926597
0.583524	26.311548
1.144020	20.271308
1.938217	33.481949
1.946974	34.988332
1.546318	39.808333
1.649769	29.487588
0.762273	82.146437
1.045442	13.258599
1.391254	29.815349
1.609205	99.526907
0.692828	9.728988
1.171949	6.133520
0.685234	41.998383
1.433783	5.938484
1.642179	32.286754
1.735805	11.782529
1.581943	4.608070
0.678092	39.906617
1.728253	12.096023
0.982420	16.169664
1.739599	6.653657
0.845609	12.480055
1.199101	75.647073
1.349392	72.971343
0.354363	39.338012
1.845565	21.121677
1.252679	64.893442
0.741193	21.824766
0.681398	46.969207
1.513136	94.605191
0.503860	32.846876
1.145087	88.159005
1.295460	53.323630
0.814989	75.096691
0.616186	30.573999
1.221566	5.896274
0.991774	30.644210
0.639614	5.491546
0.774697	39.685255
1.191955	16.941918
0.624445	6.786067
1.896966	101.153026
1.647186	37.482434
0.968345	18.205089
0.858265	16.521497
1.799434	15.213320
1.125554	21.264483
1.781382	16.187202
1.597171	23.743797
0.530495	23.478004
1.705475	6.073919
1.294872	6.234506
1.499753	64.527114
0.790134	13.095873
0.061297	1.183115
0.981269	20.157741
0.738564	9.635940
1.138119	31.508755
0.527439	51.452149
1.831950	6.359728
0.593188	20.811642
1.630064	80.583732
1.902078	74.681022
0.656103	16.717726
1.001464	75.666022
1.579979	5.674458
1.554995	12.470626
0.364983	53.982592
0.473754	8.020848
0.596344	8.235231
1.336693	15.243665
0.426869	19.030292
1.366974	43.968706
0.995141	9.537090
1.487518	4.116944
1.657212	32.125170
1.671482	21.899026
0.365915	2.386153
1.914657	28.112422
1.364355	73.687643
1.832976	32.311932
1.406696	46.954117
1.211707	6.257831
1.577969	10.844953
0.790874	28.894723
0.557523	39.801989
0.526434	39.794369
1.760286	86.557875
1.859381	9.449819
1.706719	29.002243
1.846730	36.236631
1.975219	47.125219
1.274305	32.254453
0.667562	11.547534
1.395967	33.054109
1.013104	54.592358
1.001419	37.118588
1.575076	40.093918
0.526818	16.110949
0.365513	31.376738
1.526203	28.026295
0.862273	24.689565
1.062207	24.175544
0.939588	5.183651
1.406244	18.713398
0.668839	37.135357
1.564207	23.590238
1.879159	28.486519
1.740128	24.661585
1.850838	24.658364
1.898483	107.430081
1.041845	5.995477
1.678113	29.412017
1.227724	3.548439
0.877449	56.675778
1.603859	35.861475
0.834018	25.945611
0.572500	29.461558
1.540215	32.550269
0.906895	42.619732
0.936818	18.676452
1.810108	11.184092
0.629731	21.730434
1.631068	74.677012
1.063303	30.002761
1.828750	91.595786
1.145877	9.961687
1.098294	28.279651
1.130011	6.219767
1.742572	33.269383
0.224149	27.121267
1.540581	51.850020
0.765418	10.176222
1.811678	68.032955
1.047413	88.999381
0.989606	38.757531
1.552234	5.269205
1.567007	29.469003
1.434308	35.853494
0.975110	6.755925
1.399573	9.091370
0.424379	1.440943
1.927454	28.299970
1.164544	27.574888
0.934486	11.875090
1.778366	20.892655
0.966135	69.092279
1.995388	50.091207
1.519201	42.846767
1.457935	69.606635
0.663477	7.621454
1.398845	34.821362
0.670063	12.027489
1.659592	40.231447
0.635764	2.258999
1.020830	27.053919
1.200645	24.248132
1.692577	44.573674
1.432893	10.068040
1.605500	36.153097
0.833753	8.459752
0.822170	46.384546
1.054673	31.540310
0.278403	13.498674
1.731787	13.476282
1.038174	66.325092
0.464788	2.050508
1.796186	44.433990
1.947799	11.617110
1.453475	19.051439
1.017322	43.469534
1.105518	8.938928
0.854541	10.165451
1.550207	5.494735
1.016515	107.493157
0.345135	11.908830
0.397256	90.148420
1.406108	25.257734
0.911535	24.740528
0.696662	24.711124
1.313431	5.701530
0.891858	62.430741
0.481149	22.864869
0.744050	8.609795
1.650915	55.442712
1.764745	485.569612
1.796080	18.922549
1.287363	34.803404
1.920672	30.910666
0.663098	28.357033
1.500884	12.223530
1.539678	24.780563
0.420887	6.815367
0.898488	15.987430
1.917623	3.077413
1.622246	41.221836
0.425752	28.871856
1.296230	54.425624
1.456511	47.707215
1.956285	70.474019
1.557960	8.737491
1.441665	44.015721
1.853191	19.366349
1.474872	43.694064
1.890598	25.165783
1.224661	19.226501
1.561164	41.565507
1.431397	62.870935
1.313671	48.910396
0.966011	75.027980
1.845697	42.790067
0.877903	22.096369
0.678577	29.768020
1.551371	42.190274
1.304792	33.922001
0.865862	20.344424
1.793209	85.410890
0.904680	8.228989
0.453749	9.983834
0.258476	20.593542
1.875870	50.593772
1.087828	10.095617
0.780292	156.988076
1.335326	38.849794
1.217347	19.302992
1.999743	123.080551
1.821676	166.397765
0.879668	28.447065
1.529852	44.845748
1.064786	16.247508
1.029572	5.007607
1.033727	14.242312
1.442560	16.159316
1.292051	14.015282
1.616218	8.341317
0.665759	24.690135
1.123275	14.486548
1.777657	5.852584
0.144761	2.375016
1.419106	73.320004
1.662843	7.811002
1.059667	51.496334
1.814012	60.347793
1.586960	89.576172
1.393176	10.643665
0.752789	6.321089
1.488554	2.685873
1.736512	12.422926
1.578241	34.400775
1.346845	88.397758
1.555168	65.254381
1.962438	18.063488
0.226463	17.186390
1.479335	31.761606
1.673915	5.738439
1.442019	10.228170
0.882984	26.531765
1.719544	38.580208
1.860732	24.410901
1.508583	20.892265
1.251905	35.741370
1.032503	8.418215
0.975505	6.678361
1.568179	45.968177
1.394774	11.733939
0.673519	8.749597
0.641396	23.941352
0.474897	34.605772
1.508593	148.769337
0.950432	31.244345
0.287098	53.595562
0.987610	3.176488
1.733966	10.012140
0.840079	9.495036
1.434067	55.090889
1.144859	50.433529
1.308275	35.050414
1.377911	19.012489
1.167707	3.761072
0.435737	18.710162
1.336208	21.412356
1.080696	38.833270
0.755645	21.766487
1.834248	62.057063
1.587526	33.246086
0.901160	12.811753
1.293498	19.850777
1.940206	18.688815
0.836307	56.075876
1.914960	14.281529
1.508368	39.109479
1.296293	39.521842
1.972675	18.274598
0.981302	15.741995
0.891517	23.833699
0.990614	57.985446
1.609873	12.738575
0.986525	28.652243
0.556420	19.034303
1.450090	5.547085
0.797184	35.622987
0.159741	48.197068
0.754321	8.017901
1.713989	97.194407
1.903552	21.346430
1.476387	20.337726
0.944197	3.884398
1.140058	46.960126
0.745837	41.689988
1.809569	3.673276
1.481802	18.421858
0.510874	8.693685
1.033457	4.760190
1.292108	43.964267
1.680543	37.161741
1.872142	37.931158
0.623640	7.959143
1.737730	102.650652
0.459646	25.317131
0.827752	28.389695
0.291245	2.844383
0.453887	3.748311
0.344868	16.803822
0.651554	10.028326
1.802922	75.184034
0.900762	81.548109
1.205115	51.311769
1.216196	6.064748
1.992273	7.033505
1.029938	21.090164
0.869624	12.428175
1.940417	14.116459
1.373087	10.566750
0.910056	24.951629
0.906782	60.104262
0.515915	26.991669
1.320124	59.645701
1.568871	50.035877
1.197618	49.593540
1.815298	78.475874
1.211479	7.766452
1.001277	63.096411
0.845408	12.358107
0.832582	28.496442
0.953883	33.356259
1.986919	71.337037
1.023943	42.241008
1.272133	4.014013
0.885617	21.544714
0.646458	11.643772
1.452357	79.988628
1.302811	37.942321
0.465575	13.452139
1.812714	38.811389
1.246961	75.434467
0.983855	2.109345
1.653126	17.024897
0.578183	23.997693
1.196217	11.901138
1.308092	28.508300
1.646683	6.220367
1.038602	25.401468
1.769328	77.437731
1.529798	23.396752
1.640527	35.498649
1.949818	57.351976
1.753496	29.847823
1.001954	9.948006
1.452323	42.344923
1.790564	72.547177
1.272910	90.935649
1.507528	38.349240
0.703771	11.240400
1.709023	6.916397
1.619869	44.189845
1.822287	52.611935
1.548515	7.987396
1.803504	40.797518
0.684173	49.619193
1.705542	45.858301
1.923904	36.186059
1.708399	39.783047
1.406819	65.007013
1.881658	46.486502
0.536374	24.606068
0.267758	16.753914
1.943760	3.925215
1.507835	19.409006
0.582919	44.279414
0.991276	4.677064
1.606762	59.253008
1.609161	12.612701
0.699380	68.556103
1.190767	33.760248
1.695822	44.981667
1.946140	25.255430
1.417728	6.209878
1.440890	2.984462
1.189568	5.389021
1.293648	17.203313
0.547239	18.084656
1.006353	49.132889
1.246341	30.097791
0.886126	102.497373
1.022386	25.153137
1.953238	10.701119
0.173146	6.093046
0.931514	12.155191
1.360356	26.732835
0.892736	34.308946
1.498055	46.166806
0.926045	29.297459
1.441001	31.614710
1.761412	10.714376
1.471451	15.266509
0.409992	7.246799
1.677308	55.416848
0.779060	57.088561
1.435916	8.299690
1.453698	69.937355
1.690347	119.501555
1.244146	36.803343
1.047470	84.790876
1.262345	94.967556
1.303609	55.516927
1.717668	52.831064
0.765110	30.839135
1.756715	33.536055
1.031549	12.928885
1.599295	29.406025
0.984477	16.578737
1.546618	70.085845
1.683371	96.359344
1.321902	11.813900
1.413236	29.291527
1.544929	42.669246
1.515949	16.654725
1.574484	22.453177
1.761122	26.354301
0.792818	21.000704
0.782516	22.829355
1.952407	31.688193
1.763674	74.627235
1.371869	58.553934
0.204276	6.669143
1.769009	8.921130
1.610990	8.691604
1.929374	12.669498
0.243815	22.246998
0.327935	22.343647
1.261484	70.424611
1.771014	84.239646
1.985847	31.602744
0.959509	41.086765
0.360935	6.353879
0.747609	23.394352
1.803676	60.548663
1.185215	10.332779
1.766756	17.671572
1.151263	11.138392
0.421550	1.162434
1.410308	20.920213
1.138821	23.585393
1.222533	10.188106
1.917499	22.336925
1.171116	38.936742
1.679316	7.455450
0.439013	46.720012
1.204101	48.969940
1.364427	19.134503
0.580790	36.959366
0.930849	55.947101
1.592848	17.823305
0.725977	64.975498
0.614569	23.799832
0.926046	24.225078
1.775540	38.676768
1.628181	11.869738
1.649234	79.083529
0.963397	84.090429
0.547252	26.393147
0.342896	47.916920
1.363690	26.838328
1.536714	21.624656
1.050454	61.827679
1.278478	41.185829
0.892797	9.871721
1.029361	40.262474
1.578101	18.233230
1.560645	60.675783
0.325972	18.176463
1.909916	16.994413
0.876177	50.406249
1.851705	5.520002
1.253206	5.989712
1.234233	27.177066
1.161381	35.940601
1.875192	68.763012
0.770611	2.699333
1.401494	33.099061
0.955915	16.483239
1.863800	33.205748
0.698117	32.276409
1.497645	19.507798
1.117700	23.762012
1.475298	43.056109
0.675030	10.766674
1.074762	31.155233
0.567022	23.681296
1.949333	11.773381
0.781194	25.373265
1.988956	48.009142
1.112740	40.478322
0.476163	8.927572
0.271997	16.348919
1.382640	2.063978
1.406078	17.426581
1.272421	92.710064
0.461441	34.972286
0.977805	34.309496
1.021202	42.857451
1.540511	71.593614
1.113283	24.995565
1.344038	15.262243
0.904883	13.254281
1.572325	9.756899
0.399357	35.457136
1.981274	85.785030
1.445892	9.464036
0.657394	49.350243
1.559548	35.536512
1.664094	32.112107
1.667204	43.371506
0.879050	19.011803
1.933007	25.967691
0.272954	11.562579
1.053467	64.626281
0.559872	5.216557
1.061217	5.682085
0.433767	13.336197
1.451085	37.910603
0.449808	21.312904
1.407739	21.192169
0.816649	32.855301
0.716965	35.443994
1.002288	83.796488
1.445100	36.511919
1.351811	36.111331
1.504046	17.521744
1.869727	42.939202
0.761896	39.299840
1.104908	15.052101
0.870834	14.785297
1.363912	24.009361
0.900060	51.441578
1.321830	15.136655
1.720170	37.909874
1.311322	26.472362
1.743249	18.129305
1.401055	15.826891
1.793197	40.081057
1.887885	68.143121
1.247115	59.355948
1.670332	39.607889
1.188767	11.479244
1.541077	58.168697
0.365421	15.338292
1.946326	56.170539
1.830829	19.731043
1.829185	45.987463
0.896513	69.686340
0.899675	37.935061
1.088475	34.147933
1.808648	57.866702
1.775038	3.161693
0.910021	50.535392
1.297691	10.576639
1.198302	7.038478
1.459570	38.570171
0.781028	27.742638
0.512529	2.856849
0.322141	17.423819
1.055905	28.136771
1.913723	38.076919
1.510542	2.988673
1.607259	40.511919
1.911407	14.209505
1.118146	10.178961
1.197099	7.051212
1.021936	55.394973
0.721189	9.858034
1.633417	15.265142
1.850283	2.356687
1.705892	6.303387
0.402648	39.591091
0.925833	54.357271
1.372434	35.070391
0.970937	6.639592
0.659954	50.816573
1.292615	39.839916
1.267505	8.527418
1.548133	29.766757
1.999783	44.033761
1.455939	80.678566
0.954479	25.267465
1.929382	32.403613
1.341563	29.682233
1.452212	54.778265
1.018843	11.438372
1.163225	17.026405
1.112942	36.671921
1.897120	33.730140
1.699316	93.942063
0.526952	10.509052
0.949631	28.650972
0.428923	10.110972
1.260454	32.462817
0.893493	41.335775
0.481329	21.572896
1.641946	48.120547
0.528018	9.764696
0.880437	68.057496
1.641381	23.247350
1.252721	114.650237
1.710869	80.100435
1.106622	23.520147
1.707407	2.878145
1.292318	18.912753
0.519989	38.494392
1.192782	40.587952
1.315183	16.337761
1.402172	28.636942
1.883856	18.565276
0.725318	18.866662
1.393146	17.549113
1.611634	38.957367
1.823952	15.186929
1.273185	19.372125
0.781119	23.701924
1.711739	281.356834
1.847699	6.127555
0.564931	6.638521
0.809026	11.308761
1.795012	42.910703
1.212154	34.940319
0.697651	10.721230
1.451554	52.021085
1.172943	26.050965
1.948014	47.067701
0.796708	14.879836
1.026026	85.608583
0.691902	5.507834
0.409481	25.020219
0.884333	17.782203
1.715038	27.965015
0.873201	24.637034
1.527804	4.213581
1.274253	57.289004
1.264850	8.497780
1.656452	65.671631
1.410595	33.780052
0.679503	18.270147
0.793257	1.361587
1.300677	21.313736
1.754365	19.708114
0.664413	29.614792
0.566164	32.522849
1.261615	38.854859
0.734879	28.311116
1.990600	31.421948
0.162403	11.538789
1.158742	21.383374
0.684815	6.259697
1.504954	10.402208
1.428986	85.934520
1.695449	55.189512
1.329832	37.778402
0.736218	3.736823
0.421306	25.120234
1.566552	7.993064
1.145238	8.369655
0.795822	15.907327
0.847179	24.594071
0.657731	4.253426
0.900356	40.200668
1.672432	55.533994
1.414895	33.317446
1.979477	22.054724
1.271659	39.969561
1.267501	6.694665
0.739975	28.650197
1.364072	47.945366
1.396623	7.705112
0.767758	17.679279
0.520020	10.129107
1.036314	16.441877
0.703466	10.236012
1.240239	41.809314
1.274381	61.528863
1.396308	22.233269
1.388396	78.364249
1.495685	21.608223
0.810317	14.580452
1.579649	40.480274
1.272466	33.978443
1.141281	33.012491
1.455428	10.683729
1.237337	22.471088
1.273724	29.815763
0.302829	37.422627
1.687743	186.300664
1.121374	12.767795
1.262417	8.032847
1.068998	42.209120
1.312191	29.790292
0.423659	2.693256
1.059751	21.165764
1.486424	10.543985
1.900677	22.024490
1.760354	64.746082
1.939731	5.277483
1.656409	97.935398
1.432680	102.362403
1.120001	7.328963
0.602987	28.287194
0.845441	37.621743
0.879789	39.341752
1.127003	19.999123
1.398812	7.711526
1.411924	73.298435
1.168809	15.124352
0.885565	36.569284
0.431472	12.621904
1.981814	50.959222
1.902454	100.487150
0.724126	10.554566
1.392207	19.180175
0.920149	32.231561
0.745615	12.122726
1.509939	69.316327
1.663538	78.348693
1.094582	31.623198
0.439479	13.478561
1.086783	42.281312
1.283437	50.995930
1.829074	55.824261
1.468705	20.834387
1.549037	41.342244
0.760672	32.788401
1.563731	29.034733
1.238179	7.754735
1.715935	5.745683
0.785442	15.363692
1.257627	32.188619
0.773082	3.460033
0.904202	20.005363
1.734100	107.131139
1.515001	19.762338
1.576100	9.611718
0.467618	15.243372
1.576504	30.670593
1.222614	3.534346
1.174230	12.431465
1.103795	21.693168
1.764409	7.729874
0.713756	36.079081
1.706259	39.455359
1.884556	40.256125
0.695975	28.720576
1.999341	75.896611
1.984575	9.725899
1.415874	30.316517
0.875380	19.814568
1.129646	29.889046
0.700140	32.493821
0.596483	32.978315
1.539330	4.928105
1.354255	49.397505
1.330086	39.677551
0.840247	15.973568
0.818079	1.798878
1.983274	5.823941
1.426962	31.781446
1.714465	60.538879
1.051414	4.286206
1.751836	33.175677
1.566904	70.885350
1.007195	75.204842
1.559854	17.372633
1.880264	46.055684
0.780727	18.759032
1.306398	4.522822
1.945903	20.194916
1.717453	58.337548
1.414346	7.678245
0.471123	41.161613
1.094169	34.428429
1.459705	37.217719
1.099270	13.715740
1.995242	8.155327
1.613709	9.154284
0.731943	6.982296
1.221088	161.731193
1.059849	4.293990
1.375044	38.411965
1.155273	53.831220
0.823274	20.046103
1.569900	25.413851
0.565616	94.996025
1.283348	30.275234
0.943665	21.634654
1.945711	30.826178
0.933002	76.696654
0.992743	95.569928
1.543919	4.500351
0.614621	13.770644
0.966857	22.363661
1.527163	78.422284
0.337765	47.107286
0.945020	29.341664
0.204982	11.805122
0.660178	24.732809
1.390426	7.191656
1.170574	78.029417
0.671869	24.764879
0.493975	77.383706
0.430936	12.994220
0.513324	21.742582
0.540286	7.787873
0.515786	8.239875
0.426987	14.980257
1.528835	55.828498
1.905179	250.105811
1.770904	9.915116
0.870889	18.902339
0.763672	19.616923
0.403306	9.440353
0.671885	13.398062
1.336321	10.609155
1.996940	13.398509
1.775653	36.031557
1.257715	40.555625
1.120279	211.635551
0.655280	5.079604
1.112882	14.921373
1.376552	41.013873
1.377468	54.824692
1.321131	27.220125
1.721486	70.416533
1.250502	69.994639
1.194821	9.207885
0.936583	11.665082
0.719044	13.562134
0.108536	11.681982
0.962823	61.808940
1.433370	128.831314
1.323138	23.810068
1.280941	37.524575
1.642505	11.748257
0.814493	21.484845
1.501155	20.233644
1.394836	86.429508
0.989663	9.332422
0.789314	38.029607
1.328773	17.181926
1.911382	15.676642
0.489438	9.549189
1.923932	58.226919
1.182672	11.072311
1.548357	41.731944
1.689531	21.576395
0.662786	3.895771
0.393025	1.893876
0.614657	28.783324
0.992760	49.005932
1.929660	53.767824
0.385202	2.940098
1.871022	19.433071
1.326700	36.201303
0.555417	26.098393
0.665280	38.212055
1.517302	40.419752
1.396750	61.396308
0.694451	5.250552
1.846569	60.030293
0.624132	21.140249
1.252724	19.772124
1.277633	57.574458
1.793513	3.049558
0.297223	18.743642
0.631659	26.980150
0.700712	19.738618
0.451066	8.081741
1.430993	10.007184
0.808821	22.014977
1.349538	96.754300
1.658081	59.055079
1.097539	49.761546
1.637147	19.287456
1.650857	11.540054
0.866808	45.693582
0.260865	21.802840
0.557655	6.931403
1.720724	37.710554
1.092616	15.086725
1.744744	13.389543
1.306222	66.673872
0.751085	16.836144
1.551652	99.234088
1.322082	57.336585
1.009832	6.681499
0.519384	96.165978
0.555316	25.611141
0.734618	27.066691
1.492776	12.430054
1.575322	54.136289
1.430149	48.282468
0.986939	28.390618
1.146067	103.835614
1.547631	29.448347
1.473257	39.175216
1.643473	30.871032
0.828869	26.929908
0.164143	7.054550
0.871876	6.806394
1.003688	18.883009
1.936023	34.479380
0.787871	27.911292
1.725159	90.403692
1.417648	5.379846
0.694607	92.506244
1.089858	17.385396
1.250614	42.283975
0.997801	14.028631
0.802767	24.944283
0.848930	173.929514
1.362215	37.507853
1.515468	73.056736
1.189001	146.878673
1.905928	20.265570
1.576218	121.403291
1.826783	24.206033
1.199042	6.878457
0.255368	5.405945
1.372411	37.080084
1.712626	18.876495
1.289896	6.245590
1.336514	19.463047
1.959336	20.081143
1.032225	33.759043
1.687492	2.795712
1.243029	6.694795
1.181098	22.802370
0.650668	28.259825
1.606147	79.448876
1.720371	30.585177
1.131545	50.406138
1.629072	8.499464
1.356148	14.339875
0.856910	28.246150
1.877236	8.897860
1.528446	47.286747
1.805746	35.117648
0.896865	31.366100
1.865580	102.651442
1.029929	35.826752
0.216164	13.755647
0.485823	21.371278
0.523507	18.185445
0.768867	46.000675
0.730894	20.969110
0.435856	21.755925
1.832494	45.117146
1.728096	29.693102
1.627999	18.849157
1.204243	57.548243
1.122851	112.171757
1.123180	62.506139
0.864022	35.884808
1.396459	15.065992
0.439528	32.143719
1.471660	15.248344
1.256129	5.653829
1.709954	8.123639
1.955733	89.670830
1.803050	52.569644
1.563208	93.772263
1.134433	14.694872
0.782146	18.521854
1.480745	2.972169
0.758789	33.599473
0.287187	3.192244
1.344433	25.156438
1.075486	13.026238
1.802126	71.710626
1.452277	18.643731
1.454467	56.638086
1.666131	36.410436
0.984381	24.364431
1.932259	4.999262
0.794244	18.546259
1.795350	75.411223
1.856845	60.345032
0.371319	18.195250
1.431497	33.083318
1.607698	25.820884
1.925289	5.675406
0.846424	42.997986
1.327525	20.461977
1.643631	87.011208
0.656362	8.989986
1.766251	386.177442
1.090062	22.123124
1.443298	31.467001
0.382513	7.422303
0.797101	25.278542
1.202822	40.164885
0.909610	10.944591
1.931731	52.927381
1.676878	56.794396
1.784749	23.338803
1.185016	51.689051
1.196010	25.630842
1.692570	21.758567
1.065337	17.539295
1.206814	44.155824
1.278073	16.754604
1.394825	91.905687
1.458520	12.744309
1.504465	9.378854
1.151415	14.932792
0.919322	12.951601
1.871586	19.340898
1.725648	41.585902
0.149115	1.634255
1.254736	8.296143
0.885497	3.257633
1.447733	46.085774
1.239396	17.920341
0.292066	7.333916
1.575022	10.145858
0.886799	28.077825
0.861441	26.170093
0.342783	19.953909
1.728136	62.854282
1.352760	7.819890
1.212793	9.229294
1.497082	40.283105
0.999722	30.676099
1.338851	29.371605
0.842833	20.297505
0.451287	14.384113
1.326772	10.468344
0.794014	10.977621
1.608638	8.724455
1.163235	74.277654
0.844753	44.807103
1.396590	23.320866
0.588470	15.091525
1.625876	9.283866
1.163740	33.472877
1.704004	69.421608
0.635122	35.708716
1.057642	5.699051
0.718641	14.313729
0.445994	20.655043
1.927723	56.367992
1.573329	16.648716
0.968420	45.648503
0.837489	67.890619
0.763749	35.109947
0.386055	11.443238
0.556199	5.958251
0.556765	3.353123
1.482822	16.072918
1.376328	11.071493
1.336948	15.985781
1.585106	92.259343
0.846072	21.671078
0.995162	29.400426
0.610774	31.399685
1.365936	96.202534
1.891846	35.495686
1.782036	28.966586
1.317345	31.081821
1.450531	77.935910
1.987463	32.361304
1.261341	31.007483
1.793647	91.048332
1.236436	37.609639
0.403157	16.260382
1.894642	102.952919
0.577702	43.838832
1.539568	28.463603
0.823375	44.156755
1.841377	22.246215
0.756759	27.065332
0.639264	20.550559
1.143410	15.058077
1.230496	27.374295
1.713653	9.728728
1.627361	61.040340
0.972662	167.324719
1.061356	2.766729
1.349539	5.937720
1.312259	96.200573
1.780338	7.556594
1.194258	21.576144
1.829533	35.379076
0.765112	40.307051
1.789027	109.079686
0.934186	18.582179
1.668213	128.890085
1.332780	7.979109
1.801412	4.948266
0.811713	19.237764
1.535534	66.258341
1.760012	3.732226
1.649065	90.596614
1.333689	21.694594
1.496464	15.268826
0.749469	40.133662
0.785610	43.590767
0.873297	9.650941
1.727639	65.655945
0.694418	24.063593
0.925472	28.262185
1.872030	30.964504
1.616499	56.334469
1.583090	7.662474
1.168205	15.564738
1.536828	1.773202
1.333285	16.310767
0.475925	14.103061
1.349324	31.227614
1.163844	22.265669
0.582456	17.289160
0.997982	64.446936
1.831558	13.623118
1.690294	40.185462
1.861687	37.544683
1.558930	20.784626
1.432586	33.543241
0.637515	24.706087
0.566899	8.570396
0.838522	69.711591
0.950163	29.365704
1.394643	19.938366
1.804143	40.315782
1.825169	23.212593
1.506865	14.724217
1.345445	62.100678
0.834465	16.591154
1.899876	43.487490
1.490060	19.601483
1.285317	20.424911
0.559253	16.171982
1.724357	19.828817
1.005418	22.069848
1.840668	4.636087
0.696318	11.944937
0.405637	10.476516
1.137379	16.902071
0.494723	7.523586
0.447829	6.571115
1.553899	15.520507
0.856607	13.918871
1.441958	34.141079
1.340868	11.064893
0.640680	9.308360
1.062635	41.886605
0.460464	31.252593
1.117571	40.093074
0.723061	15.645970
0.540855	3.155084
0.954639	38.909755
0.148833	35.388059
1.620336	53.469994
0.676179	56.194992
1.422593	25.053906
1.734684	49.241760
1.866966	17.143908
1.321173	10.770375
1.666727	27.119614
1.167648	28.606104
1.220780	5.790414
1.305118	19.909574
1.488603	33.674245
1.488275	5.406363
1.662296	51.222322
1.409370	23.643518
1.812475	48.995745
1.547145	5.810495
1.885556	19.792422
1.609235	21.505461
1.591506	37.445254
1.777772	21.703269
1.467225	100.866123
0.717778	46.536276
0.507106	10.613225
0.952779	50.912191
1.706688	20.222705
0.294920	25.900299
0.659793	15.775945
0.564339	89.523718
0.364124	17.267352
1.700380	56.474285
0.893760	5.115406
1.576760	14.053543
0.643092	18.422943
1.098158	38.438626
0.588121	5.962502
0.132718	12.641103
1.403748	40.154024
1.207012	39.512560
1.109905	14.026144
0.495681	16.416656
1.366670	21.014025
1.654104	25.966349
0.463895	6.474608
1.105063	34.949087
0.945915	82.693618
1.826969	8.505555
0.865517	20.746892
1.909995	50.594013
1.728238	53.706446
0.550194	31.145384
1.206497	28.799147
1.457076	43.428375
1.373899	14.185231
1.502190	42.762393
1.124610	26.589438
1.847218	51.249631
0.878430	43.764150
0.535422	56.818391
1.964194	21.554886
1.461484	8.023517
1.472277	28.693949
1.711500	87.789536
1.117218	21.978900
1.063339	45.480392
1.917778	16.500845
1.064180	12.417541
0.495192	26.103399
0.939905	10.516034
1.798256	55.539796
0.537542	38.892072
1.558367	43.692037
0.871807	27.399450
1.602179	35.115125
1.257168	108.600142
1.438571	41.941819
0.832415	10.792451
0.695741	11.793469
0.452341	47.758084
1.723885	5.715739
1.549020	3.129993
0.916391	20.383637
1.741371	10.266569
1.736404	33.003171
0.634413	14.768593
1.553831	66.204305
0.914642	15.113249
1.186325	22.257681
1.130434	65.603879
1.384463	26.971333
1.002494	19.106532
0.480923	17.658141
1.492357	18.810034
1.936115	24.007132
1.485215	17.138974
1.294462	23.478079
0.686941	21.125813
1.421613	19.358710
1.400664	38.872033
1.412059	23.743328
1.827654	22.843824
1.557788	68.194546
1.659281	29.469646
0.948783	21.852339
0.878454	25.520029
0.768211	36.748479
1.651622	1.510585
1.531170	33.349690
0.994561	9.725554
0.641416	22.408604
1.756460	4.195848
1.060320	7.998679
0.736928	24.057847
0.648265	29.748539
1.870834	46.634538
0.618262	4.473804
1.022143	15.358037
1.432047	30.170575
1.096848	6.999487
1.201736	80.149066
1.688639	27.694977
1.998750	38.238922
1.186367	25.390987
1.051901	43.418249
1.094841	47.033169
1.036838	19.147063
1.196204	5.134932
0.980350	56.399922
1.179453	49.310757
1.911876	37.629887
0.904690	51.926050
1.461358	34.216700
1.215923	20.287604
1.581990	8.840249
1.193985	44.285649
0.680864	5.407968
1.796503	15.494003
1.497014	21.985654
1.274026	20.520481
1.732372	24.459197
1.961300	4.754046
1.098869	41.460315
1.011801	45.164824
1.614011	27.708549
1.167398	15.049247
0.514385	13.860175
1.013921	55.602085
1.697847	10.734393
1.543329	44.409189
1.781578	1.615693
0.652824	48.121556
0.833663	47.998440
0.782523	48.262855
1.953457	28.439393
0.697309	10.939971
1.381115	89.488682
1.433121	51.449087
1.412268	5.041628
1.520793	16.624514
1.211414	72.018153
0.508988	21.193806
1.535140	29.487250
0.896271	17.649070
0.488132	7.626853
0.698982	57.418307
0.906344	4.135212
1.133912	25.029426
1.779213	14.815770
1.289847	54.861106
1.193498	17.588195
0.739737	26.488564
1.934012	16.586737
1.853172	5.537278
1.709273	10.735645
0.964505	33.944544
1.327194	35.638820
1.067361	7.313112
1.088954	46.951641
0.477794	27.519904
0.639202	6.915110
1.937077	57.524517
1.399173	16.802581
0.185738	19.655625
1.698696	25.749569
0.517657	28.882770
1.545523	76.059381
1.415176	3.613996
0.451275	18.635952
1.281570	31.906529
0.401669	17.865505
0.455549	6.230842
0.414306	6.692245
0.853330	10.381198
1.687334	21.857732
1.026482	8.781280
1.442982	55.420729
0.606732	26.718717
1.891781	68.999450
1.241785	29.854861
0.309511	36.916274
1.291192	111.163504
0.727151	8.495473
0.748178	12.013112
1.384747	48.819927
0.803177	26.734051
0.781174	9.638234
1.296477	46.385161
0.819040	61.631465
0.574559	8.589661
1.097124	18.907114
0.417010	19.317825
1.848133	50.663066
1.162774	2.852617
0.243347	24.414105
0.800129	29.114858
1.931690	9.042642
1.230063	57.176610
1.020919	44.171283
0.951632	27.261349
1.110415	32.170309
0.777198	11.391573
1.607254	14.478026
1.247849	10.015541
1.610743	17.454964
0.851532	36.788900
0.109840	10.934711
1.945224	35.304510
1.253458	63.783121
0.498570	35.971832
0.558767	15.166536
1.137303	9.408593
1.526188	40.475158
1.079342	4.778559
1.715537	7.254252
0.973920	133.516129
0.395307	4.937480
0.205306	10.432526
1.776290	46.271452
1.974710	94.797011
0.623908	14.586915
0.448545	16.282701
1.862485	71.145519
0.551629	17.360118
0.806726	22.505895
1.687147	61.515277
1.996711	12.600319
1.214546	37.691057
0.775412	24.432361
1.758088	14.207506
1.075764	43.565591
0.882234	62.521076
1.221133	53.103482
1.770624	26.920693
0.814762	36.804775
1.120856	7.996758
1.151769	12.427623
1.734965	37.363495
1.497370	61.048465
1.654843	27.762404
1.523374	38.977737
1.373311	32.083413
0.623076	60.416975
1.735250	42.928556
1.395005	41.785759
1.535043	28.306359
1.652196	62.004624
0.946146	47.392885
1.141294	36.269108
1.296969	34.923373
0.995709	41.844405
0.858571	30.332097
1.649281	14.217904
1.614222	45.642691
1.733476	24.931964
1.528332	28.930766
0.946190	31.736833
0.970646	68.363025
1.276889	11.560516
1.739335	30.767062
1.001175	49.534547
1.632726	9.509734
0.936452	65.300174
0.988927	5.875295
1.612154	49.231122
1.501211	94.685958
0.770828	8.740247
1.726110	31.531161
1.661126	60.673039
1.680678	43.176295
1.191072	24.391875
0.973252	12.039313
1.761287	7.054880
1.366682	5.978626
1.888780	60.999536
0.850590	87.302378
1.960396	63.737249
1.052506	2.992772
1.060619	17.843922
0.824860	10.064716
1.943285	33.089756
0.373873	12.351779
1.195583	20.552199
1.031197	6.400816
0.678326	27.933537
1.553164	49.242396
1.837101	26.930520
0.833057	9.797050
1.231952	18.066155
1.351831	118.164601
1.069888	13.753406
1.873781	27.636746
1.177799	8.026357
1.971981	123.395934
0.919417	20.171331
0.480905	65.140744
1.347009	1.783858
1.720441	39.345341
1.066660	79.552527
0.728221	40.534236
1.590805	21.699969
0.879305	17.767141
1.638495	37.909478
0.864955	96.614721
1.320747	27.859519
1.820378	32.894630
0.764286	10.140534
1.716371	35.144465
0.870178	26.738853
1.474465	37.211515
0.833304	25.481847
0.583834	22.578269
1.479476	21.037009
1.376597	162.194887
1.086764	26.656721
0.362192	3.779726
1.198466	25.246880
0.657078	8.550902
1.021828	18.096196
1.363689	39.591723
1.902123	2.292064
1.252334	63.484888
0.746270	196.060763
1.913106	24.062742
0.315844	2.515459
1.447868	16.991034
0.865074	31.001874
1.619944	19.174132
0.977358	9.471761
1.128313	29.072326
1.639526	69.485587
1.836310	42.817942
0.723423	8.711477
0.921190	10.669714
0.161952	5.160094
1.771825	28.717124
1.914550	30.361141
0.893528	15.857402
1.060748	39.500420
1.128632	45.630569
1.099407	68.648376
1.073558	41.116795
1.199358	55.135316
0.667367	139.974091
0.435189	19.478615
1.568629	27.490287
1.756303	9.491329
1.700241	65.211674
1.423768	27.136117
1.949388	26.989649
0.112205	4.226605
0.958736	4.138719
0.943433	6.706033
1.006486	11.387682
1.684611	20.472646
1.009348	4.222637
1.275831	39.729113
1.404904	32.063490
1.754471	9.901850
1.407761	65.360059
1.055733	7.926660
1.525406	48.983032
1.258630	21.127118
1.277794	3.914618
0.983590	30.842826
0.113833	7.291385
1.016163	71.594731
0.931635	6.940497
0.550627	26.705713
0.753365	53.760647
1.968917	18.827349
0.894142	21.324069
1.262538	17.171085
1.308924	21.653598
1.324821	70.226119
0.401300	22.006237
1.641115	35.905721
1.578898	8.576597
1.962929	16.958941
0.727454	19.814107
1.315551	13.640836
1.690489	21.836951
0.605631	40.170532
1.668691	164.954397
0.877767	15.859885
0.895844	47.460624
1.912097	20.764071
0.949642	31.315785
1.360777	16.818028
1.145497	21.511638
0.494335	22.867890
1.919921	8.169660
0.780715	4.710823
0.873974	61.575466
1.049456	3.499875
1.233268	8.635261
0.648008	2.614058
1.428692	11.786934
1.257388	77.285587
0.932109	12.358015
1.522274	29.184708
1.256461	20.518560
1.747202	8.159499
1.770013	28.082862
1.967648	22.324458
0.464159	75.912315
1.092419	16.555161
1.237722	20.531061
0.816171	25.264926
1.874569	29.273571
0.520433	22.446617
1.127948	29.941554
0.728394	7.001772
1.506540	32.644764
1.540775	54.970563
1.796652	44.527424
1.098214	172.752326
1.646661	38.768464
1.309293	45.844317
1.703429	17.465907
0.513378	6.584752
1.180703	7.576748
0.660851	16.121802
1.669889	48.431378
0.665124	22.539020
0.203182	22.105564
1.886464	5.021166
1.212427	68.060467
1.975893	4.189651
1.164975	35.775673
1.370513	23.198290
1.599768	29.593202
0.895765	14.858731
0.624031	44.215126
1.475158	37.487433
1.251402	6.123693
1.725771	44.745761
0.393416	42.700756
1.302142	26.304765
0.729456	28.767894
1.409925	34.742000
1.624384	157.346273
0.866114	1.273566
1.208221	31.456653
1.115336	5.970284
1.615946	27.042498
1.383994	35.993616
0.597606	8.806533
1.962210	7.781464
1.859211	17.110004
1.352583	5.708618
1.650261	24.140028
0.285611	25.704628
0.758593	5.419817
1.635647	6.170322
0.564509	6.150380
0.385026	19.594590
1.407544	18.343515
0.352412	68.281797
0.724481	24.649744
0.499217	4.684189
1.286528	23.683630
1.498758	48.276925
0.724850	53.311141
1.188680	6.465407
0.286708	3.311932
0.868887	38.968426
0.717833	40.476952
0.691537	34.723855
0.800777	17.714196
1.692808	98.602042
1.918748	61.028065
1.542365	46.667554
0.478142	9.560882
1.426054	31.097775
1.584582	127.113487
0.575969	31.948066
0.917977	3.759446
1.127759	58.977823
0.944574	10.587729
1.262777	17.936858
0.619888	19.548311
1.152533	20.725678
1.583323	1.143145
1.176922	31.356209
0.774807	4.499937
1.687859	47.177672
1.075893	69.797635
1.122766	48.757157
1.018941	231.856301
0.910466	24.050691
1.387084	49.928447
0.733301	15.149584
1.637723	17.613324
1.208087	81.910230
1.813968	54.593999
1.901386	88.753017
1.058307	35.455000
0.677452	7.059177
1.243306	12.472432
0.878582	50.068742
1.124939	44.349261
1.049760	22.833917
1.161168	29.402543
1.233312	34.567612
1.424961	57.622569
0.154785	17.901060
0.854990	31.136920
0.699890	13.643837
1.548963	14.669257
1.734290	97.382465
1.571986	19.026999
1.958839	75.482544
0.491873	11.229335
1.182666	13.254544
1.838752	28.574880
0.958009	14.587248
1.688172	41.281852
1.327362	19.653394
1.965138	13.679765
1.039809	26.239391
1.110714	11.988918
0.687305	41.811791
0.679075	21.703806
1.778713	14.836811
1.095655	17.218078
1.414605	56.907081
1.611982	95.069231
1.142699	18.986347
1.925214	46.665495
1.900242	45.482856
1.503518	9.427996
1.992184	39.364022
0.135852	33.509119
0.213797	10.234669
0.464734	5.635502
1.908779	14.948935
1.391373	91.188040
1.883600	56.064785
0.611636	8.167363
0.343006	35.430455
1.299930	10.097251
0.709461	40.070978
1.776896	96.367186
1.115648	55.104823
1.639587	14.843293
1.259976	12.635201
1.278193	34.888998
1.506100	11.062490
0.984064	76.586219
1.917302	36.030445
1.085120	10.562455
1.081490	50.222386
1.544422	10.977918
1.438089	67.725770
1.993119	16.678979
1.761983	26.648047
0.902021	37.250998
0.553536	77.690541
0.565537	21.450918
1.025163	18.819495
1.201324	13.541903
1.439388	11.560226
1.773619	45.891758
1.982959	20.682055
1.097826	33.407893
1.303347	17.319465
1.385300	22.929741
1.322639	10.721099
0.525968	8.280948
0.584902	38.521174
1.822069	22.095892
1.496740	28.113960
1.501489	15.967104
1.707284	45.547057
0.510169	5.652958
1.108144	16.470585
0.838387	3.247529
1.474677	28.393389
0.782880	6.518948
1.521485	15.852340
1.065904	106.091330
1.144457	13.136644
1.712247	20.138210
1.004121	19.815562
0.855293	33.496028
1.762036	25.832857
1.511417	21.951867
1.090456	58.515079
1.233305	32.705227
1.003635	20.724588
1.311713	12.710583
0.636380	22.598023
1.821578	23.642573
1.315933	27.937971
1.061849	9.568589
1.341998	16.389082
0.682151	29.304435
0.495179	11.823529
1.307131	10.173270
0.473197	11.731177
1.474770	27.266205
1.684996	28.942028
1.981052	40.055011
1.637744	22.051506
1.957969	5.193713
0.297392	13.585141
1.323064	60.832743
0.689132	38.858404
0.835747	144.792888
1.585216	150.781336
0.848888	30.444470
0.718227	55.079464
1.041087	12.528481
0.507856	36.570528
0.652552	31.849180
0.652463	75.851642
0.802602	178.560603
1.793823	36.304165
0.919468	20.521809
0.884275	13.639757
0.609221	16.008925
0.263114	12.509047
0.680540	16.513334
1.567793	8.112304
1.951058	13.692571
1.599222	44.861130
1.766633	25.235394
1.664381	25.526946
0.920798	14.728439
1.580232	33.851764
1.609462	21.891634
0.858617	7.247166
1.872378	35.123325
1.996650	24.361204
1.326704	18.880106
0.954013	36.598846
1.018921	60.253026
1.358113	11.745755
0.200549	24.634500
0.940724	4.957827
0.407025	11.551733
1.420129	60.065982
1.390213	57.642418
1.370893	3.767083
0.661724	37.377695
1.910440	7.232728
1.286465	22.447596
1.318628	48.145481
1.301383	20.610654
1.271855	26.017081
1.900648	13.573705
1.387198	43.048386
1.213216	4.079608
1.633495	13.975152
0.846567	23.506432
0.741134	26.295739
1.144166	42.457240
0.260494	12.991895
0.916661	40.044800
1.115139	4.937621
1.352551	35.567834
1.299813	34.804525
1.034185	13.136888
0.996404	20.136055
0.106177	19.311632
1.810093	189.520560
0.811748	18.903023
1.019534	19.685126
0.287166	16.050039
1.930124	34.679671
1.227346	38.669961
0.302953	19.392727
0.846109	95.114264
1.807198	66.857743
1.047065	32.402209
1.517412	4.123459
1.404772	42.759443
1.193454	24.387684
1.735666	48.909163
0.376279	7.977272
1.859347	26.583130
1.560397	27.105877
1.782933	50.328510
0.268167	2.868961
0.511865	93.966453
0.766576	15.214955
1.374625	17.939838
0.531250	29.233925
1.889683	30.478351
1.606448	36.333009
1.696259	113.467575
1.360202	23.536587
1.430197	36.302628
0.793777	42.856470
1.855582	67.819149
1.456952	20.540009
1.111586	127.671420
1.810968	29.688368
1.783101	9.868639
0.077747	15.393187
1.879017	37.166996
1.027998	32.170267
1.118291	26.996432
0.513209	22.832012
1.804562	55.495626
1.293866	29.761456
1.848734	28.284589
1.655344	27.049815
1.836566	31.642633
1.916359	42.087992
1.817598	36.915251
0.773727	50.169308
0.472109	48.779763
1.414290	36.325317
0.669925	22.727123
1.781988	43.171945
1.915075	12.143039
0.598868	1.787332
0.819700	18.811027
1.421683	75.202103
1.571235	18.202661
1.253825	59.825616
1.036719	15.195849
0.936989	19.229038
1.482379	23.208585
1.600352	21.298212
0.908998	43.736300
0.969043	92.366446
1.175619	15.939581
1.160784	7.261535
1.750248	14.240324
1.140681	16.248366
1.964899	36.165771
0.944960	0.829589
1.522527	29.102367
1.622105	45.307364
1.429387	381.620227
1.033634	14.839246
0.856674	13.578721
1.390552	81.835140
1.471432	34.449063
0.857024	22.612089
0.985706	46.626753
1.780363	12.288830
1.700731	21.499013
0.725739	83.263265
1.892563	20.687127
1.425860	54.583708
1.230607	70.090260
0.757447	9.745977
1.578672	22.353036
1.872603	23.525475
0.457196	21.637593
1.266392	27.885803
1.803866	34.637293
1.923191	5.580379
0.477818	20.835772
1.670956	14.531789
0.896769	39.712922
1.297286	22.241045
1.659788	205.437140
1.302684	5.679697
0.573515	45.224623
1.370130	53.003388
0.591145	3.046426
1.002984	19.040623
1.322148	9.969703
1.986008	27.705316
1.573753	40.077672
0.932583	9.671740
1.802960	27.646788
0.802762	30.552496
1.059879	5.729145
1.454126	51.903463
1.100643	14.766857
1.577741	86.586731
1.459469	62.399278
1.484344	47.723291
1.115427	26.535550
0.427146	33.843946
1.796954	53.594857
0.483053	62.502004
1.181585	41.489853
0.930374	61.566053
0.921253	27.871432
0.803601	23.575490
0.880586	20.048156
1.927713	13.796437
1.954620	73.547738
1.341005	2.759919
1.272218	13.559894
0.404854	8.814818
1.690344	54.179050
0.700466	10.491498
0.644486	24.271832
1.121215	25.599929
1.003137	46.893244
0.541655	5.520178
0.655501	20.248293
1.987508	40.912256
1.585653	28.161811
1.382047	9.092644
0.933091	11.788645
1.127848	159.637977
1.425786	17.635822
1.660621	16.347916
1.913399	20.274420
0.601970	179.808996
0.740450	16.042159
1.336024	9.193782
1.900752	24.618666
1.164288	9.455429
1.434658	98.304510
0.917001	120.941920
1.702612	28.382162
1.392007	24.692764
1.056509	89.302977
1.298947	54.613745
1.525428	33.742487
0.780335	13.507827
0.993537	30.636909
0.844944	23.339701
1.935454	45.707480
0.385901	5.414443
0.431304	7.457702
1.015989	163.870335
1.292114	37.525204
0.973662	24.752177
1.772386	44.025948
0.698201	20.931382
1.029865	13.658481
1.217444	39.824735
0.759821	8.504647
0.911054	94.816235
1.915000	37.999667
1.265621	24.389564
1.792209	47.879947
0.876769	49.160208
1.402570	5.455265
1.628638	22.840574
1.117439	49.533733
1.420922	14.270102
1.782163	36.476012
0.640747	28.521442
1.014433	4.991879
1.721309	61.665870
0.811089	5.320316
1.319003	12.785601
1.142355	29.226267
1.480780	27.028012
1.485420	103.190462
1.352228	34.010331
1.913993	10.298164
0.709666	4.483347
1.738550	32.645956
1.219639	7.939231
1.476177	62.808509
0.884073	42.666453
0.536687	28.356698
1.650610	22.765248
0.847058	252.734787
1.069587	22.518316
0.401977	33.127865
1.458868	5.960824
1.514484	68.653194
1.842358	18.276567
1.825625	22.923939
1.540990	14.254078
0.962873	76.592965
1.045399	50.004546
1.056344	26.516634
0.617119	8.045331
1.914804	47.055001
1.712481	214.979459
0.650036	25.225893
1.913486	58.283386
1.751129	65.207782
1.869525	41.921656
0.903755	31.970367
0.984251	8.830002
1.190433	40.945665
0.799333	8.689545
1.183671	24.175816
0.213360	10.352186
1.804498	43.326737
0.684327	18.687381
1.236720	25.342384
1.885355	69.388157
1.716814	9.029765
1.648204	37.836178
1.392281	26.268341
1.139719	58.047036
1.154478	22.607541
0.517462	23.106639
0.456718	42.232993
1.751461	33.573422
1.097728	36.759642
0.423574	27.517790
1.478030	20.947667
1.508280	16.801150
0.805035	18.661025
1.100885	26.063735
1.344717	204.157224
1.378667	20.616171
1.252041	51.622797
1.029196	5.371458
0.468427	29.022809
0.297912	7.623987
1.174818	4.196221
0.761239	16.307115
1.900745	32.317353
1.444290	86.169513
1.362664	53.209103
1.094519	20.972153
0.974660	2.150450
0.718220	25.393927
0.442792	12.527177
1.435479	30.977688
1.652885	8.682056
1.773676	41.164452
1.569805	34.258784
1.834945	39.474624
1.972024	28.928633
1.937880	55.729945
1.372649	48.486220
0.799332	20.184989
0.564901	21.492032
1.990094	14.310669
0.940811	41.522436
0.351305	19.932818
1.070745	22.535205
1.605700	65.280527
1.825278	7.085619
1.201891	16.634830
0.917497	38.290316
1.651673	14.585256
1.241080	27.553594
0.515057	30.808269
1.820492	3.847570
1.467220	19.513344
0.362702	39.878964
0.212111	12.545526
0.519396	33.380517
1.718310	26.148204
1.207500	18.683622
0.983825	43.632622
0.842867	24.541145
1.245691	12.966063
0.507294	13.410401
1.409721	8.583774
1.054530	10.787407
1.774729	30.217105
1.615274	37.495834
0.276602	29.109679
0.692580	31.111184
1.196599	21.158876
1.471505	12.829032
1.555993	67.433586
1.709528	7.093071
0.407750	25.137528
0.277274	5.405427
1.384942	50.455876
1.569081	67.842261
1.664306	17.193012
0.671248	5.371908
1.949266	10.272958
0.808522	38.196501
0.844637	19.824749
0.668384	7.321931
0.386911	30.159021
1.699522	96.961750
0.178340	20.765274
1.181202	47.443129
0.530118	31.164061
0.392448	5.343211
1.894635	38.793503
1.723612	49.164387
1.076631	35.225834
1.173402	71.733082
1.789786	40.981490
1.679789	21.963669
1.520721	10.303892
1.289941	35.273510
1.395813	30.179117
1.074300	46.476865
1.277340	2.141092
1.294600	18.545216
1.784686	35.123303
0.789511	8.351011
0.838296	3.093582
0.775712	44.544343
1.353248	10.223789
1.526028	12.631853
0.824316	9.594890
1.498799	99.707924
1.425946	5.921426
0.961193	22.873322
0.809204	128.745307
1.811178	34.677451
1.339139	39.074723
1.539134	20.179061
1.879813	54.184061
0.765703	40.526859
1.007870	5.759072
1.136958	45.237699
0.814576	30.937226
1.746792	131.258867
0.508243	22.267307
0.825453	26.232951
0.739321	25.721424
1.924585	35.774345
1.424850	71.101035
1.557630	27.273753
0.569720	11.502938
0.744842	6.910844
1.699774	128.239466
1.336261	22.505523
0.393603	9.422462
1.333199	10.390013
1.198625	85.741638
0.667186	3.060413
1.373704	13.239651
0.706769	132.384924
1.702169	23.906197
1.411667	25.301545
1.794775	12.931673
1.122119	15.690973
1.253242	27.392734
1.624604	3.528734
1.304381	18.442175
1.342578	25.942813
1.314879	17.851413
1.222477	31.343296
1.693349	5.236693
1.213346	12.388779
1.840995	60.466124
1.697823	42.882878
1.521957	42.938220
1.837632	147.735093
1.290726	7.081460
1.718134	28.432691
0.830051	26.574912
0.480150	25.668116
1.510821	32.815800
0.929838	36.452327
1.435638	37.273412
0.492270	21.150651
1.928205	12.460068
1.258003	86.103253
0.216116	13.734552
1.199662	40.751392
1.668920	35.769066
1.785277	29.522101
1.177415	346.296029
0.609108	26.535794
1.849469	39.618742
1.969371	17.275261
0.451999	26.607848
0.494089	11.455705
1.333087	19.041600
1.285976	46.980507
1.367338	7.207238
0.954843	68.843009
0.411527	53.857014
1.355005	27.866731
0.662645	30.622127
0.993244	15.979790
1.358121	16.296619
0.771295	58.370516
1.298711	50.119337
1.555380	44.300197
0.459636	21.452323
1.413129	16.283566
1.249534	28.747568
0.543623	29.632780
1.542805	29.612312
0.944841	50.447297
0.722938	14.881578
0.898501	9.213787
1.304268	36.699216
1.354567	21.718022
0.698721	11.982687
1.897791	3.103102
0.973736	31.433821
0.874971	16.870536
0.731270	33.047934
0.597205	3.136757
1.970849	389.924944
1.495455	21.086898
1.664816	4.439639
1.086769	23.941711
1.106820	3.832805
1.978654	62.935004
0.757128	33.618345
0.970535	40.914166
0.746969	14.346309
0.898779	11.096697
1.478806	81.758981
0.941661	5.749745
1.801351	85.484854
0.405826	14.257570
1.014401	52.608351
1.778254	13.264689
1.415963	2.213163
1.640352	14.859941
0.965295	21.280339
1.037143	22.351395
1.821243	24.628854
1.607936	90.253381
1.060293	27.530682
0.783637	19.523422
0.564748	9.906078
1.779998	8.631867
1.529760	8.534704
1.395099	68.616025
1.648909	27.992163
1.863406	22.947846
1.626127	63.309567
1.116029	38.083146
0.711857	59.004993
1.554037	36.022659
0.838467	39.601115
1.658082	7.311558
0.989251	78.696101
0.673362	13.208869
0.851982	149.903728
0.872204	29.126441
1.051861	24.653200
0.856463	23.843193
0.801724	22.705607
1.071826	57.102914
1.789766	40.813207
0.473081	6.665292
0.921105	16.947323
1.328206	48.320444
1.799722	23.087945
0.901265	11.621643
1.005025	44.146268
1.681492	39.636673
1.042130	34.204550
1.764035	39.580793
1.168400	35.758906
1.338289	10.316441
1.326085	10.402437
0.594488	8.846810
1.014747	2.652210
0.829641	10.100205
1.507859	9.788281
1.893026	77.056856
0.778375	15.696508
0.528349	20.476145
1.245292	48.746975
1.070423	8.228085
0.358369	197.355239
1.873913	57.660442
1.903397	72.476684
1.762266	17.430701
0.895304	84.005086
0.601413	33.143009
1.373041	109.895497
0.896946	22.122595
0.759006	32.804651
1.445612	1.446733
1.609147	147.219284
1.276127	8.861154
0.959459	9.959720
1.254136	37.190721
1.383798	5.796134
0.416647	20.025053
1.151120	61.554274
1.381710	50.964768
0.616801	43.844569
1.158701	31.718826
1.001860	49.740105
1.789431	19.276675
1.219591	38.026230
1.124563	18.946642
0.833594	16.366367
1.931133	83.430987
1.937064	75.688278
1.033179	33.756406
1.885695	25.082128
1.411833	18.463389
1.655697	52.447938
0.524791	17.925125
0.292825	26.913141
1.256457	52.248862
0.488231	3.129830
1.826692	25.848743
1.715537	19.389722
1.555553	39.040626
0.340528	23.582313
1.173012	14.228999
0.494151	6.096138
1.885063	20.474985
1.402940	14.915727
0.672883	28.403777
1.325681	49.614108
0.592761	26.184343
0.650873	5.656593
0.501805	1.509165
1.795427	7.226846
1.303496	15.458579
0.972082	35.563891
0.084166	26.169663
1.193584	7.765335
1.254513	32.913818
0.985828	92.004127
1.212018	10.740404
0.551549	7.309570
1.874611	21.005525
0.858239	21.006651
1.916742	44.711439
1.224814	2.630080
1.772063	41.405843
1.350333	16.586327
1.752973	62.525209
0.221167	12.403945
0.730805	41.329288
1.013122	8.922292
0.920931	1.663566
1.913913	21.842654
1.076316	25.773755
1.954717	3.318330
1.460077	33.887523
1.739267	119.778987
1.075063	5.365690
0.737538	7.175273
0.411909	21.357049
1.468112	8.405287
1.954211	17.037575
0.592144	9.300390
1.641559	42.604644
1.029844	8.022972
1.989341	37.165581
1.792786	46.570078
0.810863	9.173922
1.632449	27.608435
1.584755	81.926070
1.628894	16.756896
0.506725	31.474020
1.699050	40.644343
0.863458	27.833369
1.369964	40.262562
0.585722	21.740486
1.321990	17.356334
1.849860	42.711885
0.713205	8.308914
1.769449	18.810732
1.138465	15.160208
0.963195	14.930216
0.433369	10.172202
1.277955	35.172454
0.755752	5.656350
1.903317	17.986172
0.823693	2.054530
1.364562	18.370363
1.322603	146.089518
0.986233	38.560292
1.764827	58.448576
0.724727	70.401603
1.710782	70.215579
0.769474	49.329124
0.371540	26.137403
1.909309	39.733730
1.439647	34.405600
1.429499	38.553997
0.869533	67.353919
0.637374	15.487189
1.542378	44.959964
1.263404	45.660389
0.956120	22.707287
0.954322	6.392812
1.822856	29.435735
1.823501	26.143961
0.885537	3.692495
1.675687	27.204903
0.803701	8.454626
1.696814	17.825959
0.609864	7.791297
1.620921	66.590176
1.318363	28.707197
0.590715	4.276528
1.407600	38.423861
0.741874	30.295169
0.745044	26.430936
1.156456	30.349753
1.942088	27.504658
1.827525	25.174558
1.725279	40.193235
1.763391	12.707792
1.231405	10.035999
1.045548	18.141515
1.814594	70.413129
0.501582	34.854245
1.993629	28.891242
1.314339	15.764516
1.295735	17.366773
0.914094	47.530334
0.700096	11.674123
1.503780	53.952939
1.025324	30.440398
0.931192	15.782691
0.684422	24.914833
1.287804	126.149439
1.366817	68.785014
1.149991	59.363636
0.235762	3.139545
1.223012	15.936028
0.881104	17.577255
0.636267	3.672298
1.350876	9.107628
1.490242	14.113352
1.263448	87.841023
1.405431	91.230149
1.393931	25.415564
0.605399	3.267562
0.784442	3.276251
0.215776	58.166485
1.970559	22.579262
0.776230	11.751195
1.707165	53.510901
1.655982	43.634745
1.540803	2.936184
1.160077	12.932981
1.360226	27.753808
0.730544	16.514974
0.564306	29.450547
1.009763	34.569870
1.723898	65.680603
1.330758	37.561539
1.629574	25.636969
1.824532	66.996240
1.325573	31.733150
1.033998	24.940034
1.770437	7.264824
0.808874	20.740601
0.310343	4.496058
0.412628	10.629568
1.357807	7.663995
1.827693	20.387392
1.331130	38.437152
1.098556	68.866905
1.350130	38.132132
1.490046	5.055257
1.621443	84.968273
1.002763	27.531173
1.064352	1.331897
0.304795	20.332590
1.458010	50.739624
1.649128	15.837454
1.251727	8.065996
1.048379	25.412041
0.980419	22.165722
1.451172	26.373699
0.976606	24.695416
1.382823	48.448109
1.882399	6.869461
0.976394	8.063809
0.466963	23.489723
1.798989	2.447922
0.883748	16.577041
1.981376	25.056832
1.746330	21.926578
1.125505	60.690866
1.426102	4.573820
0.890371	15.015671
0.510246	11.310433
1.273926	10.033583
1.122126	41.246037
1.951174	35.482571
1.380407	26.510162
1.604260	46.020588
0.629106	10.094718
1.568838	30.077995
0.430960	4.811235
1.403595	109.016971
1.743896	40.312687
1.210132	15.778050
0.783143	19.542417
1.150951	33.851726
1.747875	34.167149
1.554891	32.422931
1.392278	12.119534
1.524047	23.942878
1.737175	8.745609
0.663491	88.856951
1.749117	42.992011
1.694712	129.480515
1.201777	62.658380
1.088902	30.477088
1.891293	38.396084
1.714407	67.586612
1.981537	53.511615
1.446280	36.440840
0.341083	18.481096
0.667571	17.209087
1.715785	9.588259
1.442169	74.152792
0.752284	126.429995
0.235062	20.557189
0.865906	40.855563
0.634002	20.117429
1.802458	63.370346
1.812712	6.568254
1.749752	11.184756
0.536671	22.051269
0.628682	11.362304
0.629692	19.412022
0.858367	24.293797
0.479897	5.696808
1.970012	36.037261
1.769626	38.144395
0.469479	22.006905
0.646744	16.048762
0.864947	3.238134
1.646515	101.571460
1.554448	11.052563
1.429531	87.923058
1.858985	47.002559
0.360632	30.302635
0.682342	1.672232
0.737054	22.967635
0.441275	30.883649
1.411367	12.510343
0.773483	17.295728
1.209490	31.872714
1.511469	6.862554
1.377379	7.898001
0.911125	39.579807
1.106158	24.947530
0.990978	31.111195
1.765446	29.057076
1.114923	46.077941
0.447424	15.717029
1.412960	46.704255
0.751612	4.633576
0.989093	77.011497
0.971755	64.204746
0.478613	7.116903
1.920665	45.394227
1.305553	36.497355
0.672318	5.968050
1.318470	11.003009
1.162832	17.021746
0.998933	9.451556
1.194254	24.010777
1.487830	41.080654
0.754990	14.114412
1.291897	24.757612
1.704533	100.095427
0.796315	46.455320
1.258624	7.009251
1.944426	13.199049
1.685401	27.990964
1.373818	83.655495
1.607233	56.471376
1.273669	20.998228
1.978129	52.687975
0.697805	10.380795
1.562689	36.650122
0.181853	3.145386
0.608581	41.407698
1.566048	10.593695
1.622729	6.996216
0.372676	15.936861
0.981539	4.621123
0.591995	17.817261
1.824249	4.255001
1.166308	5.993735
1.149188	5.727187
1.721254	40.832545
1.526345	57.426216
1.874978	19.322814
1.901017	3.331237
0.948550	14.461201
1.456148	96.510006
1.297710	14.446244
1.377972	67.749845
1.421809	20.344784
0.442413	22.497488
1.831980	108.175876
0.639689	21.288321
1.121764	32.827791
0.914310	15.737033
1.315487	38.128360
1.937591	20.653476
1.103486	51.801714
1.388922	27.953599
0.641494	20.629328
1.180057	46.574984
1.864664	117.684209
1.891062	21.353173
1.304609	10.851298
1.636751	25.153842
0.145629	14.338453
1.282412	20.788887
1.582100	23.259157
0.975204	15.496105
1.841564	14.305217
1.653535	30.655907
1.638433	40.803632
0.292421	22.487776
0.725930	58.063474
1.553710	34.907467
1.327333	133.611044
1.352203	11.152775
0.254897	8.795263
1.148461	69.166718
1.663908	50.964543
1.478782	31.397818
1.343238	10.738872
1.528186	16.982858
1.763151	27.576198
1.760898	46.365280
1.169534	13.116505
0.939850	108.450860
1.032593	81.974014
1.267336	6.758804
0.523579	49.198340
1.370810	36.742423
1.165367	24.844182
1.622099	11.774820
0.884397	15.889940
0.461171	11.891724
1.831201	44.444600
0.466296	66.517877
1.882897	3.648756
1.231711	38.275211
0.430807	24.920353
0.608906	36.527717
1.284567	13.371070
0.261132	12.652684
1.863630	45.620145
1.678915	13.625548
1.242249	39.743554
1.881253	26.927715
0.860620	108.281142
1.766916	29.700817
1.692473	21.867011
1.357186	23.739082
0.957615	7.128289
1.322297	47.083001
1.930728	80.590662
0.511293	5.667588
0.757708	22.316912
1.449465	12.257107
1.500988	10.347378
0.688610	3.938450
1.694262	28.240384
1.884809	56.876548
0.498367	14.994267
1.958170	25.743462
0.896449	51.922010
0.941568	25.687633
0.392819	41.157345
1.231581	38.548142
1.926777	75.446260
0.681740	31.997006
1.349823	36.363864
0.885246	18.322791
0.278171	10.152012
1.979065	7.192733
1.557572	68.156452
1.586615	28.013160
1.477888	37.102259
0.646877	23.062041
0.768054	12.415331
1.062463	5.736517
1.992606	21.380292
1.492243	65.678562
1.148954	23.212129
1.212619	17.964222
1.874840	24.886220
0.749318	6.018722
0.960866	23.622979
1.039579	55.800143
1.836012	146.687367
1.649209	44.891945
1.370502	19.310074
0.951015	40.429254
0.759890	42.906999
0.976615	19.385828
1.886351	18.488888
1.855873	12.785973
1.117999	101.557177
0.968303	36.235179
1.815540	44.810741
1.154770	10.097305
0.370019	15.127822
1.000304	21.877930
1.395029	72.553524
1.910490	63.582819
1.122006	44.991996
0.827121	66.616233
1.060660	25.579562
0.433246	48.867800
1.837913	29.036385
0.349048	19.221341
0.095431	6.839621
1.405192	42.763924
0.667787	49.002022
0.920837	14.183816
1.221981	27.241769
1.672578	14.085686
1.065303	40.984305
1.930549	32.111758
1.165275	20.405749
1.871325	54.505217
1.163969	23.140869
1.259545	30.708294
1.932106	34.625124
1.495720	26.394524
0.658435	16.650615
1.382042	12.616202
0.801133	9.508365
0.942871	15.995072
1.743282	43.472195
1.506549	90.301341
0.905784	14.014453
0.166746	43.290623
1.281930	70.941619
0.844365	31.948417
0.326971	13.165770
0.452260	35.298399
1.493253	33.928365
1.106322	32.817648
0.865217	8.549895
1.807882	37.164193
1.723129	51.630419
1.184823	42.374779
0.887133	44.340278
1.246165	11.657967
1.613004	25.406243
0.225994	31.807137
1.402862	23.193940
1.548483	11.026089
1.710377	37.227706
0.785879	40.875412
0.762141	8.386547
0.784294	72.839070
1.889500	11.343243
0.641146	14.375346
1.630762	14.041705
1.978425	40.886321
1.913202	289.299994
1.099621	34.265936
1.745139	40.598679
1.488609	8.094317
1.790332	63.280680
0.682094	22.384426
1.631205	45.829358
1.364222	24.756650
1.295212	35.119409
1.576721	21.747013
0.882931	35.223708
0.484621	24.048750
1.238621	79.689709
0.930687	22.326140
0.854964	80.312605
1.997588	7.870237
0.751941	18.864031
0.819244	3.293147
0.981578	19.207985
1.230976	2.260874
1.791342	110.018338
0.711711	12.514535
1.407914	24.779276
1.035929	30.682841
1.679908	22.394719
1.386983	45.701883
1.677124	28.202629
1.769525	41.624770
1.858883	52.616500
1.992948	28.071689
1.412225	39.355255
1.440001	5.831624
0.640317	10.720158
0.561941	29.327389
1.216959	60.570395
1.523827	20.068395
0.840994	35.536379
0.970901	34.277649
1.533478	10.878004
0.777013	7.459144
1.267325	12.689864
1.293000	51.512278
1.866513	30.866683
1.087974	3.120514
0.775009	6.558410
0.706917	22.568393
0.916069	4.522535
0.892659	25.274564
1.608873	23.781044
1.374865	81.477848
1.506971	7.653485
1.429226	75.077209
1.207407	23.444614
1.884480	4.554620
1.711335	9.269170
0.775506	8.911258
1.120595	26.222112
0.907462	45.809058
1.602051	10.084397
0.998283	25.840914
1.443989	40.087305
0.914530	7.606093
0.702585	27.068673
0.213252	12.555140
1.991230	51.379494
0.791034	12.756210
1.734163	44.804627
1.718508	12.035623
0.819914	13.665654
1.108380	44.031460
1.740132	29.128216
1.518016	82.612922
1.038033	31.737271
1.917769	79.260079
0.994951	40.819960
0.777742	28.416249
0.653017	44.634598
1.535263	26.029436
0.330083	25.971229
1.755180	39.368525
0.934071	25.635923
1.037923	7.875930
1.687429	35.414048
1.706355	19.314261
1.084505	130.743598
1.315601	78.113616
1.502160	39.611150
1.516217	78.460705
1.286206	50.789757
1.752493	31.077182
1.748369	81.749462
1.759768	23.126379
0.874850	6.791183
0.855811	42.323094
0.638737	32.465087
1.725152	47.714546
0.444369	28.270407
0.629236	13.113635
1.881197	18.958624
0.607311	50.429543
0.598881	2.331827
1.854110	15.961261
0.943575	50.059776
1.810579	13.395210
1.050091	11.678513
1.043870	31.680276
0.628976	33.466229
1.869159	22.013114
1.626275	24.775141
0.801886	34.727448
1.575060	9.686280
0.558629	42.022211
1.270958	9.219690
0.851337	73.496602
1.762532	18.442434
1.252061	27.864116
1.873263	58.903770
1.362154	12.302539
1.241391	14.426767
1.524196	24.729695
1.660152	29.059855
0.257781	20.273458
1.268684	13.044248
1.647584	15.004762
1.095960	68.603320
0.393596	63.874069
0.271870	15.055074
1.675226	80.666379
0.752336	30.075581
0.708881	4.958960
0.910186	38.086267
0.555006	18.715557
0.421215	12.772234
1.796253	19.017993
0.931741	14.153496
1.358036	10.299067
1.773735	38.693099
1.963362	14.563798
1.516043	7.030962
1.919411	35.593230
1.120380	12.366522
1.668650	24.918026
1.899331	25.223454
0.420802	43.454257
0.955382	20.856691
1.593844	19.874764
0.951886	34.140496
0.268768	9.477098
1.695384	33.450840
0.689105	15.417884
0.960858	6.601433
1.856426	68.143087
0.771969	13.502506
1.831499	22.029034
1.118899	86.972890
1.868382	35.398392
1.803428	46.494160
1.107784	25.014738
1.874311	8.572611
1.432834	7.839032
1.198969	56.157042
1.281200	6.475825
0.452317	9.022089
1.696251	10.512075
0.914944	16.403734
0.878110	21.969916
1.556403	220.671899
1.039477	15.415154
1.256585	14.818839
1.117419	43.513841
1.242374	14.589437
0.795751	33.333804
1.816080	10.010618
1.399311	37.753057
0.815994	0.662846
0.529047	44.702035
1.288308	3.729645
1.187722	34.464404
1.891184	65.657911
0.810746	15.621569
1.810864	9.960675
1.633569	25.908421
1.200303	17.348866
1.798617	45.576457
1.780077	95.924790
1.554935	7.122336
0.553532	0.871002
0.680168	8.465729
1.371713	123.682280
0.836235	10.521031
1.311651	15.881523
1.325942	21.689185
1.365021	28.006008
1.339396	14.988964
1.052569	90.419649
0.774465	21.579857
1.263111	38.472976
1.228231	16.981536
0.886478	44.943854
0.414321	17.776768
0.766015	41.907867
1.311078	19.927238
1.288533	10.994366
0.625699	15.798612
1.393182	88.154230
1.119055	52.423293
1.464035	9.620636
1.820892	20.024426
0.941065	36.171248
1.002770	42.183255
1.498579	26.695692
1.917795	10.854197
1.214709	9.308926
0.698012	43.888317
1.895190	69.942973
1.190211	22.546040
1.176570	11.045989
1.294764	29.871513
0.848341	8.866354
1.661252	10.899988
1.445223	28.751679
1.926957	55.782695
0.762961	4.740771
1.412626	28.709328
1.260267	19.095395
1.831490	33.613843
0.336086	17.364016
1.624932	22.582081
1.418463	16.553179
1.395407	60.878742
1.801036	46.585772
1.369036	33.530106
1.557191	11.454407
1.452169	30.223554
0.470382	9.374739
0.579875	21.282208
0.988882	54.969347
1.496916	35.885227
0.318389	5.303232
1.642837	9.605519
0.761362	33.487529
1.324063	12.307372
0.757981	27.049152
0.710896	44.450635
0.982067	6.617918
1.873734	10.574082
0.823178	2.613348
0.405391	9.234597
1.811864	54.779094
1.143739	53.538103
1.415484	53.582969
1.817401	45.099720
1.617126	20.640167
1.679282	36.350469
1.205681	17.944947
1.514324	33.670908
1.941258	23.223503
1.823691	35.493612
1.402656	11.815896
0.513362	40.292496
1.966991	17.107862
0.801600	11.013473
1.023835	23.826258
0.639845	24.722019
0.692806	17.587498
1.678171	23.655373
0.614172	15.530160
0.736231	22.579925
0.702283	27.543220
1.038512	12.303101
1.525322	44.078246
1.449383	20.071047
1.570388	22.655901
1.573575	36.728218
0.142039	27.121019
1.510131	20.620417
1.510180	13.476237
0.448759	21.923632
1.125847	18.336116
0.495647	23.250249
0.738941	13.826013
1.220137	51.549121
0.235601	6.434195
0.537641	29.838621
0.512194	49.536695
0.606065	18.294289
0.409649	10.745151
1.402135	22.867515
0.715916	135.423182
1.781204	98.939797
1.815868	20.520520
1.519851	10.963363
0.457218	3.449566
1.826540	39.757848
1.113024	88.113688
0.720700	150.747480
1.652243	7.534274
1.001804	36.221129
1.244519	10.098955
1.598054	7.093264
0.552502	22.020519
0.698531	8.965186
1.948982	73.054596
1.553617	9.825445
0.811490	9.197087
1.345255	26.469813
0.733639	23.012047
1.785656	29.262335
1.158368	5.408229
1.695147	5.712719
1.954399	20.449417
1.968893	103.052012
0.634113	71.428755
1.910835	5.292843
0.878311	12.260519
1.022063	25.038438
0.451398	14.279631
1.452005	8.036627
1.449800	20.406089
1.649595	18.484082
1.913160	63.065225
1.127433	10.524776
1.095867	35.874093
1.442351	25.067735
1.484532	5.884258
1.153277	15.060808
1.870277	1.668476
0.417583	9.892766
1.618265	20.359011
0.770313	24.603663
1.228477	38.158061
1.763941	18.784564
0.974788	23.227028
1.839247	11.449745
1.161487	32.138566
1.537414	2.452567
1.567356	7.803720
0.862414	32.023624
1.840779	40.636676
0.606212	7.080452
1.369442	3.951678
1.885644	28.725756
0.338799	8.003676
1.282034	112.051028
0.837981	1.058337
0.741963	70.961568
0.816096	20.171324
1.843977	48.272144
1.123409	7.324540
0.819798	6.762044
1.883338	10.513500
0.962055	62.712190
1.568538	24.735875
1.290844	9.206756
1.502094	73.286089
0.723655	32.378769
1.501140	88.909466
1.848919	9.587928
0.551986	78.705343
0.969895	63.735873
1.955511	22.516558
0.801088	3.404926
0.440997	40.542923
0.426919	34.415921
0.886654	19.288285
1.227795	48.218298
0.875869	58.264190
0.895938	15.860111
1.732900	37.087630
1.634246	99.944475
0.944771	15.172724
0.998963	29.664025
1.950778	35.331347
1.919397	8.030975
1.956311	59.491605
1.901879	43.780800
1.425940	67.640983
0.940707	17.805586
1.950493	39.972459
1.597718	20.608429
1.550164	45.144072
1.680985	63.877126
1.381915	5.085491
1.359325	27.865511
1.024731	12.033928
0.661210	31.564083
1.143128	59.282456
1.261371	2.111750
1.804926	12.141758
1.086943	29.241927
1.813077	97.147238
0.955493	1.563325
1.910629	24.313150
0.370919	2.372734
1.273224	44.383285
0.962014	50.332420
0.918124	23.481539
0.497644	7.392605
1.505268	48.285225
1.073056	45.127533
1.917631	18.134061
1.551932	63.451011
1.149726	24.367566
1.424766	72.164201
0.460281	7.836055
1.368056	7.876547
1.482650	24.070889
0.564453	12.285902
1.506975	15.877744
1.196558	18.812648
1.204968	27.563103
1.568705	43.972019
1.160165	4.408893
0.817106	24.351187
0.924433	17.132339
1.590973	89.995047
0.474605	26.626945
1.747418	19.801014
1.357756	5.149370
1.573815	49.259973
0.997073	33.224615
0.796757	6.435370
1.691631	18.096711
0.555102	18.902942
0.691321	25.083032
0.902564	6.674322
1.008918	20.418871
0.762537	4.612825
1.859673	41.522180
0.321789	31.820321
1.689932	60.681038
1.101419	23.773574
1.740135	48.639028
1.678456	105.309632
0.598337	25.627125
1.483046	3.846791
1.051313	32.734231
1.716860	19.603965
1.763205	10.074490
0.735617	30.832063
1.203516	69.801633
1.375877	66.755046
1.301110	7.274207
0.847092	11.785628
0.881983	29.688518
1.774342	17.207249
0.346043	15.093670
0.865025	109.106597
0.797345	2.993010
1.039260	93.506707
1.512469	13.703145
1.283536	29.321521
1.295985	25.620029
1.580319	54.521000
1.703260	33.593395
0.679540	80.500324
0.568812	16.863167
0.929203	7.877216
1.726930	52.409050
1.297642	78.858061
0.644988	14.145314
0.687170	28.002388
1.837019	53.339099
1.033511	31.152279
0.853055	14.026628
1.523905	16.055552
1.778374	44.171485
1.148999	28.476295
1.671074	20.782445
1.130270	64.603435
1.520435	29.525763
1.346787	19.029038
1.831007	37.498988
0.967537	17.306164
1.639530	47.856570
1.509230	32.140735
1.744323	16.251785
1.395394	26.937731
1.175726	15.530556
0.408544	9.137251
1.745675	21.935895
1.855413	110.223412
1.159933	19.292351
0.795910	33.588983
1.454326	60.232322
0.599806	9.656544
0.378117	28.049950
0.911080	41.365534
1.503211	26.013623
1.706395	21.435809
0.673527	14.445239
1.912983	91.900197
1.313003	88.150710
1.879685	64.412513
0.659284	97.270534
1.172472	16.430055
1.131441	15.826886
1.102369	59.543719
1.888475	2.621044
1.760713	40.087264
1.675878	17.321930
0.904543	39.529100
0.989743	69.013261
0.859865	8.735594
1.674664	25.388786
1.073482	14.111741
1.965349	25.765186
1.029383	29.124856
0.698982	8.708978
1.886990	52.957860
1.658230	25.307356
1.359292	53.655555
1.774726	4.624566
1.918260	36.373006
1.779287	12.959094
1.846865	38.803858
0.879895	19.840620
1.251643	14.168962
1.677428	26.161992
1.274247	30.261375
1.446408	7.281332
1.875854	15.813860
0.919644	20.055164
1.294166	33.574745
1.330034	29.229935
1.021930	12.865464
1.035539	11.555856
1.637433	39.126604
1.886450	35.690294
1.434343	4.320795
1.217434	30.204506
1.609118	3.120919
1.996425	82.586883
0.505619	7.180715
1.460923	9.841535
1.318994	20.215929
1.399415	18.029123
0.300660	22.209434
1.928247	23.507426
0.513430	30.476684
0.939331	21.085406
0.924455	33.058514
1.583071	30.051690
1.489798	2.745186
0.447595	27.916649
0.659120	60.513309
0.957523	77.729135
1.539442	10.535507
1.886005	16.750588
0.952214	14.820912
1.273584	73.669246
1.042274	85.554233
1.350559	19.730527
1.425773	6.854725
1.262742	2.606681
1.067631	35.548858
1.808012	6.725631
1.687561	10.685047
1.997398	11.179517
1.103895	16.769159
0.370186	2.540188
1.460607	66.216092
1.659322	116.043078
1.898026	62.290222
0.222984	17.150535
1.807697	37.961450
1.260422	54.764212
1.045696	46.146110
0.795334	23.880828
1.706273	77.590404
1.028486	54.296272
1.390960	28.232230
1.252863	29.744921
0.866357	68.271702
1.665962	31.905875
0.924254	30.189932
1.665250	68.823119
1.099086	134.224092
0.334857	8.936235
1.634986	61.940590
1.838601	15.635630
0.595560	40.425979
1.362259	15.413314
0.476747	4.511076
1.730528	22.807366
1.980388	32.830787
1.227974	44.056212
0.948878	76.002847
1.755038	58.205837
1.266443	14.377974
1.158987	53.454058
0.805679	108.204339
1.407993	106.318351
1.393577	131.626370
0.865818	2.644132
0.776561	8.236510
1.143188	39.223966
1.161687	52.558176
0.614482	74.871514
0.887915	65.725003
0.680487	15.301779
1.842020	63.303234
0.483923	82.236838
1.806410	61.232520
1.277023	32.488733
1.481414	39.351960
1.876496	167.865702
1.031050	16.549227
1.537213	78.600730
1.490933	27.981655
1.981019	9.097261
0.396859	8.976233
1.168648	112.396951
1.982982	11.846008
0.972036	66.383951
1.944314	50.226841
1.710259	23.477005
0.990187	9.368464
0.330533	21.598500
0.895015	17.588282
0.604259	7.232139
1.127875	44.031523
1.902394	29.696793
1.254280	17.217088
1.156697	35.472898
0.784350	49.253596
1.416049	71.974982
1.168555	46.799985
1.643021	9.963762
1.259504	8.092910
1.818651	5.439670
1.658693	8.961858
0.649615	19.750737
0.630709	11.221611
0.308317	17.290007
1.036685	30.045336
0.425511	12.800637
1.160383	5.458673
0.829242	30.193559
1.232823	62.924217
0.676415	39.622479
1.308713	6.615096
1.945554	22.613714
1.439549	34.694598
1.331297	7.025460
1.666365	15.079032
0.177458	21.009672
0.898514	22.588704
1.978794	59.314641
1.658091	40.975932
0.525852	14.056410
0.969782	15.692755
1.145151	46.796739
1.894519	1.716836
1.363673	52.505158
0.491814	27.718585
1.248995	39.515185
0.909902	21.670731
0.989205	53.465910
0.583152	7.351255
1.173646	55.946242
1.487629	44.860775
1.623037	72.394365
1.526372	48.385738
1.474239	43.077646
1.791508	18.973801
0.979180	22.231554
0.782270	15.204510
0.523760	18.253682
0.691032	20.558801
0.658474	9.347037
1.859463	34.326851
0.719566	5.694247
0.535035	16.221485
1.084878	5.417050
0.698642	19.553504
0.619132	35.539481
1.026411	93.363601
1.870365	45.660662
0.336378	16.917781
0.769904	16.185484
1.721806	34.090589
0.835920	17.874148
1.147007	13.481099
0.546292	19.174286
1.677248	27.098673
1.588120	20.274073
0.613730	3.827997
1.915885	98.674382
1.370262	7.433425
1.681809	13.643934
1.629479	8.870498
1.263901	29.858739
1.604781	24.032498
0.823096	80.472104
0.292582	46.353816
0.994532	7.841000
0.664784	19.406315
1.969226	52.861076
1.877092	20.711256
0.647702	8.066548
0.997549	49.159287
1.249358	37.709898
1.082543	61.923905
1.533314	47.073634
1.240707	27.554035
1.332595	46.848405
1.499812	96.128466
0.304934	23.247851
0.238605	4.219035
0.715015	27.090575
1.560773	66.664304
0.827633	37.836453
1.871622	116.093161
0.495245	65.423465
1.354348	99.025994
0.314115	54.312399
1.954629	32.452721
0.780616	8.325592
1.365827	72.693515
1.924045	36.065842
0.336079	3.286908
1.254455	55.655261
1.275280	36.898593
1.009330	18.922666
1.465350	46.562402
1.298811	22.439053
0.842607	19.976448
1.541251	55.689851
1.184795	72.078407
1.191011	51.912291
1.922225	10.285637
1.287660	12.986640
1.661197	28.131243
1.788655	7.719947
1.355568	12.068628
1.663815	17.255311
0.942670	9.931230
0.722236	19.048149
1.526599	3.679893
1.881169	11.867210
0.384189	11.859174
1.628354	98.102604
0.327362	14.321456
1.173415	27.943905
1.499140	23.257494
1.092611	19.330163
0.928767	45.258589
0.731483	34.700485
1.964029	67.205655
1.340101	23.391071
0.613256	11.883476
0.404121	17.097457
0.832750	12.379819
1.293004	14.112234
1.611587	45.646708
1.969030	36.303253
1.736790	9.117399
1.401974	5.518313
1.483139	35.326605
1.268365	24.447842
1.137146	3.548527
1.661300	28.611062
0.713552	9.114933
0.981658	65.736952
1.965343	21.107211
1.342202	9.641886
1.233229	25.358311
1.762849	26.743394
1.626780	14.190765
0.969116	18.093949
1.422779	32.274672
0.728771	29.342967
0.420211	8.148234
1.983459	51.684141
1.589254	67.073746
1.888439	27.266012
1.733611	72.474014
1.127293	37.608164
1.779396	65.131152
1.664311	35.087852
0.858095	100.327714
1.418387	34.493379
0.935360	45.600201
0.816564	19.389242
0.503861	38.191438
1.299749	29.482967
1.072868	35.343659
0.520222	15.672488
1.560849	37.110542
1.567928	33.718061
0.818784	28.253006
1.928621	22.511989
1.650850	5.768414
1.692747	30.892779
0.153127	9.286995
1.964944	23.616541
1.984185	22.184931
1.246231	43.160439
1.975609	17.415511
1.402230	23.771040
0.626442	13.108491
1.706437	128.292519
1.321931	11.441391
0.994869	125.592872
0.820294	9.424995
1.263639	5.070190
1.520924	24.778121
1.803671	13.968276
1.382168	5.439689
1.107859	25.854088
1.431961	7.381506
1.230913	24.729414
1.461534	38.575633
1.397520	61.784974
1.965343	8.296848
1.417254	22.856499
1.519858	23.603102
1.827767	34.268694
1.860292	39.729605
0.640940	38.177224
1.166192	29.354309
1.907579	49.834580
1.934826	20.791831
0.737456	46.084638
1.150955	16.786737
0.892212	19.302853
1.670470	56.143915
1.764987	2.139761
1.189413	11.520742
1.496854	137.880417
1.792676	54.471886
1.547570	18.596320
0.672671	27.560342
1.551284	78.204301
0.677698	17.380943
1.464147	40.269333
0.981024	66.606079
0.431312	36.283434
0.803350	2.581913
1.188116	6.387227
1.990242	200.537851
0.853788	48.418067
1.965503	49.485622
1.029232	43.324836
1.935215	30.653896
1.928937	21.732605
0.645137	20.240295
1.728726	17.421108
1.261278	131.851857
1.512615	46.418595
1.648129	27.420854
0.606043	9.698140
1.683055	66.555755
0.931758	16.080609
1.581950	8.959883
1.345066	22.139095
1.510318	32.849405
1.418193	49.037373
1.700590	4.347740
1.831185	108.346326
1.159102	9.376687
1.072475	12.469513
0.830683	23.752633
1.705836	8.019202
1.946489	55.280673
0.747265	10.414830
1.172271	26.500342
1.639406	42.265085
1.437778	8.581587
1.707666	31.959182
0.263362	18.591596
1.857646	44.453248
0.446466	20.504316
1.153633	58.132190
0.887426	22.814889
1.884349	95.618716
0.886395	81.635371
1.043400	68.099719
1.821418	5.023944
1.291191	40.909113
1.836913	25.373441
1.474919	9.729473
0.497107	26.084405
1.137468	43.156970
0.711701	2.172775
0.457739	10.935486
1.044148	9.429196
1.853035	62.426896
0.590828	28.154428
0.190602	10.166608
1.895324	13.977474
1.280329	17.318228
1.322667	15.978949
1.884761	35.716484
1.533554	7.465075
1.725789	47.047648
1.639643	30.577097
1.401809	16.350872
1.515906	74.856326
1.325821	38.276219
1.015459	10.025270
0.903275	30.990751
0.710851	20.134298
1.013275	23.557651
1.349874	28.895494
1.365678	60.869607
1.508455	11.376384
1.807452	26.797197
1.461319	24.606373
0.701114	50.748807
0.314834	20.693731
0.750124	58.016126
1.852519	52.400657
1.336148	10.763701
1.759466	48.416466
0.817039	91.016438
1.548113	8.248575
1.580901	16.393316
1.699232	108.781528
1.288377	19.663879
1.674708	35.195322
1.895890	152.012582
1.931008	17.199065
0.608017	26.113257
1.420319	19.383642
0.581371	11.465661
1.875442	11.352794
1.927797	68.159160
1.234845	29.072328
1.935026	35.479326
1.633186	15.625109
1.527199	6.784085
1.355609	15.784773
1.094864	93.177475
1.941279	13.800716
0.750452	25.614145
1.688510	11.416932
1.034264	36.602961
1.613486	35.387191
0.687072	11.897608
1.043350	22.629406
1.912978	42.627134
1.320758	38.794105
1.222378	4.207220
1.611762	43.219114
1.110541	45.784076
1.225032	21.750756
1.325678	16.299211
1.983685	48.409005
1.692853	8.471794
0.374198	3.299526
1.659613	12.562846
1.239897	10.681728
0.810686	31.613983
1.767059	3.277897
0.878716	35.572108
0.960126	6.939588
0.451401	18.963098
1.963597	82.792578
1.677566	206.625052
0.655844	22.794055
1.219836	19.918640
0.986114	8.088589
0.344758	12.718771
1.882803	60.889553
1.745230	17.282706
1.978713	73.279581
0.831242	29.514915
1.532412	4.974242
0.591948	40.880598
1.132327	78.178655
1.756572	67.969940
0.203157	28.629387
1.206591	18.631402
1.137331	29.353349
1.519798	15.984860
0.823319	10.724043
0.705741	26.389619
1.459607	12.828846
1.445540	37.399577
1.611273	65.025481
0.838796	75.913645
0.264475	9.962724
1.805157	28.833548
0.767409	5.915180
1.111934	14.433780
1.188294	129.107291
0.732417	17.632998
1.266518	38.703114
1.862300	11.867874
0.880087	99.719808
1.265788	9.620879
0.941305	21.262578
1.968650	11.011744
0.792963	25.971343
0.571828	10.983229
0.644558	20.648660
1.033637	21.186521
1.314154	6.921057
1.485429	8.832575
1.328361	26.293856
1.848470	62.886487
1.023107	253.316367
1.551797	16.908146
0.874788	43.109376
1.505973	35.022152
1.880568	6.846119
1.964890	13.204655
1.577917	32.804114
1.907063	82.924956
1.503990	22.803702
1.940339	57.704408
1.836628	61.568029
0.565520	12.896068
1.196732	9.623350
1.002994	44.201853
0.320956	25.779888
1.185896	5.234837
0.656353	81.697767
0.361287	9.041346
1.152939	32.069461
0.813689	31.549383
1.895647	73.016032
1.704083	35.644269
1.929045	54.824394
1.810644	22.091681
1.575299	22.351653
1.380688	8.174302
0.458682	50.853975
0.870811	63.933475
1.549405	11.625344
1.086300	50.627848
0.968036	9.673773
0.559281	11.074893
0.472312	12.362192
0.774002	1.873293
1.737761	31.658797
1.477973	14.853920
0.992751	10.282499
0.445487	9.179980
0.734358	20.225173
1.160283	19.947082
0.666227	3.644018
1.627661	21.346530
1.667263	23.993637
0.632544	14.788714
1.573665	28.209262
1.253716	35.400314
1.939028	23.807490
1.665635	46.233956
1.362353	49.028306
1.389565	17.241351
0.716517	19.643327
1.829719	29.050778
1.323659	24.397362
1.345717	25.518873
1.347679	34.005182
0.888209	8.424594
1.703152	6.195898
1.780794	13.005461
0.907437	17.405141
1.148032	25.137256
0.716971	2.374590
0.824385	7.983224
0.984905	9.704969
1.842877	11.179800
1.423073	8.235830
1.366290	72.272042
1.913956	65.197936
1.671362	7.416088
0.262775	6.543206
0.605606	68.414931
0.840235	4.721378
0.933584	30.374226
1.736968	34.915104
1.638754	14.055585
0.650402	8.102645
1.286024	64.346009
0.571333	18.390459
0.704972	54.017109
0.830679	43.264951
1.848089	7.653930
1.031571	24.096028
1.864716	21.595634
1.609695	8.821410
1.607676	51.925798
1.689971	29.175638
0.540014	10.381636
1.707031	82.476669
0.848475	25.642022
1.973849	68.892202
1.758840	10.669199
1.994527	12.569245
1.898555	38.785683
1.022230	9.694053
1.905855	34.206484
0.975780	30.911850
1.472389	53.228259
1.713227	41.501115
1.056758	4.326471
0.762923	41.105515
1.831699	5.488000
0.557654	69.268760
1.030409	67.818524
1.295901	89.621277
1.691897	17.269092
1.790928	69.277782
1.252813	129.099541
1.344677	38.934250
1.767561	22.186023
1.186059	35.608210
1.323443	50.242520
0.277020	4.483494
1.920940	46.862268
1.334846	19.798386
1.574723	3.792927
0.840507	12.147567
1.468385	34.700793
1.175557	45.436505
0.579052	10.822673
1.730957	29.266837
1.745119	19.209784
0.453545	20.860803
1.070067	18.796114
0.896829	17.353101
1.259873	12.750310
1.218709	16.191743
1.468145	37.365597
0.839779	25.589021
0.794913	26.711721
1.568328	50.869325
1.961332	82.843131
1.913295	65.665459
1.672378	26.327914
0.464541	4.413308
0.823055	21.776314
1.517745	4.823632
0.920342	28.128113
1.074707	31.591650
1.925053	19.629366
0.515772	3.279554
1.779091	28.500682
0.411377	38.522497
0.988005	14.612284
1.317943	30.894128
1.017003	15.299052
1.930628	28.546398
1.241986	6.800632
1.584165	6.583899
1.536383	16.138478
1.738558	2.015648
1.783245	3.171280
1.185014	13.879480
1.781826	34.863426
1.463706	54.391193
1.512407	62.288266
0.705651	18.163315
0.835686	11.064368
1.514807	5.238752
0.870520	71.519834
1.220570	49.444375
1.220458	69.954349
0.816566	16.648506
1.334424	18.923798
1.330356	54.723267
0.615789	17.490370
1.055437	7.806626
1.031734	9.557818
1.327879	3.333448
1.607563	37.659795
0.275835	8.318896
0.623401	0.713868
0.930462	50.088165
1.700579	33.588507
1.206317	84.984818
1.251699	6.707225
1.098577	28.690208
1.107633	5.219413
1.963519	28.768327
1.837604	35.104772
1.572153	64.248151
0.965993	10.386236
1.255875	9.829191
1.517424	25.921087
1.076169	98.151519
1.271944	23.108724
0.650944	39.312042
0.534124	26.405897
0.694165	14.917226
1.617137	14.161243
0.737325	28.761406
1.878833	70.820243
1.035968	11.141070
0.697519	26.646052
1.723373	28.073660
1.170472	17.300474
1.066765	6.369097
0.974546	7.823607
0.976229	67.189659
1.478607	24.359648
1.296013	67.591913
1.187004	17.701982
1.155993	18.046565
0.643277	31.795728
1.727429	8.033323
1.882210	32.184952
1.688003	64.100056
1.162367	37.693136
1.954848	151.931711
1.411898	52.223632
1.645098	80.228579
1.595309	57.779373
1.545009	3.920290
1.446627	6.087901
0.776925	29.619817
0.918191	55.676980
1.818873	19.537818
0.718508	3.096510
0.663690	18.547374
0.901312	50.287968
1.026542	1.409656
1.314568	7.487939
1.392418	16.188849
1.670372	25.843385
0.481347	17.574816
0.770839	65.403046
1.243160	19.817833
0.845459	12.947550
1.798168	39.319625
1.443919	33.184832
1.220859	10.290237
0.072674	3.662544
1.775052	11.593951
1.176812	67.613779
1.282269	14.266366
1.530695	34.851250
1.899096	21.636215
0.676231	62.899612
0.475136	56.469635
0.600267	6.021654
1.594555	48.242583
0.616354	18.185763
1.236919	21.400206
1.543030	15.958420
1.552440	17.115799
1.094214	20.895249
1.531209	51.560827
1.919166	35.025213
0.325458	42.487770
1.490460	98.534838
1.269182	53.495102
0.778678	20.493022
0.939716	43.796248
1.741737	35.169679
1.364729	3.235904
0.253067	18.441435
1.943826	85.293378
1.482702	6.745729
1.149351	7.991417
1.551797	63.195703
0.764199	21.703377
0.861831	58.133084
0.664023	6.204652
1.080003	10.238604
1.847151	61.072761
1.066966	3.925128
0.907767	40.966078
1.538631	45.910521
1.792114	79.750511
0.834196	13.495720
1.696758	97.344337
0.935016	54.895275
0.839486	14.185205
1.194982	72.888749
0.462406	9.586032
1.780633	14.978278
1.799504	23.577660
1.499419	63.350916
0.931906	4.557339
0.692992	49.643430
1.531494	84.313462
0.557196	20.317904
1.101478	58.164029
0.522164	12.908383
1.124838	35.622095
0.627516	18.813572
0.343874	10.737984
1.160056	31.467856
1.336206	32.745734
1.144360	46.466100
0.711240	8.986191
0.492371	8.683821
0.610046	46.689998
1.574030	134.771951
0.261689	19.428183
1.782314	16.577126
1.746279	41.991751
1.809085	30.117124
1.806389	61.687251
1.484689	38.539824
1.757643	35.094055
1.578876	87.124713
0.927420	41.056683
1.616335	134.470858
1.407337	41.373439
0.323222	18.178821
1.663792	28.325017
1.794032	11.651694
1.261517	15.786111
1.216062	39.820211
1.126073	27.018375
1.561569	73.623170
0.783807	13.302054
1.644873	44.989976
0.914742	10.051242
0.863567	42.279119
1.698686	44.238223
0.707842	26.182270
1.781073	8.721142
1.964019	16.280005
0.959266	23.999835
1.883840	66.620247
1.334306	30.248836
0.859926	77.729406
1.164427	25.717095
1.684710	43.101233
1.483378	32.360909
1.227660	27.162843
0.856507	17.708799
1.572043	51.707870
0.948749	12.800499
0.976922	55.045512
1.603859	9.487312
1.322448	16.072668
0.729602	31.828539
1.513980	103.576275
0.857752	6.291951
1.624463	64.830012
1.203619	22.866711
1.376741	4.745156
1.385641	28.044007
0.653201	9.745687
1.459273	61.429904
1.788250	39.112801
1.825910	50.765803
1.516136	101.881568
1.949654	49.024390
1.381629	33.672014
0.852366	89.674164
1.473731	70.786201
1.854215	38.636312
1.020860	13.594833
0.869203	20.539856
1.945668	29.312585
1.633653	19.989545
0.409635	14.543754
1.326534	28.809490
0.817252	19.005249
0.905682	11.996276
0.519052	48.509453
0.811262	29.207876
1.243257	1.528693
0.495422	2.695740
1.823542	35.429546
1.647106	18.041753
1.055849	43.006862
0.618400	53.450950
1.990172	42.960731
1.329689	18.162427
1.119550	15.865580
0.753370	10.856278
0.761738	17.424238
1.678829	106.805964
1.265105	50.711892
1.973963	8.625733
1.924113	54.083236
0.768295	47.566551
1.998980	50.794531
1.978172	44.204970
1.683524	44.462448
1.070536	37.208720
0.799234	26.083492
0.557362	3.079220
0.416930	13.263591
1.716537	37.876005
1.912043	31.055805
1.642779	34.385488
1.622261	134.563569
1.107686	43.457578
1.445428	4.209375
1.490214	27.759344
0.856444	45.258513
1.591468	42.836179
0.651778	11.583375
0.916561	46.452447
1.368903	61.004504
1.294416	118.664210
1.540158	140.510415
1.358811	60.793062
0.408846	35.429290
1.963756	58.799666
1.629009	8.059723
1.809026	40.810172
1.690639	98.344192
0.778328	9.269133
1.891532	20.764820
1.974096	52.589062
0.495715	44.382766
0.676680	3.772890
1.984184	19.585329
0.916575	5.386643
1.714999	28.377176
0.483385	5.915948
1.582057	44.125576
1.535378	9.968549
1.899398	20.500525
1.576444	61.163259
0.380165	19.695956
1.161139	48.988792
1.003687	29.002201
1.340710	23.611516
1.127670	8.784262
0.895839	27.797973
1.475032	6.402937
0.945238	80.060712
1.762645	24.841013
0.964254	13.472825
1.258330	15.297922
1.724570	25.508657
1.719747	9.307530
1.363532	47.887634
1.053592	54.881739
1.321715	41.815821
1.761135	41.797859
0.789737	5.386335
0.601539	8.329468
1.357502	15.779312
1.345636	17.952927
0.916058	38.985339
1.136974	59.017334
0.521452	6.696472
0.619545	147.392515
1.728129	41.007446
1.182244	33.382601
0.549362	8.051729
1.938203	11.563189
0.773919	33.129964
0.954516	86.494627
1.955399	18.762476
0.720266	78.135613
1.949249	6.277958
1.566692	40.927541
1.125546	19.015200
1.376658	33.001603
1.247233	55.135062
1.691879	49.218791
0.450951	40.734988
1.705150	38.077577
1.952308	28.787414
1.129567	28.549690
0.740006	46.631916
0.570621	1.819282
1.001902	22.541905
0.619317	13.077938
0.809017	52.268194
1.465176	33.229301
1.108598	24.720482
1.841351	32.694794
1.181387	5.162332
0.668004	56.309224
0.636266	24.606316
1.522973	46.436939
1.434598	23.499314
1.545095	14.516134
0.989293	32.622823
1.863472	6.033134
0.581999	7.636000
0.346662	19.729248
1.596703	22.840467
1.498968	5.463162
1.225833	88.758161
0.388515	28.416568
0.582996	10.137079
0.747222	56.882381
1.441768	46.427641
1.478020	26.157511
1.498728	2.863252
1.689293	17.145526
0.310492	7.480363
1.448526	23.451954
0.846738	11.324834
1.341173	38.950611
1.590255	56.407080
1.563393	19.293451
0.907463	16.073822
1.015319	31.087725
1.867069	103.132216
1.759900	19.497653
0.855983	25.466164
1.364936	23.914482
0.567055	59.854134
1.464329	36.390833
1.415921	41.181638
0.867639	32.916648
1.117824	9.294411
1.657615	28.242562
0.853325	67.028725
1.636412	9.117102
0.953677	19.602826
1.745469	68.205831
0.336682	9.506635
0.857914	30.333465
0.714062	30.801929
1.824916	38.558259
1.127969	45.360350
1.303377	19.172870
0.830488	12.772000
0.614362	3.305099
1.381579	28.822361
0.899893	16.777200
1.885403	32.269542
1.200071	4.031711
0.635255	4.426509
0.305549	14.135082
0.813505	11.853438
0.959345	8.334650
0.768548	21.123896
1.031384	28.288728
1.806731	83.208955
0.403445	8.354372
1.686506	37.175306
1.123828	11.352771
1.849860	30.885402
1.483994	51.921547
0.689485	24.013584
1.934393	19.978323
0.669239	44.193421
0.985396	50.036123
1.965540	22.364427
0.777345	25.540078
1.430547	37.033850
1.963443	42.584567
1.516685	49.734508
1.477595	18.259183
1.416212	37.547806
1.318025	33.512668
1.917793	81.394520
1.300636	21.235139
1.478390	25.663975
1.591707	56.496010
1.276764	33.106271
1.820446	19.413579
0.300549	15.887863
1.077233	17.700696
1.408902	8.473320
0.280056	13.884793
1.898207	55.436671
1.725122	131.900267
0.790190	41.343149
0.978231	16.225447
1.499081	216.658364
0.992862	15.136803
1.772118	70.945190
0.841468	14.940109
1.712673	27.457413
1.182435	32.221569
1.165541	14.297025
0.696361	4.099665
1.972940	23.136971
0.998874	5.834276
0.764293	37.531399
0.344959	19.858458
1.225759	43.884646
0.344191	13.868656
1.168535	34.855214
1.843910	20.801368
1.232423	47.495426
0.387140	3.889690
0.868400	10.908114
0.406152	57.205307
1.811537	75.690155
0.827092	38.236312
0.457513	52.031765
1.942497	60.358490
1.216231	17.415930
1.093121	46.163933
1.882578	4.762421
1.281419	9.913032
0.896846	12.584390
1.672354	29.250079
0.880803	9.349865
1.149629	16.425883
1.689480	23.029964
1.889513	16.489018
1.392953	44.506550
1.242636	33.612329
0.488954	7.311946
1.409482	4.894754
0.970000	31.803619
1.257084	14.764884
1.600411	72.727941
1.443971	6.222104
0.542380	10.558402
1.080267	11.687640
0.754938	16.647527
0.661983	8.639365
0.792527	18.331790
1.872426	14.248493
1.552061	19.751173
1.852523	148.633226
1.245095	27.888056
0.100301	9.744049
0.353187	4.118717
0.648852	19.001617
1.655198	18.933810
0.758896	114.908710
0.553641	16.862121
1.778699	9.037306
0.806964	14.200776
1.239065	40.600740
0.990421	5.149648
1.834318	30.658432
1.540412	72.203417
1.166362	46.540132
1.781915	94.746482
1.573454	1.381629
1.698222	38.947546
1.963534	15.320620
0.761620	23.444819
0.760414	3.189744
1.319578	4.016615
1.284054	73.281950
1.791354	26.327264
0.671644	5.321281
1.122691	76.753004
1.277063	33.917919
1.181741	10.913531
0.463485	20.550363
0.655335	41.344291
0.666926	6.995824
1.378294	35.549834
1.128488	102.641171
0.715107	5.893161
1.588410	58.342203
1.689166	29.797629
0.774265	35.237705
1.567481	64.518549
0.453252	20.128873
1.770843	3.738579
1.939581	24.546264
0.671555	15.135420
1.663488	7.576117
0.543274	119.655477
1.937210	11.215525
1.163580	6.324901
1.288025	24.648840
1.629626	30.659149
0.841995	14.741538
1.082746	27.380488
0.471823	17.811092
1.405916	5.707590
1.683603	76.929388
1.764480	21.042922
1.289622	12.013881
1.632524	22.640826
0.659522	8.445451
1.598616	39.391493
0.164803	23.027458
0.746385	11.688362
1.435687	38.591293
0.960332	59.138643
1.100717	26.036810
1.724640	23.870317
1.341260	48.093168
1.082904	22.637694
1.184182	13.058605
1.759193	1.744779
1.213914	85.581063
1.801080	40.543130
0.839115	22.025353
1.285763	35.827021
1.036716	1.250324
1.371264	20.022339
1.347816	22.039975
1.341576	34.245189
1.276857	75.074444
1.167136	41.251310
1.856106	31.373199
0.874407	9.124561
1.136206	79.469692
0.776198	5.826689
0.978995	33.273274
0.842336	4.916320
1.487979	28.593024
1.544708	27.580010
0.889039	13.464332
1.973332	11.753467
0.901420	48.569573
1.728224	94.154111
0.915161	12.812625
1.104658	22.758812
1.480514	13.822964
1.321309	22.361746
1.244712	35.680072
1.675789	40.946493
1.544870	22.457684
1.862104	12.514683
0.811003	25.119896
0.264429	9.399180
1.999769	87.487159
0.900083	11.901487
0.385824	45.826608
0.839542	40.323474
1.486577	12.611980
1.366531	41.030215
0.768080	24.971999
0.730332	42.586501
1.151918	3.786674
0.246191	14.027002
0.130761	30.463222
1.409229	106.617157
0.967911	14.822997
0.306168	24.524942
1.175229	33.808135
1.896069	10.718356
0.852437	53.427721
0.845887	25.252283
1.187519	17.345620
0.656577	3.485492
1.440601	27.029676
1.744991	86.046604
0.745794	3.669979
1.471584	41.020679
1.820892	38.626902
1.844594	31.230035
1.314202	34.814940
0.664362	19.215776
1.472238	13.562395
1.585636	24.564432
1.615103	58.316797
1.894129	67.653758
1.406887	71.497555
1.184707	30.504475
1.239263	35.571869
0.961935	20.806716
0.433895	36.680184
1.559511	3.561009
0.284948	4.753004
0.454731	39.717102
0.981965	18.373768
1.888915	20.199108
1.210235	13.602290
0.783316	16.433482
1.835099	41.878616
1.342143	40.237286
1.037932	6.513629
1.556889	96.304932
1.147052	69.541090
1.578346	39.178288
0.789017	24.498068
0.660083	3.805924
1.176928	35.863207
0.958823	3.431542
1.391846	5.140445
1.667504	74.280789
1.842113	7.414213
1.624518	19.831771
0.994017	17.795390
1.574409	24.410503
1.280003	68.091106
1.849328	5.498417
1.543609	40.302047
0.660195	7.282382
0.494164	1.880718
1.300756	24.095921
1.030513	8.852388
0.695699	29.936307
1.681039	34.096436
1.046632	90.053610
0.515019	7.555064
0.864862	43.954877
1.498683	31.746606
1.455493	66.447039
0.865196	20.808922
0.993160	11.436776
0.409791	22.182512
1.924380	4.124870
0.970892	67.132920
1.886284	62.389833
1.705899	0.942377
0.983634	9.410624
1.524515	57.321121
1.195985	22.596608
1.962053	46.455095
1.441417	47.913566
1.263903	48.931945
1.440647	12.838907
0.792344	19.089676
0.937580	32.043443
1.552341	30.329733
0.509068	19.184862
0.931427	31.801502
1.413269	21.955519
1.992980	48.708772
1.880335	93.627790
1.734128	16.172538
1.236680	8.329920
1.691889	14.668307
1.323183	41.517925
1.173199	4.464808
0.798138	13.230190
1.920638	9.727491
1.381519	16.088701
1.496403	14.817416
0.641357	12.921757
1.131505	67.746454
1.942701	30.779232
1.620186	24.772761
1.812757	11.097787
1.078172	13.447579
0.461657	11.953167
1.009320	36.448813
1.047518	24.596069
0.929048	54.540980
1.275268	16.193702
0.741359	6.775033
1.899440	43.894222
1.851607	46.863646
0.863742	22.228331
1.460777	45.709489
1.237156	31.035837
0.844189	37.972343
1.835178	6.860660
0.811382	36.632455
1.420787	120.326569
0.983912	29.571317
1.724703	15.993945
1.414405	67.451428
1.734701	13.317879
1.003406	13.705461
0.229263	18.003785
0.794836	20.827711
1.706721	7.634882
0.954449	32.626668
0.958931	5.966979
1.159916	39.920310
0.885613	21.304105
1.695498	13.269464
0.962205	15.389169
1.390065	61.107974
1.162003	20.093721
0.906570	41.096557
0.869978	8.045401
1.238282	52.271405
0.775546	28.752639
1.000145	24.268565
0.372605	10.657580
1.669808	32.269597
0.388326	15.805840
1.796275	24.098969
0.401486	7.891680
1.758794	6.480741
1.449869	24.063062
1.244335	61.859843
0.649385	7.119033
0.855601	26.248127
1.518507	27.654755
1.253584	7.674198
1.256857	56.003371
0.624836	28.339240
1.198194	41.019200
1.369741	35.691348
0.601145	31.006603
1.958308	27.122553
1.730778	50.325614
0.955408	2.697647
1.329808	29.713168
1.323239	10.188162
0.565548	8.629022
1.142610	77.080663
0.769986	61.282774
0.980527	22.693267
1.909337	36.385477
1.311884	84.746626
0.462908	17.292089
1.491811	20.012201
1.997780	53.298759
0.694918	31.888374
1.507708	78.956115
1.721855	12.587664
1.752425	2.080213
1.544579	9.174335
1.855306	20.829951
0.343474	35.452108
0.454894	12.078878
0.627613	5.272747
0.387150	25.498752
0.595918	16.957560
1.710615	15.757189
1.834169	39.580244
0.984906	24.929093
1.930672	92.651429
1.112654	41.459557
0.703228	33.526750
1.505288	55.858653
1.115506	19.924664
0.282646	1.274179
1.945429	48.049886
1.381068	31.906455
1.404001	2.828229
1.971818	20.801155
1.736107	6.022763
1.026811	10.697519
0.381741	16.107582
0.796119	38.943317
1.009397	25.482909
1.935605	25.179213
1.821935	31.287779
0.293977	31.506387
1.979200	28.059588
0.856174	64.612374
1.647059	73.991939
0.588415	11.230698
0.792464	45.842488
1.243564	49.811979
1.538703	64.051388
0.999767	24.651230
1.797810	10.516796
1.903467	85.687401
0.601715	8.628794
1.561165	34.134935
0.622010	7.898829
0.992465	46.007503
1.714627	24.324098
0.985490	9.935403
1.851407	8.713006
1.102033	144.955617
0.943079	14.851918
1.982281	46.200212
1.147629	30.044436
1.594905	82.266996
1.383377	45.879163
0.760406	4.771449
1.235921	42.153053
0.492336	31.115615
1.546408	97.419613
1.263705	59.186819
0.601298	21.858732
1.633972	102.582131
1.691609	39.077762
1.584151	39.078987
0.973916	26.642078
1.568089	110.661655
1.351081	59.201467
1.300818	2.401614
1.456691	8.002331
1.428918	54.668533
1.683319	32.927783
1.977181	35.620758
1.572770	32.996082
1.148036	48.641164
1.178027	18.664430
0.331305	22.065166
0.679603	29.270186
0.806314	1.781474
1.984236	23.841413
1.628417	42.121891
0.642329	4.725605
1.233023	3.797058
0.780372	58.387152
0.923342	28.462937
1.390994	25.837340
1.382761	16.749810
1.795546	70.681590
0.688825	8.795149
1.231573	40.788204
1.382456	259.273408
1.887968	13.369122
1.259953	30.002571
0.992301	59.405243
0.914408	20.943303
0.784960	10.904959
1.939006	93.284162
1.388556	4.337628
0.932940	39.004953
1.601186	33.348103
0.909718	67.340483
1.241184	42.533314
0.316158	14.610190
1.756310	26.744694
1.929657	51.583998
1.786112	30.666510
0.701554	11.079156
1.723414	19.527311
1.002298	29.676996
1.897225	76.349257
0.925725	7.182408
0.523664	20.987593
1.766156	81.066740
0.588528	23.175603
1.297183	5.640321
1.047446	50.527220
1.618950	27.524976
1.606910	81.725781
1.648223	19.064310
0.452262	20.464465
1.774628	46.920959
1.185034	13.503073
0.790453	34.810730
0.925428	5.518032
1.844064	11.213825
0.182285	27.956161
1.687262	35.178794
1.877575	30.176597
0.844166	30.728555
1.718383	8.858809
0.681948	7.893200
0.263856	138.971574
1.390986	77.143754
1.452907	34.177179
0.660002	112.966818
1.254057	28.009171
1.062192	47.735659
0.489186	68.947543
1.247010	5.111800
1.362113	21.995995
0.786873	3.775354
1.593129	52.405948
0.479107	82.869476
1.311396	24.564956
0.932725	32.383071
1.139415	53.008765
1.829478	33.081039
1.488330	42.931502
0.657429	10.511331
1.818228	43.665225
1.042620	3.526916
0.993284	58.578207
1.237748	23.109643
0.765515	37.073712
1.862214	102.260119
1.187376	11.065309
1.075013	30.175996
0.701271	8.575803
1.688730	24.203959
1.923693	10.653738
1.792094	22.808394
0.682753	6.267693
1.611019	65.194962
0.763462	10.479538
0.370533	9.347441
1.212238	31.754426
1.488967	26.738329
0.605503	15.120967
1.392390	8.608080
1.751781	43.878232
0.772240	34.326726
1.126861	35.193370
1.233663	56.469653
1.732570	45.247078
1.640985	28.719601
1.637872	15.283090
1.501903	20.759783
1.410626	25.092049
1.248718	58.331194
1.037630	43.233908
1.255190	19.167915
1.767396	53.695642
1.340506	25.770305
1.976566	14.080912
0.644382	43.687280
1.147102	30.382070
0.756378	46.321518
1.030603	9.543502
1.668986	11.700805
1.722649	64.091557
0.341904	36.109012
1.924549	163.956242
1.795650	61.917759
1.847576	29.043721
1.048733	12.307599
1.230913	12.737239
0.696490	31.553967
1.079634	3.427857
0.609565	38.216004
1.782267	27.115485
1.356162	26.695800
0.630667	8.173303
1.806889	38.086376
0.500246	27.279627
1.882368	21.525593
0.563479	9.952225
1.560278	6.167209
1.451572	11.490925
1.658217	12.418508
1.331863	31.020101
1.006877	34.490792
0.885161	22.296243
1.911898	83.835858
1.147277	14.797812
1.749534	52.066400
1.567920	51.270698
1.467709	30.828042
1.952289	70.860285
1.332872	19.367211
1.582926	5.248460
1.761113	43.492646
0.396611	24.847905
1.993977	99.833388
0.864707	35.994019
1.537061	1.392933
1.924945	21.150573
1.628474	11.661545
0.808851	33.729044
1.026263	17.374302
1.106161	5.619351
1.363911	20.768707
1.388570	27.426442
1.666143	6.544741
1.776646	130.683918
0.524011	23.402891
0.883091	45.522667
0.997033	21.806704
0.245220	18.466214
1.111349	11.819065
1.020777	47.559726
1.273310	16.694493
0.550249	40.881197
1.105877	23.441013
1.380352	6.588554
1.690466	98.101659
1.633506	39.919696
1.091927	35.834910
1.068417	6.016280
0.365282	19.562784
0.506257	10.930692
1.796484	48.109719
1.693621	45.475448
0.291644	48.613218
1.812544	24.818027
1.404814	44.229734
1.687563	61.462962
1.239227	86.361700
0.660985	4.429830
1.017795	52.269104
1.160500	22.083822
1.614495	45.196071
1.704076	6.970914
1.595656	39.626739
1.200517	8.382063
1.478996	14.556472
0.919922	4.978394
1.980133	83.381485
0.695911	48.917316
1.568743	35.399519
0.669673	16.997373
0.895877	23.436241
1.606798	5.083788
1.577046	10.304145
0.605990	20.220777
1.501162	39.352804
0.762871	22.243434
1.956088	16.380678
1.388724	27.828252
0.149766	8.671235
0.771237	67.040350
0.808831	23.914462
0.839112	21.597009
1.320457	28.363599
0.766083	45.342080
1.104047	9.540617
0.705821	10.047839
1.483774	12.696737
1.337710	7.047344
1.426849	62.995744
1.947125	12.006831
1.083421	147.226531
0.783841	22.989844
1.997994	39.282873
0.436419	73.835792
1.700481	432.499818
0.684095	6.602118
1.480613	35.001794
1.196241	24.424542
1.744635	31.262846
1.580022	100.132596
0.703915	54.852223
1.481300	10.555001
0.786729	26.176417
0.697981	40.317647
0.510103	5.408985
0.581758	28.509205
1.539102	43.850486
1.987158	27.337372
1.497052	81.647166
1.545990	25.315099
1.658229	77.529373
1.822471	33.782012
0.874032	15.050462
1.390944	23.447478
0.785919	5.850384
1.273678	27.702691
0.771623	21.344784
0.454411	36.096249
0.520831	31.820963
1.961489	5.378533
0.182561	16.665778
1.518550	41.425667
1.819798	11.692200
1.074830	7.901730
1.545461	16.506493
1.005253	33.835391
1.278631	52.724983
1.896296	13.540417
0.383599	72.146516
0.873104	3.324752
0.564041	35.329373
1.229368	43.895935
1.639623	4.519449
1.961970	9.860026
0.670711	6.548062
0.389368	34.966004
0.635652	5.270623
1.949293	15.399620
0.959675	19.081276
0.873099	40.060219
1.586018	31.864334
0.597534	12.723307
1.005547	30.158389
0.649092	44.815151
1.958284	10.510912
0.902896	15.799362
0.876483	6.064056
1.435337	38.310340
0.266253	8.215780
1.463837	72.514958
1.166267	7.132485
0.726407	9.149357
1.215039	34.082275
1.998349	77.941225
1.744296	155.430299
1.958032	19.318718
1.880961	41.228798
1.715941	114.877401
0.982943	64.845669
1.578282	31.392241
1.071502	57.050943
1.129496	26.932745
1.798023	54.313902
0.765314	24.863957
0.921682	37.025274
1.888017	32.932559
1.532678	13.965776
0.457050	63.768144
0.599612	41.811351
1.353813	95.260345
1.682722	18.731677
1.673631	8.678574
1.122514	20.796838
0.858524	37.297766
1.665849	36.829332
1.909655	21.470618
1.151599	14.207759
0.633397	3.554574
1.398646	8.427209
0.476404	26.429522
1.401279	106.255545
0.705091	54.742296
1.259291	22.172436
1.422083	47.782002
1.155517	34.174917
1.726534	27.115534
1.045527	18.572858
0.669878	20.721278
1.181389	66.164836
1.940891	88.781897
1.808636	68.257823
0.945153	9.193757
0.831570	34.183434
1.210466	4.209081
1.466253	46.657170
1.882006	30.771984
1.403992	34.166832
1.740140	9.912239
1.527400	55.580205
0.553465	64.722290
1.826826	7.316328
0.755018	13.000598
1.033011	11.956347
1.746546	32.334825
1.966200	29.231159
0.944393	12.284440
1.058692	8.401467
1.213947	5.699214
1.232455	24.256756
1.609142	23.759975
1.710873	129.158708
1.985391	18.212591
1.691099	36.349600
0.926868	36.552704
1.019765	3.637788
1.411026	34.802706
1.513271	1.862927
0.525083	38.301662
0.997058	41.526770
0.760737	85.015949
1.247170	10.381832
0.696868	5.428280
1.355585	13.720300
1.186486	6.023374
1.090500	11.710450
1.457004	61.928694
1.109426	9.031726
1.083365	13.979959
1.460236	6.565316
0.433959	28.548131
1.133977	10.366536
0.747410	38.971241
0.369533	14.354489
0.354206	9.577791
0.694771	37.189630
1.136187	104.210448
1.334727	47.416993
1.678356	15.053551
1.395619	21.977202
1.265365	128.991037
0.360947	83.986961
0.923808	4.165460
1.521704	6.174483
0.878687	3.671126
1.375782	17.241231
1.389986	30.456442
0.935538	61.160775
1.342000	13.475145
0.582480	50.270034
1.573815	109.583644
0.299168	9.180971
0.356797	6.498193
1.793132	118.754156
1.354910	47.710506
0.685549	32.671256
1.386624	26.791730
1.037986	25.467478
0.877607	23.580357
1.701977	38.148186
1.201508	25.795372
0.916589	25.145567
1.909058	7.525978
0.689698	4.251406
0.643291	52.553930
0.543283	63.961619
0.605824	27.039038
0.848819	21.690817
1.531043	14.438228
1.491173	30.128490
1.628967	38.597091
1.347906	17.236656
1.224414	17.593523
1.133070	7.410070
1.799977	75.532595
0.996785	17.441885
1.826412	27.762960
0.887053	3.596867
0.674455	21.303989
0.852823	14.041141
1.234000	17.799841
1.880685	72.709335
0.713461	14.536450
1.354338	35.167992
0.787851	63.373279
1.499821	37.432650
1.183088	11.945115
1.583711	8.919918
1.771106	8.606244
0.982942	26.058975
1.900266	17.644796
1.188176	18.872444
1.897787	134.331255
0.810610	12.597035
1.835157	49.316745
0.981219	35.589679
1.609710	21.990139
1.948374	68.477768
1.858933	87.775828
1.181014	42.454286
0.998984	42.945050
1.402967	242.346281
1.542001	112.910682
1.295416	98.487868
1.759263	54.336475
0.437016	7.213880
1.383652	23.877884
1.273091	32.052342
0.372548	0.764324
0.240647	13.052544
1.393297	56.954509
0.591566	12.951047
1.636662	29.099075
1.917945	51.805203
0.713665	10.834699
1.682446	38.255480
1.371443	33.593845
1.157349	9.360188
1.459009	37.172653
1.688205	24.441472
1.952347	98.010006
1.474209	15.104031
1.603932	33.443087
1.395362	32.722057
1.332271	90.146718
0.456706	20.830141
0.669962	0.801652
1.052560	19.016551
1.457825	28.348019
0.487920	8.126581
1.301558	64.403176
0.243959	27.584118
1.632961	44.381161
1.483820	60.268826
1.266288	5.740860
1.341329	4.498549
1.891613	19.446854
1.850300	66.414680
1.673547	42.680153
0.985290	20.326589
0.566986	3.342726
0.961758	30.075951
1.611543	50.200929
1.400536	10.927319
1.541644	53.181063
0.562492	5.755204
0.676703	13.342829
1.479919	16.547375
1.041017	6.753458
1.036961	2.399063
1.073226	5.428572
1.678418	23.736219
1.531868	106.348518
0.564152	27.373492
0.998128	8.861576
1.494123	71.652887
1.961209	73.984813
1.859078	20.484804
0.841124	28.224258
0.460374	35.865867
1.344478	15.412324
1.094058	8.576465
0.725002	29.803657
1.461019	21.200597
0.680485	14.789325
1.009324	23.060071
1.676321	21.621682
1.509771	21.513333
1.394773	36.201455
1.888537	12.924759
0.607955	20.386826
1.519745	28.543323
0.590060	38.511243
0.631496	119.124549
1.245046	27.331702
0.307131	5.661513
1.236945	57.864114
0.215717	52.896816
1.387778	31.399781
0.946645	53.037847
0.507882	6.818719
1.655384	46.639642
1.069021	8.704241
1.151432	14.278661
1.045170	1.161164
0.508837	50.060853
1.175393	21.905095
1.481588	23.774708
1.845063	297.480991
1.629485	26.681687
0.497366	4.501680
0.691223	15.793201
0.392558	40.357766
0.594674	8.626702
1.206331	11.251426
0.791440	65.060949
1.455489	19.900645
0.344642	6.636829
1.772873	26.474572
1.499814	22.357218
1.949818	4.885520
1.923684	44.597616
1.522685	62.531911
0.675901	14.344529
0.795591	23.049463
0.890442	12.776090
1.125168	42.509991
1.340927	5.359624
1.507229	4.933562
0.487491	44.177505
1.399863	66.695759
0.439859	6.940910
1.726118	52.031372
0.376543	26.743486
1.069209	79.176885
1.114998	5.400569
1.340204	44.808358
0.538741	4.545330
1.892162	78.493285
1.058667	84.529488
1.078661	56.267978
0.832227	15.156600
1.655194	9.796016
0.200376	8.600315
0.564546	39.476884
1.191688	74.202250
1.948562	9.688979
0.357850	18.913074
0.448398	39.708252
1.555642	13.499047
1.586589	6.962124
1.834923	53.255336
1.349478	39.749046
1.089928	47.771061
1.162076	15.116748
1.132511	44.596734
1.957017	8.369811
1.053850	24.039788
0.540262	19.849399
0.910293	26.394740
1.935339	47.283700
1.127554	10.279549
0.953177	48.987235
0.944623	37.441067
0.212178	35.514702
1.433425	45.300745
1.569748	85.663655
1.011628	26.739531
1.797085	37.312971
1.597827	42.292760
1.385482	7.678562
1.539011	15.693442
1.638061	51.257298
1.275781	80.993787
1.081120	13.593562
0.608622	56.859420
1.092061	15.888096
1.310059	36.101101
1.915727	1.405569
0.669602	27.678578
1.619109	262.732365
0.828120	63.358594
1.930386	26.801838
1.376477	13.304405
1.134433	33.878576
1.002012	18.526323
0.759489	20.569327
1.555049	19.289049
1.437667	45.236493
1.824266	56.134499
1.380236	11.960039
0.699016	12.166282
1.507579	84.790802
1.806464	13.170173
1.984458	26.659137
1.510918	54.737004
0.910146	2.013555
1.332771	65.484714
1.257808	123.118566
1.253328	10.412581
0.495574	44.122201
0.745832	59.282763
1.271413	32.277453
1.681845	52.873152
0.721972	12.307362
0.688238	53.436287
1.623498	69.432203
1.519133	81.586492
1.213191	49.281667
0.411590	2.966724
1.194569	15.708393
1.738187	3.442084
0.225030	10.668993
0.556050	46.736811
1.698927	68.830345
1.272955	9.623489
1.476855	13.507637
1.601093	64.568215
0.927561	43.413905
0.923768	9.561434
0.867703	6.499437
0.694058	66.168520
0.934917	18.694177
1.923684	23.822532
0.514920	42.640909
0.828004	9.603850
0.956293	18.258280
0.667432	16.951673
0.492290	8.590184
0.683466	13.898496
1.276896	47.582548
1.379366	73.280472
0.783453	15.639801
1.241133	8.670526
0.184875	8.609634
1.387189	6.089079
0.105777	14.636038
1.447804	29.482791
1.210516	5.473415
0.571698	4.590471
0.521137	36.463350
0.191810	14.647534
1.312361	14.104369
1.694655	4.965751
1.771782	6.795324
1.338498	12.987706
1.819579	60.765890
1.780233	46.631829
1.530621	35.232123
1.027462	2.760052
1.726373	20.090155
1.071715	106.607173
1.089491	2.868223
1.500463	29.779739
1.883912	31.962836
1.235484	46.696149
0.713274	17.630939
0.644216	87.356837
0.930857	20.580218
1.171989	22.814341
0.923421	44.444255
1.551172	39.762202
1.298993	12.076926
1.094793	37.061815
0.780142	2.452174
1.392235	54.574298
1.494523	11.086079
1.660455	20.947324
1.985083	29.137050
0.811844	52.098409
0.256847	9.504188
1.236118	67.137320
1.877695	40.740868
0.841958	62.701373
1.617467	13.950009
0.958686	48.579489
1.070982	78.258388
1.915505	274.151799
1.177049	41.258360
1.571332	195.620924
1.309700	32.831628
1.629640	24.600342
0.955248	43.504220
1.803495	8.527068
1.308315	129.524152
0.942054	55.182206
0.368095	7.138830
0.244138	5.110635
1.012279	14.852116
0.784248	3.535965
0.419238	8.615865
1.314147	43.056467
1.981737	26.742801
1.118564	23.726051
1.313057	149.506985
0.791554	18.994176
0.764830	27.118639
0.972829	26.395086
1.738496	41.066655
1.936124	24.638458
1.593047	30.023316
0.288799	0.987121
1.142957	20.309332
1.116094	69.217084
1.895501	9.617530
1.601873	44.752474
1.554888	33.075222
1.331872	18.906325
1.452359	25.129957
1.531200	23.590852
1.313715	60.027829
1.753612	25.983726
0.363026	20.184202
1.905362	31.569188
1.644346	25.612264
1.278627	25.066624
1.777664	78.880245
1.727588	98.456861
1.114098	39.767907
1.745857	1.814474
0.734294	10.336349
1.189347	14.662313
0.813502	7.829205
0.605745	34.888835
1.831253	52.004710
1.033477	16.708129
1.509897	30.894149
1.046131	41.621832
1.301180	26.102814
1.003924	14.004927
1.597579	13.177247
1.663951	32.790163
1.131022	59.507939
1.776553	3.534534
1.015312	38.458649
1.627449	18.141395
1.458659	60.102199
1.169469	56.579447
1.822324	109.529671
1.342978	14.912627
1.746424	51.102211
1.583404	9.036380
1.284003	31.191627
0.969719	5.288159
1.920969	19.077039
0.432264	22.119005
1.831069	31.706465
1.244997	72.388551
1.606670	44.579258
0.981972	8.426494
1.060215	17.025828
0.738794	9.157327
1.926107	6.341819
0.387098	20.545218
1.064255	33.937110
0.982874	28.777595
1.704666	37.614623
1.237828	35.504338
0.697658	10.199079
1.248905	49.541905
0.820007	12.650664
0.269252	6.972325
1.301807	78.556570
1.023289	6.275892
0.824985	43.878764
0.703726	20.962750
1.166024	47.005829
1.792138	5.816211
1.620882	5.361138
0.165989	23.774598
1.580111	7.308830
0.479443	22.123043
1.306946	109.462032
1.654173	26.022656
1.165418	48.083786
1.048603	0.902421
1.902315	28.492841
0.331246	19.772151
0.564009	31.919471
1.793241	27.905239
1.818120	35.503971
1.042463	3.327491
1.295342	58.680633
0.688463	9.105773
1.815052	13.301363
1.189139	14.857556
1.330850	30.998456
0.591703	17.070752
1.406216	24.453890
1.527028	70.999485
0.918622	17.254884
1.833681	18.835972
0.762991	17.642960
1.835622	14.685939
1.538302	3.015263
1.732013	56.826291
1.531918	32.689430
1.127823	2.498653
0.977914	23.964943
1.584518	11.930717
0.924238	22.753240
0.447992	4.010454
0.838956	14.934851
1.616497	23.734971
1.674264	129.792175
0.888826	3.634650
0.972112	9.417517
1.308933	9.242376
0.864360	17.639735
1.393363	47.973065
0.897821	24.556942
0.597978	2.249884
0.669476	60.125960
0.845012	39.809637
0.695327	3.293873
1.958320	5.512470
1.471043	4.010835
0.717176	11.903267
1.120960	48.840744
0.876374	5.065483
1.510116	27.078434
1.788482	57.666427
1.085758	25.442636
1.128450	18.248946
1.082140	1.991705
1.159287	21.364841
0.358903	14.274360
1.373205	18.131111
1.922414	88.895463
1.662211	17.394610
1.779350	29.279417
0.808008	143.122483
1.394858	26.892822
1.828687	28.564174
0.467816	45.238383
1.804057	24.431784
0.455877	19.682074
1.972449	39.779791
0.509596	22.232021
1.035063	16.394767
0.425605	67.249449
0.432348	21.944231
1.786936	23.220482
0.453229	43.212442
1.673348	22.626286
1.850592	9.189751
1.895261	44.166254
1.783447	75.752010
1.927429	199.134505
0.416335	6.558526
1.994467	46.993535
0.288433	35.707857
0.692612	22.577515
0.501785	10.114134
1.599496	54.521223
0.517623	34.317120
0.915302	11.906136
1.440805	13.367958
1.232492	18.132908
0.631182	41.772644
1.267569	22.491970
0.992302	14.605926
1.363305	110.184163
1.292812	23.707822
1.982905	17.554882
1.782627	90.954689
0.152620	7.774085
0.710980	7.678647
1.860476	5.249496
1.294242	54.028394
1.622912	20.697782
1.240689	6.446957
1.662885	41.450441
0.623854	8.013866
1.590294	10.271888
1.792116	11.666262
0.870546	32.764938
1.035684	7.824019
1.370200	47.620560
1.789988	71.731611
1.852033	13.572472
1.286757	57.626068
1.470588	32.270423
1.797271	40.990979
0.811789	49.729878
1.723327	18.934583
0.864168	16.961859
1.355975	19.574030
1.894648	38.636196
1.252606	23.169870
0.533711	31.442696
1.833150	29.101795
1.361864	44.111202
0.475043	4.141427
0.224294	18.010060
0.863205	18.671697
0.596676	6.667445
1.426457	64.800685
1.379311	81.864203
1.747504	10.982441
1.255389	14.601411
0.849390	20.100181
0.411325	22.007788
0.224106	15.460197
1.880511	14.162716
0.648475	22.489330
1.234252	2.641074
1.676650	10.725962
1.885048	102.450731
0.758965	11.299884
0.812899	12.718195
0.718109	17.160099
0.677666	5.766438
1.167924	33.789191
1.437573	9.351798
1.542678	51.774932
0.970959	12.540653
1.419581	79.675699
0.130562	14.662065
1.821313	48.651676
1.792342	4.628326
1.301124	46.430669
0.832715	20.339253
1.954902	29.478895
1.700929	15.821338
0.268297	19.194926
1.190006	49.084550
0.554791	19.149279
0.622717	8.442635
0.105882	23.707838
1.514879	5.607924
0.848368	10.714522
0.935077	147.895917
0.400284	42.029994
0.202102	59.905884
1.673503	11.146166
1.475576	36.904621
1.057296	62.756358
0.471501	2.471721
1.647722	16.850834
1.881428	95.134838
1.276349	15.812900
0.636907	46.818567
1.462339	32.957485
0.476073	22.296011
0.690683	19.421375
1.191645	42.602162
0.842422	6.961538
1.887562	30.777885
1.698213	32.682538
0.889090	13.239056
1.941302	12.606220
1.051079	19.334813
1.337215	7.863612
1.330738	41.886621
1.457947	14.235870
0.833159	17.583231
1.874595	23.490078
0.870593	36.184297
1.480696	23.664110
1.632456	15.461313
1.810717	23.894515
1.170907	21.780151
1.550822	43.306371
0.513402	14.608109
1.651088	35.040697
1.617137	11.413409
1.100709	60.360466
0.948974	9.726645
1.054024	5.845342
0.526606	13.862090
1.440402	49.463319
1.860310	27.623759
1.482018	35.313127
1.355257	26.567041
1.984851	35.208962
1.297783	32.227524
1.000448	96.580507
1.540278	33.925055
1.267409	22.917820
1.954679	37.321286
1.836525	11.132653
1.914091	5.481663
0.097108	15.301510
0.982098	31.167785
1.424651	42.675671
0.940695	46.809769
1.468170	19.986709
1.555731	22.922560
1.418796	64.337327
1.172901	14.435168
1.528418	18.882218
1.654675	14.279143
1.527423	32.667903
1.703018	38.331211
1.914747	103.325722
0.555823	7.493281
1.849863	47.167746
0.883694	85.571661
1.330376	3.018488
1.906944	4.930692
1.414021	47.835794
0.510244	77.635267
1.234300	49.505655
1.830852	11.987116
1.102983	20.381438
1.758460	57.307257
1.675733	8.453932
1.849883	59.444688
0.866220	28.972602
1.230309	102.178133
0.983681	91.870218
1.286524	49.793224
0.280905	5.787617
0.829792	87.337253
1.957825	39.779599
1.388841	7.675867
0.705821	3.244515
1.247868	14.042418
1.530268	12.601831
1.389719	5.024410
1.238327	23.186088
1.494315	13.217977
0.693450	26.733347
1.142614	9.710796
1.608969	15.655871
1.353676	13.499119
1.849642	21.832249
1.151040	37.576395
0.622584	15.458779
0.406194	26.976916
1.201712	25.727963
1.141685	14.908515
0.855146	5.257620
1.370102	51.789845
0.844373	16.444847
0.785356	36.579180
1.417211	12.940278
1.911053	127.523825
0.760933	16.939900
0.723931	45.261271
1.264314	52.472809
0.594782	12.226448
0.917593	147.983443
1.984942	19.584243
1.747755	14.447142
1.542471	56.219859
0.316385	16.449455
0.869580	24.411116
1.339139	102.694486
1.548714	17.907472
1.485972	60.906165
0.728903	53.967712
1.184968	12.525488
0.753127	19.613276
1.877005	41.466700
1.320937	5.664565
1.069535	13.768864
1.868202	59.666814
1.845985	82.017542
1.241576	43.861401
1.513480	37.104383
0.957619	18.806547
0.939637	32.132812
1.309266	3.404912
1.756425	24.443995
1.379971	57.143480
1.174072	5.713309
1.479653	29.348725
1.703463	21.679027
1.665291	23.588020
1.039148	39.421477
1.896232	48.144802
0.260953	70.353509
1.161646	7.790447
1.851608	21.278877
1.527299	11.472300
1.539273	48.469674
0.672759	4.619749
1.357537	28.134581
1.946385	33.312121
0.776809	16.636392
0.970931	14.026081
1.067015	15.767334
1.022478	17.472492
1.424397	48.716752
0.817500	11.461008
1.243947	547.695562
1.084858	39.001776
1.450341	26.246465
0.830254	31.900344
1.314560	30.326512
1.594015	24.364284
1.522728	19.101128
1.737304	8.346503
1.929028	63.294490
1.767783	30.341433
1.900292	28.001436
0.271607	17.761870
1.427196	420.115967
0.874026	6.507984
1.698404	131.315413
1.713823	26.422385
0.402815	33.401196
1.377588	10.289001
1.762993	62.667212
1.365494	38.195181
1.123446	67.085790
0.490605	12.211128
1.578787	41.221144
0.484758	83.149754
1.381092	41.503932
1.867582	35.036420
1.113672	448.935250
1.639144	8.045333
1.684337	26.880979
0.222800	6.247265
1.863328	14.292795
0.735120	24.230999
0.898902	17.664610
1.793937	45.672216
1.513201	12.142169
1.041107	96.395526
0.519799	5.359306
1.063334	44.181446
1.945391	40.306266
0.560812	35.617440
1.755631	32.959997
0.967936	46.274804
1.465366	31.127753
1.431083	34.478403
0.968395	28.217995
0.424466	16.209432
0.657307	12.009042
1.333465	66.473203
1.917319	7.747804
1.880495	34.188383
0.581341	28.241135
1.800892	8.915910
0.816170	16.403451
1.855313	22.645464
1.621435	5.212710
1.937230	73.048593
1.147969	22.705649
1.580767	17.074677
1.586331	34.022340
1.229736	14.133061
1.958605	47.446170
0.833217	11.693836
1.977554	102.076288
1.703195	58.792266
1.408111	20.006403
0.487352	21.374322
0.859967	9.850608
1.748124	24.426126
1.575596	21.395050
1.939529	72.755183
1.079565	137.957757
1.831018	73.668671
1.779995	31.276555
1.945072	18.055419
0.881915	90.533807
1.227286	12.041991
0.501825	34.436225
1.370698	18.744487
1.581878	39.822123
0.823467	8.575543
0.698722	28.359079
1.442970	14.740329
1.073945	2.912186
1.125001	32.269136
1.192226	15.934166
1.252576	20.543281
0.747642	64.366018
1.351124	27.514521
0.469219	27.479186
0.581427	45.608024
1.550588	15.422382
1.580540	53.391969
0.871672	5.616409
0.727464	16.460604
0.423499	9.563940
1.113331	23.408567
1.248953	66.991556
1.838892	8.022691
0.132328	9.847697
1.093463	7.914935
1.113933	26.371190
1.818616	86.017167
0.748589	6.971250
0.460825	26.564381
1.056202	6.883778
1.402493	63.653266
1.774269	36.534797
0.876195	50.177588
0.846310	49.999262
0.969012	21.359489
0.592091	16.824161
1.962966	27.940444
1.295968	25.223952
0.881536	80.702910
1.025363	23.082720
1.786425	52.741539
1.493962	25.272345
1.314681	47.939725
1.570557	64.664216
1.617389	48.533594
0.745212	10.541822
0.677166	3.087505
1.945978	10.012952
0.729399	28.304924
1.182678	38.480151
1.971982	19.915971
1.110783	18.232133
1.257607	14.074029
1.682123	46.603974
0.991877	6.635935
1.131782	14.476510
0.978867	31.595878
0.906635	23.842115
1.193274	18.685051
1.602352	39.464434
1.788501	31.387502
1.190718	29.756782
0.961074	1.068560
1.858033	39.625699
0.984814	58.811820
1.646500	45.543342
1.606486	59.526729
0.409627	38.901152
0.714091	26.375587
1.343860	39.790326
1.789029	67.440268
1.375267	22.848067
1.597554	6.384507
1.585029	46.173749
1.227038	57.941833
1.325968	44.676571
0.475410	13.118360
1.883616	101.917963
1.494891	21.613974
0.668802	34.427144
0.833807	45.383459
0.166275	11.314976
0.867791	11.759799
0.954055	3.256328
1.508036	108.880347
1.200532	51.126768
1.750439	45.556222
0.517005	12.424499
1.543820	65.653154
1.800369	29.919411
1.117044	89.730299
0.908830	17.455235
1.153768	18.210479
1.667580	46.887749
1.869823	56.749867
0.459073	29.083857
1.277967	49.361485
1.443238	17.900292
0.271411	17.246461
0.720953	12.958709
0.450109	35.346416
0.911511	46.185008
0.765716	324.070578
1.215723	9.227699
1.466526	61.946500
1.749571	15.575844
0.934213	13.516127
0.411738	1.802456
0.155282	18.655960
1.753184	302.210084
1.805435	32.781741
0.552196	34.273242
0.221471	1.089934
1.685033	22.702164
1.444753	15.161271
1.319048	38.709092
1.284938	8.416218
1.644608	10.168664
0.916330	28.657487
1.067773	53.556754
0.493505	41.206192
1.333882	5.637745
1.936502	49.840902
0.900801	31.200155
1.886028	13.261231
1.577184	32.184053
0.816292	24.264731
1.477732	14.121276
1.032368	9.231527
0.601135	46.614183
0.532000	22.529615
0.269935	41.839141
1.681275	56.977081
1.815945	16.712455
1.209343	60.839944
1.265172	11.568289
1.520678	40.828910
1.534648	83.733784
0.966064	3.314866
0.678165	6.109541
1.130847	81.625325
1.528809	50.937980
1.691068	33.779790
0.523061	23.519323
1.366833	8.201305
0.423836	15.941694
1.722657	49.941315
1.483630	59.909560
1.528228	66.378801
1.626323	15.505196
1.228945	4.187321
0.925432	38.323880
1.662732	38.541696
1.650098	11.681228
0.628469	31.325313
1.844095	26.242849
0.794052	12.914254
0.937692	29.104108
0.784633	25.822020
1.944206	96.543963
0.926348	32.256200
1.953570	9.075574
1.440600	8.597488
0.712038	8.783387
1.315627	87.413931
1.811895	39.753105
1.327265	45.070732
0.623474	13.710774
0.905877	3.862416
0.800403	37.180551
0.608932	11.682027
0.971098	23.186291
1.475059	14.922197
1.057592	23.284203
1.151102	26.889524
0.960524	40.782409
1.990984	28.274113
1.363689	41.821750
1.736691	63.071563
1.147366	10.414252
0.696751	9.824173
1.756678	98.482984
1.628926	16.297025
0.975111	16.134589
1.393725	9.858601
0.533855	6.243663
0.317793	10.991852
1.708785	13.914054
1.906235	43.096743
0.997659	48.452678
1.380585	26.617919
1.559248	32.372662
1.602590	20.009953
1.207146	26.624052
1.403927	20.000844
1.469078	22.394455
0.557592	170.939748
1.451280	38.578417
1.251656	36.014676
1.051395	70.627548
0.863969	39.352766
1.440572	13.271849
0.693090	120.442742
1.701226	43.042390
0.702875	2.137946
1.641350	45.779226
1.711332	30.899723
1.902604	37.109465
1.180467	58.937630
0.453467	41.615908
1.499876	38.837071
0.898777	46.935761
0.532012	9.420513
1.770574	28.968861
0.638560	5.938229
1.244964	17.181340
1.667075	33.795557
0.754205	10.364513
1.834449	17.756529
0.977936	31.731269
1.078997	50.922496
0.621117	69.457368
1.450310	48.453084
1.228457	29.598881
1.958026	43.112832
1.530782	20.633138
1.622190	45.510436
0.754187	38.447106
1.552455	31.050060
1.320905	4.550641
1.090360	15.309284
1.658153	66.328954
1.965122	90.913178
0.537103	6.939420
1.667651	3.054514
1.870517	40.682034
0.951751	25.678868
1.027367	12.235457
1.676633	31.803260
1.924987	47.993322
1.901434	20.312758
0.428726	4.739082
1.794957	2.542962
1.364069	16.960429
1.116739	29.931319
1.754705	5.300341
1.685290	28.361348
1.249406	11.935271
1.100886	11.537120
1.194257	29.431615
0.956837	5.688657
1.504119	24.947932
1.827215	50.482976
0.844926	18.476217
1.723779	35.823779
1.023815	29.106699
0.621836	14.825933
0.376805	19.044907
1.204585	7.835689
1.337126	21.315153
0.182732	2.002852
1.462479	16.497901
1.263091	21.254182
1.995784	32.400860
0.560574	8.331629
1.540815	42.183582
0.786624	42.280987
0.767416	15.535960
0.278620	2.010641
0.188225	1.861338
0.731083	30.306621
0.710004	8.906203
0.072320	16.519121
1.559034	66.297812
1.240939	31.651670
1.078580	8.750837
0.558869	10.560004
0.981602	43.435792
1.191430	28.327357
1.996814	10.551348
1.251271	5.568504
0.283060	15.706901
0.769949	6.312933
1.014088	19.843837
1.169387	220.834198
1.494791	47.184419
1.370217	46.904755
1.249281	17.391405
1.742887	8.001361
0.748975	44.261278
0.493581	62.433512
1.743366	32.219378
1.178773	5.744229
1.314902	21.213837
1.742099	7.478659
1.912447	61.435942
1.312890	43.578515
1.703407	29.413568
1.302162	21.265710
0.348638	24.156714
1.928543	43.592801
1.711870	12.746279
1.613753	8.790733
1.148116	15.327327
1.907221	22.053633
1.220280	26.527749
1.564505	34.060472
0.551236	35.498885
0.789879	19.627791
1.121419	12.318986
1.356412	86.207698
1.693130	42.950262
0.828411	24.986325
1.645513	104.384648
1.824010	44.037228
1.712920	36.070323
1.417502	37.268870
1.699933	7.362901
1.804444	43.857899
1.317496	41.038466
1.700192	26.167495
1.116739	19.512551
1.268974	35.774742
0.419019	3.320006
1.813815	62.229965
0.639883	8.356441
0.888143	75.440333
0.955405	1.947604
0.586847	20.861742
1.874122	26.509803
1.951360	48.353102
1.785242	26.982103
1.001288	31.930558
0.427487	159.781051
0.724061	27.377970
1.642084	9.486543
0.904297	21.412091
1.828113	12.865968
1.738616	100.096594
0.821619	3.743729
1.523477	28.518181
1.148825	29.601791
0.782902	17.788988
1.369503	5.812774
1.742061	6.738195
1.882123	73.088561
0.438446	23.135029
1.113101	33.245060
1.390759	33.894496
0.988082	22.096283
0.955726	14.783024
1.641831	14.236631
1.657921	24.568494
1.576753	19.118430
1.837422	27.189255
1.227548	11.046764
1.666007	0.954263
0.229608	8.150493
1.979528	15.890952
1.870127	33.583580
1.748228	17.227024
1.366019	47.236999
1.301227	55.879713
0.659977	17.143265
0.423404	96.621322
0.854069	5.610440
0.661701	6.811499
1.325996	72.124142
0.979464	3.323852
1.065837	56.440368
0.318120	11.682253
1.307862	26.535844
1.467753	38.813703
0.982406	47.319412
0.620602	12.814463
1.538877	19.951512
0.615717	9.986661
1.710470	35.733953
1.304004	33.396991
0.822484	13.404426
1.837743	12.941394
0.642802	6.105248
1.385949	32.003771
1.410213	11.124493
0.364641	10.113741
1.398624	46.956608
1.524618	20.048483
1.855726	44.936064
1.546692	18.840832
1.212177	37.515901
1.766745	31.214158
1.012936	27.383010
1.770184	33.270396
1.752284	15.527289
1.389627	19.845229
0.998547	17.289501
1.371126	12.062469
1.849040	44.110236
1.438518	27.910732
1.746161	8.014313
0.998551	17.833949
0.914688	13.590438
0.854018	2.846426
1.222380	8.335972
1.133210	18.799523
1.768174	4.783814
0.579354	22.062701
1.315931	23.705211
1.089708	25.803187
1.899279	62.450766
1.666888	47.175693
1.135293	65.028261
1.444583	11.682506
1.601908	10.941240
0.475016	12.867545
1.493955	24.224808
0.638043	121.667207
0.735433	32.364525
1.177340	32.160981
1.966588	3.999268
1.922605	185.539750
1.843321	11.083815
0.352769	14.877265
1.766025	44.786471
1.648267	34.187851
1.233634	43.779143
0.968135	58.156219
1.617033	6.669427
0.566477	31.523896
1.459225	9.302765
1.491200	57.664808
1.315409	83.745078
1.804880	81.929057
0.975192	27.372220
1.202786	138.799679
1.621690	15.768690
1.558340	31.027069
1.328431	41.235514
0.881389	18.196303
0.917859	27.969188
1.595282	19.615596
0.179488	3.717662
1.462640	143.460881
0.841124	3.600600
1.492871	13.396235
0.731673	7.242784
1.048206	16.134782
1.614350	17.066870
1.616447	51.586057
0.773465	11.409792
1.047963	44.678103
1.239196	21.791080
1.365414	29.680286
1.597138	68.381885
0.304780	3.718052
0.585543	12.630911
0.675260	38.588815
0.738630	73.690631
0.335679	26.667981
1.872089	31.310576
0.684131	15.082652
0.481991	36.101706
1.193135	3.560281
1.905045	48.112347
1.942255	16.675764
1.497964	81.058281
0.715444	55.928947
0.154519	103.000352
0.983399	12.308767
0.608060	10.661308
1.616287	7.211266
1.949863	5.977511
0.509078	17.420437
1.079791	70.766428
1.843634	37.086646
1.575803	24.951842
1.792387	18.554633
1.876065	34.233557
1.103779	31.908750
1.523788	69.304704
1.547293	30.261266
1.430000	117.258670
0.968689	38.927716
1.734046	110.361052
1.637218	121.322642
1.153233	37.628547
1.116498	16.289247
0.226301	7.901879
1.751470	17.094324
0.901021	22.727349
1.191751	57.847200
1.101772	32.373582
1.500559	110.899156
1.069295	23.075462
0.718085	54.657983
1.790572	55.463989
0.725297	11.297065
0.327500	44.645080
0.748958	11.002137
1.168209	50.277146
1.119934	42.509165
1.679001	74.574738
0.746544	23.996174
1.647422	41.211313
0.540999	28.605001
1.196038	20.391824
1.785448	34.998159
1.104263	35.459724
1.940476	69.544085
1.430333	16.451767
1.618644	57.811525
1.250165	17.544329
1.129847	16.241862
0.511562	19.414612
0.595921	8.462490
1.342162	62.600752
1.404449	18.838306
1.975185	25.309715
1.773646	45.569912
1.753083	34.978708
0.905332	6.406209
1.102506	24.708914
0.554912	9.740832
1.356766	8.287079
0.470476	8.542146
1.155675	5.954879
1.333987	22.249099
0.806341	10.108572
1.647169	79.386821
1.495640	63.937626
0.655360	3.999609
1.973442	145.439986
1.298091	37.447635
0.318243	8.158129
1.007172	46.571709
1.966359	42.429507
1.843382	60.596650
0.662073	4.505566
1.769393	48.382098
1.411550	23.843925
0.295060	83.218785
1.619823	63.094094
1.104114	34.624137
1.078570	11.263019
1.058040	39.067605
1.379078	19.243803
1.554623	26.453685
1.455052	24.561548
0.829945	37.178019
1.543491	75.719742
0.629685	1.465082
1.953471	41.297729
1.195967	29.382938
0.528564	7.958043
1.349471	77.782759
1.350001	10.239790
0.370445	33.776414
0.226925	20.558510
1.993641	43.022490
1.069266	39.882322
0.836297	30.314204
1.306535	30.610114
0.205729	19.018551
0.241948	18.674178
0.579759	21.660029
1.688491	27.937120
0.841080	21.322439
1.240615	76.830875
0.798310	44.940199
1.302229	29.876329
1.248596	15.871320
1.085601	12.331186
1.135062	59.375691
1.463599	22.560833
1.749473	30.443402
0.958522	58.869617
1.283365	21.396352
1.768104	15.843567
0.695365	4.977252
1.966758	56.109201
1.609526	27.288655
1.032180	9.893198
1.046255	13.084064
0.765613	23.007567
0.874343	52.616536
1.364932	94.328407
0.153671	38.621140
0.302385	20.150914
1.977980	30.569781
0.819163	25.522303
1.730030	29.939571
1.402617	33.645326
1.154391	14.287118
1.581665	26.051512
0.410450	16.656307
1.617775	23.395063
1.772475	26.539973
0.894823	13.390356
0.929847	7.206100
0.557024	34.187431
1.770772	30.060244
1.696739	8.798961
1.122948	3.455236
1.050187	30.992106
1.126462	83.085963
1.115552	61.709570
1.129633	70.282213
0.651010	28.365244
0.245994	2.506316
1.627407	36.566904
0.997171	32.693707
1.221839	43.324845
0.939272	22.080625
1.056248	40.140477
0.485369	3.333246
1.038668	26.457268
1.180203	27.909975
1.735083	21.385858
0.962995	11.945017
0.521492	15.546948
1.622496	13.553758
1.046962	94.543770
1.863998	7.323667
1.933647	33.251571
1.795619	34.107854
0.803639	128.652847
0.850561	28.979133
1.675641	88.761135
1.154587	26.871789
0.923648	24.092110
0.917299	50.098356
1.350720	2.177079
1.831924	8.417124
1.412318	49.911445
1.414330	60.352135
1.603951	11.895251
1.624173	74.272632
1.854648	51.236648
0.683968	133.952099
1.974987	83.570568
0.973557	26.569002
0.897036	41.193708
1.250059	16.841769
0.868383	21.046802
0.814606	3.586289
1.946155	28.555604
0.559342	183.350137
1.983613	48.536640
1.417598	9.827481
1.932914	23.391648
1.835653	19.228145
1.456179	7.229776
1.369096	20.977391
1.987988	1.870561
1.258148	21.585142
0.716225	39.502927
1.988496	108.340124
0.965099	33.035523
0.518611	14.033968
1.558650	25.187344
1.154496	6.813136
1.066094	4.881968
1.431179	67.518418
0.419803	22.531604
1.530621	5.610998
1.240602	59.340066
1.220871	13.082297
1.839797	23.860713
1.732568	81.423946
1.282533	277.861686
1.352020	49.317924
1.695290	25.517177
1.101750	35.156129
1.490242	51.665328
1.296203	4.106944
1.234899	21.539367
1.975130	26.408055
0.271599	9.297802
1.106841	34.992928
1.887505	40.597198
1.884277	46.310920
1.605117	17.602151
1.372168	66.408539
1.519570	9.851575
0.849058	50.053635
1.218110	37.022810
1.289190	58.080227
0.453569	56.333331
1.786837	30.545294
1.170534	31.269237
1.838015	134.588657
1.069074	10.281551
1.098056	5.516293
0.834169	26.769709
1.450106	12.838282
1.307683	4.999671
1.860209	13.783310
1.129057	53.418802
1.455696	19.226845
1.544633	31.717380
0.959237	70.609179
1.809644	16.756572
1.055030	21.702332
1.439738	10.142549
1.407729	72.744125
1.117167	39.908343
0.724909	13.684861
1.373046	9.764023
1.046806	10.754189
1.052311	32.679028
1.224878	6.586697
1.499216	94.316164
1.577804	6.565523
1.125773	20.167619
0.595768	15.348480
1.671963	30.978275
1.487523	108.891043
1.685686	56.828451
0.952879	20.241020
1.854126	74.797851
0.865644	92.413092
0.910519	14.509922
1.289659	19.422014
1.995663	13.277806
0.759799	40.205301
1.743829	122.698819
0.130243	8.043604
0.822618	13.720141
1.000937	30.190483
1.456489	19.166408
0.581991	23.628650
0.615108	18.710041
0.652271	36.807637
1.477284	35.104594
0.583998	30.367805
1.081770	11.751285
0.673171	17.824018
1.056914	50.616970
1.554367	49.342048
0.890676	19.156698
1.410414	36.907257
0.841519	2.961523
1.589799	26.658546
1.649635	24.214018
0.944042	13.296583
0.305542	7.973252
0.615940	30.601646
1.221939	20.216155
1.056889	50.841722
1.000021	62.441308
1.353449	41.919876
0.682760	24.494637
1.170524	46.485038
0.762043	46.549445
1.969192	43.550158
0.405737	18.082189
0.261101	7.111716
1.330988	45.696925
0.450312	6.805244
1.701464	9.524889
1.714681	11.081281
1.133639	19.318040
1.743624	21.268011
1.594231	12.345669
0.629468	24.723198
1.776534	53.737144
1.799407	55.760117
0.963805	11.180737
1.646483	2.191143
1.835591	60.391022
1.601987	48.614871
0.535203	13.999533
0.536762	23.868228
1.971351	23.481429
1.297060	73.373226
1.450291	5.046800
1.859087	32.852414
0.197258	3.009508
1.125195	9.645848
1.334283	31.395260
0.125991	1.993998
1.420478	57.411439
1.763080	22.455954
0.426436	24.355871
1.691095	36.028850
1.963475	18.194315
1.871798	45.536171
1.290607	10.190610
1.777873	15.506730
1.639860	48.387934
1.711714	20.647605
1.081503	18.298936
1.198978	59.187639
0.825390	28.780665
0.415597	28.395785
1.380076	19.117821
0.942724	15.033175
1.239497	4.724390
1.939528	15.880176
0.451863	25.514518
1.798170	8.978019
0.516943	2.729808
1.463896	14.411676
0.996400	22.216365
0.550167	8.571233
1.619079	36.728058
1.531162	46.956608
1.444053	9.181073
1.943054	93.136267
0.304984	28.842053
1.137280	40.193279
1.328733	27.518720
1.019062	29.028342
1.487648	52.372032
1.838489	25.946328
1.528764	63.298571
1.338703	16.316765
1.590202	35.609802
0.572524	36.293979
1.428778	62.820737
1.095576	65.742784
0.957540	3.282462
1.246064	5.800422
1.691872	9.437057
1.103708	6.678686
1.536959	15.815901
1.367695	12.433314
1.865251	50.417476
1.152673	3.725577
1.715180	28.094779
1.749199	48.776519
1.181797	19.980556
1.218400	29.427954
0.980835	4.115276
1.228811	43.807218
0.842799	29.536522
1.774459	38.891405
0.843925	21.184554
0.857026	34.430722
1.832912	54.610105
1.283387	40.570683
0.562042	29.299522
1.000281	27.725000
1.541366	22.235789
1.093376	27.654764
1.119855	10.814316
1.233495	17.840923
0.796339	24.271261
1.121190	50.356782
0.783608	16.228470
1.008169	20.818288
1.283699	61.833325
1.523880	11.992620
1.434626	271.460473
1.347837	6.400783
1.377556	14.209349
1.251762	41.151715
1.405906	25.353541
1.046781	19.700245
1.838874	16.423733
1.370168	5.465290
1.897719	23.709609
1.091507	72.313184
1.076076	6.687424
1.943276	22.942823
1.576956	17.628765
1.263405	115.391460
1.561075	41.484409
1.079467	3.879020
1.621910	16.828225
0.773264	20.480116
1.920558	92.970543
1.176803	53.386461
0.532460	15.195408
1.753898	51.091389
1.830868	14.028655
1.578315	16.487058
1.428346	44.158917
1.884707	22.373027
1.416970	51.536515
1.671506	28.868291
1.192414	10.664873
1.574168	46.359604
1.998339	60.660065
1.057584	44.862285
1.563483	7.213987
0.657456	11.843502
1.436373	35.301076
0.964085	9.191135
1.787424	25.665037
1.022090	24.551513
1.153129	17.353441
1.967978	16.787244
0.783659	65.330262
1.331849	112.994367
1.783002	23.857125
0.951174	16.033036
0.257880	20.955399
1.833985	99.869032
1.413366	8.932821
0.810265	9.946732
0.888373	4.218784
1.683995	28.143467
1.446793	24.983369
1.582298	23.539978
1.350358	10.685004
1.669408	35.424371
1.716943	2.292182
1.064358	4.006317
1.841258	19.022044
1.243216	64.143048
0.680117	32.953164
0.789192	24.598455
1.584144	33.625830
1.049602	10.782861
0.865154	35.815979
1.391280	72.898303
1.657560	37.927301
0.571588	26.649632
1.159138	51.503062
1.641127	33.304292
1.845461	19.023340
0.246495	5.055342
1.467642	214.901531
1.380285	25.019641
1.261917	17.840099
0.680180	36.136089
1.596161	10.045669
1.073436	24.230632
0.817590	12.143431
1.761664	14.702500
0.938614	23.845158
0.752960	10.633133
0.946704	85.059050
0.720582	37.620120
1.649951	63.099889
0.722509	25.462796
1.558311	21.724346
0.684734	35.609195
0.803042	30.708902
0.995232	35.900393
1.919245	10.787880
1.861550	20.628059
0.512697	15.815358
0.984652	13.386894
1.001256	51.291018
0.776838	5.561160
1.138725	76.370738
1.605542	13.752426
0.548224	3.180163
1.490865	12.631280
0.862330	107.744938
1.447302	14.172017
1.506173	12.622914
1.575572	32.037738
1.779814	36.049828
1.839145	37.897105
1.622399	37.132195
1.207186	71.154622
0.390269	10.707217
1.898541	24.994309
1.386162	33.930900
1.286974	19.308126
0.826017	57.901241
1.509677	14.001963
1.991407	14.660908
0.975461	23.678394
1.683984	56.079207
0.912745	20.857022
1.217116	28.751359
0.779929	23.829645
1.254530	15.233965
1.174466	8.548402
0.370845	3.083948
1.056504	5.990803
0.450591	35.441563
1.161400	88.644200
1.967753	35.703026
0.915778	16.527491
1.258785	14.889935
0.618333	18.888477
0.667747	11.323707
1.015572	27.257496
1.220117	11.642969
1.535399	16.709221
1.170541	16.608183
0.308486	31.522108
0.879428	32.159955
0.310381	26.879978
1.868080	14.437897
0.330218	13.306341
0.409004	3.906844
0.924419	46.271737
1.432251	77.169018
1.019462	16.162460
0.447114	50.515364
1.740348	64.257341
1.533617	115.429908
1.078928	73.859466
1.498717	3.643723
0.885470	44.303313
1.276998	8.138603
1.809147	33.089629
0.567998	19.090138
1.756811	57.702347
1.667131	41.453569
1.917708	15.134944
1.256009	80.714250
0.886009	9.161355
1.011861	47.774076
1.443385	8.752786
0.640769	4.671363
1.009617	8.627381
1.573004	5.913187
1.345197	17.478052
0.450680	24.276231
1.230756	38.792075
1.271563	79.166541
1.534495	14.780355
0.225293	60.412121
1.127792	14.554336
1.818714	39.802217
0.312199	25.611166
1.491998	155.013973
0.797535	14.774878
1.065265	37.768721
1.814789	34.742165
1.026596	6.578321
1.303155	34.142821
0.524273	17.486881
0.966986	25.462654
0.642549	31.565564
1.327090	2.583625
1.175197	36.569984
0.868746	35.886997
1.999385	11.191582
0.666341	73.028923
1.723738	35.419185
0.358542	58.621352
1.756724	131.871817
1.201035	50.521117
1.727911	13.947660
1.604324	52.331835
1.343544	6.304848
1.040654	36.304956
1.481698	47.078771
1.734631	4.893747
1.240390	61.635418
1.107211	8.834564
0.645130	26.396373
1.833839	61.401282
0.873319	35.821007
0.603820	8.638987
0.460924	32.337836
1.609755	9.283992
1.495862	41.675953
0.597053	20.180840
1.280384	18.180399
0.665173	15.934628
1.059231	46.467083
1.658471	33.809651
0.805729	12.631078
0.324254	2.376742
0.743595	11.944086
1.085250	93.725333
0.829808	21.992116
1.566666	3.373837
1.668094	40.184253
0.827774	61.492747
0.875526	49.585329
1.324884	4.152371
1.612381	51.182803
1.934183	91.105112
0.928119	8.102444
1.857209	47.363647
0.721922	36.790281
0.378908	3.740821
1.673153	26.429814
1.203465	0.382763
0.490811	16.119842
0.474917	24.744332
0.246962	9.318436
0.937475	2.604915
1.586464	8.545190
1.481402	50.154671
1.999458	38.474195
1.375176	7.206538
0.574466	12.671891
1.965046	18.144279
1.522753	7.899725
1.044484	28.899034
0.838936	33.522397
0.795740	35.229641
1.929145	2.316929
1.114145	30.163775
1.215733	21.998749
1.741199	76.397266
1.941415	9.939015
0.162874	2.885490
1.984102	118.628257
0.487010	31.661367
1.741250	19.081956
1.919658	258.503741
1.326431	40.378893
1.312463	8.370503
1.486926	98.262731
1.011441	4.816276
0.691222	7.959299
0.461488	2.723047
1.810075	5.594319
1.305944	38.326976
1.524400	30.704887
0.978674	17.530187
1.695358	54.346545
1.006876	96.258892
0.333434	28.315198
0.986363	25.930089
1.762131	63.565454
1.801922	16.562262
1.894734	17.681997
1.234675	68.944570
1.929723	9.321849
1.234227	35.583401
0.667632	14.446004
1.238496	15.435720
1.790568	2.739556
1.662771	11.304514
1.136357	24.617074
0.778597	25.187394
1.356147	10.934808
1.889171	88.465417
0.713810	42.227074
1.726139	28.421971
0.654254	21.685386
1.870709	178.071683
1.523179	110.588824
0.571483	9.723176
0.760295	2.267912
1.882327	56.144742
1.246747	53.709981
1.165718	106.197937
0.437031	18.688165
0.509904	31.768038
1.520772	26.018942
1.649435	19.233034
1.788062	14.279653
1.239649	22.415436
0.973147	2.754664
1.422126	15.630473
1.412248	34.726248
0.354140	18.962458
1.901246	36.021414
1.447481	23.147391
0.187433	20.570772
1.934609	25.112029
1.923397	7.363594
1.912616	14.050709
1.822294	17.392239
0.727350	21.125903
1.962898	20.263996
1.626648	61.215435
1.444796	33.559874
1.907421	5.564073
1.055395	10.310728
1.889400	58.855320
1.392636	13.809058
1.353440	18.120558
1.452532	28.073535
1.614871	72.599650
1.152791	40.403280
1.968454	23.994115
0.521427	53.479394
1.861562	31.883163
1.469630	4.145797
1.855385	18.903767
1.036296	51.209199
1.729157	33.515506
1.407949	36.548711
1.732411	21.453923
0.967491	2.035295
1.867066	81.022827
1.878070	51.397850
1.197782	33.273079
1.084974	36.166405
1.347346	23.227723
0.756202	13.301192
1.229792	9.722527
1.834740	112.460740
1.030722	57.209506
1.587498	92.015586
1.418557	36.935810
0.863386	17.068366
1.282799	2.242417
1.765645	15.070158
1.317227	14.707527
1.528556	35.220147
1.647085	22.220651
0.408361	19.445900
0.414556	34.799260
0.584719	26.010727
0.685719	10.618503
1.702158	15.229045
1.138678	22.833187
0.728529	12.526442
1.282854	10.785594
1.628783	44.157879
0.639242	3.291399
0.998199	27.090991
0.745506	41.715609
1.453163	16.761566
0.632468	19.538975
1.655770	12.616755
0.770096	35.588875
0.438054	21.557501
1.856889	23.359079
0.980515	3.404076
1.239553	16.583523
0.552195	34.532820
1.204735	4.710360
0.796441	28.912182
1.746727	131.974852
1.553932	19.980291
1.478406	60.065211
1.656023	17.194184
0.916990	36.009250
1.165956	22.251001
0.516449	31.931974
0.465454	9.728123
0.973971	24.203092
1.719526	76.526623
1.380722	53.060022
1.121882	23.000099
1.946451	53.504916
1.148636	44.464286
1.188863	18.804168
1.987822	13.205872
0.620837	31.849514
0.853623	30.230683
1.165441	5.159747
1.341551	19.292379
0.655804	10.423837
0.973543	45.272171
0.792369	45.738093
1.761464	24.432378
1.737829	6.698418
0.826624	33.410341
1.137679	24.180594
1.461012	34.860900
0.404165	5.429392
1.814000	31.459351
1.251904	17.697682
0.803451	14.214860
1.079515	38.523949
1.842375	10.949538
0.310429	13.581529
0.644915	32.143233
0.742487	25.583349
0.442698	62.306626
0.801193	2.542213
1.710931	46.401130
1.275821	8.724078
1.392262	17.805618
0.671587	165.564063
0.891657	24.568500
1.867362	62.167393
0.774817	7.638507
1.850375	13.778113
1.478268	41.552556
1.239594	10.737599
0.707023	31.778633
1.493776	29.267094
1.818371	46.255662
0.679354	17.464748
0.184328	76.574536
1.593554	32.532577
1.384875	42.284475
1.240064	7.433116
1.169567	6.282175
1.231864	17.273928
1.045332	13.649367
0.505436	30.075035
1.647594	3.678198
1.187293	55.459523
1.722926	47.445002
1.971074	121.849965
0.702784	7.571963
1.674665	62.226274
1.963456	44.096508
1.569999	1.385701
0.837178	7.107495
1.834213	7.588934
1.674266	36.790626
1.159415	7.953467
1.343445	42.423764
1.566214	56.803919
0.606014	18.573217
1.882426	7.047446
1.979552	20.601860
0.976261	21.042170
1.555932	46.764554
1.117010	34.905999
0.324346	32.952922
1.933135	92.796434
0.643943	4.922731
0.485589	19.340839
1.741797	4.717117
0.350880	8.974212
1.515140	158.709215
1.887342	55.841308
1.093960	23.837566
0.467085	27.363146
0.788868	46.973105
1.916464	114.020717
1.183616	91.890408
1.297072	30.308273
0.671940	69.856171
1.868199	15.424012
1.261007	71.654365
1.278476	101.148339
1.348613	57.395275
1.634906	15.435311
0.761258	69.338334
1.906877	35.189009
0.709817	5.309222
0.751121	41.199279
0.238480	10.167224
0.284035	17.484231
1.128457	45.028536
0.724213	61.461276
0.777445	16.394936
1.980338	86.649911
1.886130	7.316206
0.963391	16.961158
0.996238	12.567156
0.914342	9.671187
1.811843	30.742932
0.545671	8.391194
1.360552	27.835218
0.730482	128.910816
1.620918	28.631944
1.430809	13.784236
1.065816	22.060165
0.545241	13.352282
1.634958	92.375804
0.491301	26.036333
0.884066	5.374632
0.850281	25.072363
1.352293	39.998490
1.255943	1.045903
0.894020	17.155594
1.130783	17.465963
1.139860	14.426131
1.344918	4.423854
1.836971	50.702422
0.643135	12.820435
1.321354	29.232817
0.276677	13.052227
1.530619	17.870991
1.444256	15.073447
1.524317	78.178181
1.197961	42.577220
0.731525	80.072818
1.157562	18.989659
0.304586	17.764206
1.055933	16.439915
1.743939	43.914416
0.989023	9.226185
1.371942	52.277811
0.862923	30.613946
0.626929	73.698150
1.266657	13.359642
0.358554	16.134925
1.846804	27.739607
1.649813	27.593893
1.996604	42.626803
1.988888	43.700621
1.576850	96.040644
1.649065	85.769623
1.277331	8.868927
0.789314	11.623526
1.697504	26.480800
0.877316	2.111565
1.458542	39.757996
1.579700	25.337161
1.331152	4.857946
1.477543	3.268952
0.915671	53.479051
1.624499	55.744082
1.908824	38.451179
1.211540	35.913632
0.598205	43.618546
1.413494	23.994373
0.993486	9.373881
1.113665	53.219380
0.663009	8.659958
1.422520	47.735066
1.665150	80.592965
1.633487	51.937803
1.990023	13.562814
0.777975	3.264073
1.862066	23.011953
1.582325	13.309641
1.544516	65.944303
1.508962	7.210977
1.292617	90.592351
1.051627	64.880095
1.908500	58.679320
0.661919	46.125420
0.710923	22.323787
0.266851	7.447562
1.592533	43.301238
1.830281	7.793754
0.729998	10.903299
0.353139	8.056177
0.833976	21.266831
1.814094	34.711148
0.263597	5.857644
0.552589	7.559836
0.311426	15.119130
1.908188	14.831500
0.629655	10.088515
1.840402	51.604342
1.195705	41.486288
1.076604	52.664888
1.124922	72.331721
1.113001	28.649297
0.993989	64.443133
1.701171	10.723161
1.247388	18.116416
1.985301	29.125594
1.261962	7.515923
1.712957	79.770818
1.601161	63.903483
1.086181	17.961767
1.667264	51.013014
0.669748	6.516848
0.761967	29.871557
1.412247	16.208138
1.550641	43.993806
1.449371	63.529925
1.249548	4.711073
0.634094	25.683374
1.042506	24.922986
1.391457	29.659615
0.802626	11.176742
1.440447	33.492918
0.816991	8.967059
0.544633	425.907686
0.966400	23.988214
0.882420	6.432164
1.700629	72.194122
1.210954	6.682508
0.454520	20.271045
1.708490	61.951886
0.875636	15.397551
1.336474	4.180741
1.297316	84.779491
1.953869	260.796206
0.852472	8.612548
0.649860	34.476006
0.858379	62.585015
1.349228	6.329919
0.787534	25.047022
0.991999	39.904421
1.470572	59.611169
0.588153	46.854245
1.911631	54.731579
1.283673	45.431142
1.210928	76.713418
1.027402	50.175598
0.836656	71.304673
1.210635	6.922350
1.214933	2.941206
0.430296	37.373162
1.757575	11.013432
1.716475	30.346860
1.157148	30.765878
0.986129	11.595945
1.233859	5.197691
0.794444	33.288714
0.090774	24.649666
1.013744	12.856495
0.274515	8.074181
0.377579	18.741003
0.332150	4.405656
1.808444	54.967659
0.646606	37.895428
0.851458	16.916456
1.220907	31.328857
1.279146	33.149025
0.600619	20.766605
1.854748	8.864489
0.811413	12.946753
1.907291	26.441225
0.855761	40.224322
0.134849	5.753949
1.954311	25.711641
1.211107	18.303256
1.806396	19.616786
1.584925	39.041896
0.716720	29.842455
1.754294	18.611735
0.413973	13.978334
1.246735	36.687320
0.851076	14.834197
1.025128	1.625983
1.619214	45.861665
1.508401	34.241533
1.145483	9.346651
0.396404	5.266906
0.374633	25.370670
1.536592	34.183156
1.917273	11.549318
1.757390	38.611521
0.600874	57.708649
0.598757	22.909435
1.399834	20.205483
1.469912	5.182718
1.408694	52.583442
1.816796	18.957349
0.811278	42.379560
0.703835	13.763437
1.862105	28.203128
1.566556	59.363186
1.550886	8.413549
0.983948	7.478740
1.425620	12.914227
1.573410	29.468812
1.384600	1.385728
1.587758	46.264680
1.369411	14.558674
1.970768	24.403699
1.223505	64.611784
0.238918	37.489878
0.686392	22.779933
1.941889	144.583920
1.189825	24.235240
0.597193	22.317825
0.671457	32.171997
0.329836	26.288728
0.803100	67.218452
1.978254	34.239111
0.973531	81.047542
0.844503	29.133824
1.484846	56.962199
1.494669	25.379629
1.947811	14.392826
1.577772	21.529587
0.573300	2.465800
1.976553	74.632240
1.608933	365.448695
0.859719	69.007522
0.863059	1.732720
1.935193	27.212199
0.742297	8.511772
0.805293	58.346760
1.020984	29.923165
1.502551	20.495116
1.129796	32.855921
0.945444	16.872378
0.873856	39.042513
0.607273	17.097758
1.304351	16.855924
0.883516	23.800250
0.977771	2.775573
0.200706	3.668509
1.282017	11.580520
1.527925	30.680254
1.883300	28.972787
0.750592	1.622616
1.870331	47.784154
1.024417	14.889217
1.688288	9.048288
1.834711	20.124629
1.937392	11.178160
0.968163	17.352495
0.861807	9.703726
1.144698	23.540180
1.316832	45.742998
1.519275	22.873790
1.521115	72.869771
0.588535	3.462650
1.401750	16.405540
0.695255	35.741688
1.550347	91.220286
1.961939	53.733934
1.640260	54.480804
1.525395	7.207411
0.492515	18.395126
0.727345	8.363208
1.015214	9.653249
1.892757	19.053092
0.976832	11.040330
1.705733	46.790766
0.558767	4.950849
1.476460	1.552983
1.652745	16.604350
1.299394	61.473682
1.634103	10.454009
1.568837	4.819262
1.201017	46.846082
1.785744	38.293189
0.993828	8.819804
1.123247	51.152553
1.294842	61.793240
0.619413	27.281148
1.258305	37.184927
0.966045	1.520780
0.855405	17.917206
1.349783	33.599418
0.974784	32.988383
1.770172	73.335767
1.099755	17.131291
1.104421	59.512651
1.970622	230.242778
0.993666	2.300791
0.621101	2.493264
1.803008	22.430759
1.866586	34.349631
0.803294	10.469950
1.811602	64.249808
1.227323	19.553000
0.387575	9.582685
1.308179	28.926720
1.759723	23.432325
1.079353	42.908380
1.311403	62.513590
0.640391	41.652697
1.749539	24.074234
0.566153	8.379188
0.536233	12.812645
1.892885	87.691417
1.798149	56.094449
1.346872	49.519804
0.564429	2.839626
1.303950	32.436934
1.872202	163.904182
1.402548	47.877125
0.752634	6.014589
1.848934	27.372773
1.785646	11.718210
1.304844	26.348912
1.765105	1.975730
0.431055	8.125788
1.177295	10.186181
0.714949	41.880199
1.742341	33.445237
1.953229	28.627448
1.888334	146.662234
1.240453	72.409641
1.251864	16.215069
1.852719	28.939936
1.565950	61.979918
0.484659	35.710202
0.614329	20.396097
1.921908	35.500616
1.031832	55.986976
0.732463	19.507991
1.586723	39.657907
1.807864	5.264270
0.767801	51.942115
0.846522	7.871887
1.839651	25.942439
0.243881	13.732450
1.852279	8.107385
0.372163	4.859391
0.538632	29.980911
1.780694	29.712171
0.841374	30.818088
0.800205	20.090437
1.752529	8.751236
1.298311	53.490207
1.007971	5.573690
1.554650	11.843642
1.699555	46.121904
1.781462	36.660229
0.594590	2.427627
1.358264	34.144403
1.500678	29.897671
0.588141	12.776235
1.399235	17.912091
0.342835	20.566219
0.993735	29.722332
0.703297	25.276258
1.326569	36.806338
0.739430	23.256675
1.668040	37.142327
0.598578	12.999951
1.620427	168.972120
0.547179	42.030208
1.148975	24.994379
1.531089	26.806136
0.682695	15.160230
1.612121	78.482211
1.924616	55.956680
1.043500	3.835523
0.053335	14.024790
1.200790	22.887025
1.843589	56.385230
1.480943	50.209145
1.538215	55.571876
1.673112	58.358876
1.852679	30.867073
0.606634	16.658349
1.369647	42.723003
1.823602	20.159211
1.647845	34.049900
0.842266	18.398389
1.799919	45.060032
0.917619	15.376215
1.101139	33.128055
0.729239	17.246365
1.816536	11.335479
0.532728	35.110235
1.990393	120.368076
0.973317	51.230397
1.549507	25.254261
0.615164	14.044755
1.217313	87.393215
0.375446	28.146660
1.805848	2.200530
1.155069	110.100605
1.597621	33.850054
1.831114	34.861515
0.467784	98.212972
1.252526	20.831882
0.736540	24.058003
0.468962	25.430981
1.416936	39.687477
0.582760	6.644176
1.223404	52.578741
0.750208	32.596142
0.751685	65.306681
1.269742	69.155232
1.317926	40.409634
0.149764	27.708574
1.236603	63.997268
1.488026	12.458447
1.501116	73.368132
1.761439	11.598873
1.832349	143.751619
1.418168	69.418172
1.208285	78.909001
0.763358	4.208469
0.610904	42.954326
1.397711	3.314220
1.913677	105.494509
0.891490	71.421167
0.548495	2.512599
1.120897	14.989589
0.074820	20.585890
1.315229	28.578447
0.408629	20.866635
1.888758	34.360858
1.792624	190.748867
0.584587	50.415573
0.653377	48.835099
1.924674	61.771130
1.705396	75.590785
1.906389	12.904039
0.982558	31.392932
0.575582	7.506057
1.407055	14.935939
1.945992	22.559531
0.617832	12.335166
1.713603	163.084464
1.022049	41.893384
0.585960	2.662803
1.174069	12.651132
1.218615	27.651704
0.212341	16.444921
1.197222	54.952660
1.454807	43.161674
1.630788	7.190761
0.546329	33.673095
1.802937	27.248251
0.695015	105.819798
1.470918	16.979974
1.313829	64.858905
1.808365	4.818853
0.369810	19.572778
0.740303	2.352617
0.600392	32.193284
0.971520	21.644453
0.989437	26.759990
0.521665	29.911533
1.256826	394.441126
0.587619	35.583038
0.483957	9.691777
0.348009	7.713274
1.885857	10.219775
1.079490	90.966372
0.900531	74.075566
1.208947	23.986031
0.675197	6.407730
1.093916	44.083782
0.738412	25.068999
0.934348	37.851226
1.878030	117.370646
0.657063	59.281196
1.196314	3.653417
1.474755	37.702203
1.868168	26.270764
1.876117	79.270476
0.839388	3.591451
1.908195	7.302103
0.977622	66.277100
1.831753	20.620411
0.533199	8.477296
0.752841	34.358106
0.496587	6.021299
0.925642	81.458074
1.798743	45.871515
0.678339	25.102919
0.800472	6.747527
0.785115	48.816749
0.885655	10.629310
0.278403	24.922953
1.120875	76.570359
1.961474	72.661293
1.157567	74.957618
1.705070	49.872721
1.341755	32.213534
0.255368	38.085034
1.362664	21.280987
1.913566	7.220034
1.315134	2.901388
1.277095	42.405123
1.488735	101.914106
1.794114	47.978620
1.331842	18.845193
1.094342	23.286746
0.363753	21.966585
0.575831	29.676281
1.456659	33.731943
1.412335	67.444766
0.825224	21.634295
1.561702	79.793564
0.893892	35.543835
0.935290	22.707980
0.446605	42.800346
1.310335	41.878477
0.907126	20.145187
1.713671	46.992897
1.686871	3.180427
0.614550	7.529202
0.679775	23.559715
0.961053	47.615702
1.355753	2.773096
0.995223	23.120603
1.007401	76.185504
0.639236	51.524232
0.984296	44.208552
1.191155	27.913304
1.975127	34.699017
1.742996	42.961436
1.673898	30.360174
1.324510	45.567851
1.022793	15.284713
1.772407	58.748839
1.002962	36.827500
1.373489	33.178873
0.856269	28.251852
1.648638	3.972173
1.257136	27.605340
1.832142	46.953712
1.337998	19.910967
0.688284	14.653354
1.988502	43.509724
1.238390	26.425685
0.845281	84.825882
0.974275	12.396006
0.598774	8.100125
0.482824	21.785949
1.161310	9.817381
1.922150	13.887187
0.602624	2.039864
1.844035	117.217764
1.679632	10.257646
1.694466	39.077260
1.548222	6.493797
1.372063	27.073524
0.599113	10.097142
1.348027	10.263039
1.010102	42.484553
0.562433	25.455882
1.690486	26.120967
1.304786	12.116284
1.600947	68.112504
1.204807	6.979721
1.312469	24.517089
1.551812	13.285174
0.838853	31.044127
1.757051	36.381070
1.116468	104.039513
1.546024	13.819220
0.969177	8.070113
1.536998	2.852349
0.387898	17.269043
1.886047	49.824520
1.664608	16.389421
1.480644	65.297844
0.965672	28.879032
1.750144	3.766806
1.635378	7.929206
1.165106	14.082888
0.751185	9.439968
0.710026	29.777330
1.217811	9.259065
1.659293	29.683664
1.555000	45.859433
1.225839	90.110365
0.763941	18.968177
0.825576	54.876156
0.435057	41.231840
0.712480	28.731394
0.240989	17.593654
1.495113	7.450676
1.366721	40.717333
1.980384	15.238956
1.627923	44.362415
0.837643	29.569985
1.545127	26.047808
0.236768	2.442996
1.977462	84.928774
1.405641	68.505704
0.595299	23.340834
1.233243	15.320945
1.904137	22.224706
1.761160	17.272388
0.925466	14.544394
1.078581	15.125329
1.767145	11.030724
1.839762	528.097922
1.862785	58.925115
1.915768	26.606790
1.236264	8.055290
1.779517	81.915998
1.002245	74.016018
1.743215	171.832242
1.003017	25.251707
1.396549	5.486493
1.188240	29.519749
1.828638	1.384307
0.461796	28.299939
1.917215	46.787748
1.178668	43.463229
1.207628	26.411344
1.727336	5.976325
1.482698	6.838562
1.925095	46.396176
1.304887	51.669080
1.322773	18.496448
1.954055	46.700838
1.881562	44.666560
0.771667	12.406946
0.938476	29.210330
1.421852	29.368957
1.902159	7.172038
1.329763	3.658012
1.582633	27.336377
0.535169	13.631233
1.269191	75.167722
0.654821	24.212497
0.862108	19.216517
0.692202	12.961666
0.691434	3.363093
1.986484	58.984339
0.924370	3.675010
1.332925	49.989400
0.286241	14.012011
1.694405	12.405521
1.503682	29.439352
0.807382	13.510642
0.359732	20.538836
0.885460	32.575275
1.426674	13.827077
0.257430	12.479082
0.486729	40.724374
1.098790	34.869265
0.710956	83.818888
1.431479	29.283573
0.708386	46.063952
1.989589	138.639713
1.139022	25.084312
0.656283	2.031023
0.482531	23.869272
1.115878	27.898715
1.698553	156.327759
1.143595	35.874671
0.641362	12.912117
1.218579	14.796795
0.987101	54.355283
1.238244	46.247494
1.070885	12.543202
1.455419	42.632333
1.690174	22.719317
1.818459	54.043687
1.595410	22.767485
1.014873	62.417368
1.158131	38.076181
1.446298	25.112383
0.791597	40.342349
1.535930	5.866727
1.458251	42.243427
1.468234	625.587742
0.980697	39.598699
1.386518	45.973867
0.751704	5.315964
0.736829	18.136452
1.636646	29.866805
1.053035	32.415251
1.301887	9.346305
0.915395	7.622503
0.819727	19.972002
1.653899	9.117257
1.675730	58.953431
1.740401	17.935949
1.768523	40.560058
1.101892	3.909614
1.698361	52.720595
1.000610	32.997971
0.418712	27.542263
1.517311	8.042177
0.753958	22.387457
1.162676	103.888895
0.687429	14.465225
1.071499	34.503228
1.815971	102.659816
1.403733	39.101064
0.655920	25.207865
1.571601	42.553070
1.758282	26.384148
0.692374	23.800789
1.599649	22.783625
1.308616	45.184642
1.390525	65.486592
1.901600	55.255618
0.361713	37.767701
1.441867	23.476281
0.503225	27.065265
1.668714	62.801087
1.833659	307.043622
0.516344	6.135417
0.315508	16.832854
1.928239	67.280382
1.881699	13.001927
1.877286	25.489984
1.902654	333.591778
1.235599	30.480107
1.962455	12.290924
1.827654	55.560390
0.544158	4.227563
1.704101	195.729203
1.551963	36.735647
0.626675	42.594655
1.590326	94.316023
1.212913	33.643237
1.767558	17.866727
1.713453	7.122248
1.906879	41.412080
0.486510	15.693735
1.548660	15.925153
1.049188	182.812728
1.648005	27.923550
1.387997	44.747502
1.228852	18.492346
0.160726	12.202154
1.394841	22.683890
1.115604	36.005407
0.979428	29.618266
1.981707	73.239700
1.533836	50.233318
1.294878	2.589014
1.790737	25.123942
0.804434	198.489731
1.413776	11.812535
1.778592	10.616107
0.603962	22.918334
0.820133	13.912556
0.506225	18.603750
1.987681	64.689235
1.355840	94.337190
1.219741	28.527143
0.988784	23.475459
1.159627	46.013538
1.647797	19.293592
1.866142	75.636475
0.561588	47.487732
0.926621	32.910625
0.735770	3.343786
1.138526	40.645029
1.280893	16.405568
1.565248	115.479343
1.801562	18.320022
1.298216	28.842642
1.218668	10.141339
1.348176	40.070233
1.821528	6.361751
1.456398	24.056790
1.665337	28.935165
1.562560	29.635549
1.876907	46.502313
1.710595	37.121243
0.993157	9.681589
1.768404	29.227252
1.186710	22.138102
1.757321	6.141791
1.848801	70.591665
1.511223	11.024415
1.561642	55.277728
0.641421	65.082702
0.965613	29.384739
1.321407	78.579706
0.150315	20.612910
1.757406	3.243636
1.037414	12.067668
1.568436	28.035243
1.637826	26.753695
1.307067	25.507497
1.669692	12.824337
1.506942	39.107878
1.022410	10.347708
1.709394	24.406139
1.437797	18.684434
0.680195	1.145442
1.643185	49.327768
1.497641	11.439974
0.902120	21.378829
1.749201	30.154988
1.044440	25.226604
1.313988	36.219673
0.996241	7.188809
1.569894	33.720545
1.356225	27.943332
1.190985	24.915723
0.287516	3.753754
1.394865	33.329078
1.417411	10.123402
0.720929	50.538754
0.979082	27.166749
1.806455	42.393292
1.308676	18.606458
1.137912	40.337870
1.896715	61.114156
1.702930	24.633057
0.543693	47.979955
1.775486	9.473550
0.659174	10.899347
0.708661	32.455249
0.486698	9.238498
1.207565	35.156388
1.450652	28.720746
1.614197	47.796506
0.319681	26.360526
0.714514	24.206227
1.415731	10.822553
1.273598	8.125046
0.414885	33.393240
1.895835	50.126159
1.621460	56.602860
1.020773	61.208671
1.289692	77.339394
1.044825	38.330371
1.168427	36.151313
1.378522	42.394123
1.082142	23.629072
1.414981	31.227893
1.183256	17.964021
1.469388	27.031095
0.864786	126.522444
0.701705	5.410782
0.246714	28.800175
1.387132	27.254526
1.968741	55.808899
1.115615	69.899546
0.778749	28.915454
0.243446	17.815028
1.254528	11.757801
1.988107	54.450813
1.973595	125.811973
0.553058	45.885015
1.709780	31.985534
0.705813	6.328375
1.698950	37.200996
1.767132	8.322349
0.200118	2.322767
0.822167	22.672237
0.431652	162.695947
1.233826	55.365287
0.319639	12.851338
1.422963	63.974727
1.322295	152.288092
1.052777	5.974325
1.178228	6.304750
1.983860	9.894187
0.694834	21.534682
1.579942	43.586324
1.451576	40.224145
1.478992	28.854649
1.000264	23.485672
0.785622	19.976757
1.459791	37.537022
1.859823	1.388832
1.960980	5.446087
1.206905	2.928685
1.123555	65.615968
1.005339	51.989236
1.699907	108.522211
0.853259	60.702367
1.254891	17.374585
0.999225	26.575239
1.801629	22.953206
0.898862	2.782115
1.513046	49.168976
1.367477	21.510706
0.972825	3.089718
0.852211	17.623009
1.690425	12.830815
1.251124	23.602689
1.401223	30.701495
1.938555	48.829968
1.081450	75.850847
1.706511	6.509198
1.441827	15.676479
1.374586	14.104803
0.425327	23.470599
1.859243	17.799635
0.807069	11.404946
1.195329	27.553195
1.611621	7.803656
1.268743	12.454159
0.162107	33.985774
1.917607	14.163291
0.288414	4.825427
0.524958	32.648665
0.799213	18.657799
1.382645	5.332383
1.953142	39.255686
1.875558	52.601217
1.460556	32.200390
1.596011	25.096825
1.551119	22.838310
1.513734	145.226455
1.703619	41.988198
0.991082	41.156760
0.793890	129.671644
1.003303	14.184602
0.405666	10.558160
1.946526	66.779439
1.592714	71.397971
0.780193	2.048287
0.853922	22.945697
1.987950	23.067380
1.636018	28.271805
1.123627	55.524591
0.767975	36.482226
0.376555	6.919305
1.487372	13.851655
1.654069	56.782817
0.568147	26.453735
0.130977	12.431915
1.018631	19.830759
1.484588	51.316364
1.877363	28.904052
1.807626	16.459264
1.516097	31.159328
1.706163	64.400964
1.016189	10.833651
0.835695	24.323109
0.605338	31.518030
0.721680	9.403062
1.939912	35.611287
1.887154	43.443109
0.399888	14.256809
1.190456	15.905461
1.043394	88.327061
1.461220	26.446463
0.972868	36.930217
0.895453	170.919347
1.698673	65.403641
1.914529	77.132068
0.760972	39.915509
0.818754	76.007332
1.113681	14.426788
1.542742	9.428909
0.693683	3.427610
1.187442	24.798428
1.747454	16.786368
0.816618	57.412877
0.402446	13.667467
1.850507	2.253723
1.665580	98.713542
1.531498	28.384407
0.518396	27.140706
1.838694	104.075915
0.935761	1.377544
0.776707	16.150379
1.216768	31.791744
1.875782	49.507411
1.991119	34.172144
1.405155	7.987324
1.927981	54.975817
1.165482	104.820008
0.333011	22.207736
0.887239	25.183813
0.930191	2.468469
1.658226	15.545225
0.605408	10.438630
0.708857	15.825647
1.405394	23.715419
0.619232	30.091057
1.228757	8.608950
0.355758	37.107443
1.486727	36.972947
1.852947	88.995259
1.800375	20.196165
0.481933	4.578254
1.370827	24.491494
0.558978	10.304150
0.421986	14.575515
1.399621	72.876087
1.343283	158.217480
0.534765	24.270465
1.022431	106.948083
0.954105	15.160639
0.995144	14.254220
0.980480	40.823589
1.722467	9.940425
1.012658	37.455465
0.976105	24.820134
0.332800	9.420927
1.669968	17.202273
1.473292	13.136212
0.993519	15.492257
1.163230	15.446084
1.675565	25.899578
0.997909	46.230639
1.195601	43.715008
0.284599	6.202267
1.868675	85.842417
1.040149	7.358935
0.921420	82.976126
1.397738	63.687939
1.275257	11.876192
1.085908	31.346611
1.875073	9.629214
1.027304	24.651725
1.997346	8.759557
1.668015	12.621272
1.844988	71.521810
0.898998	35.226394
0.472465	16.034824
1.113804	13.590703
0.948857	24.907050
0.444396	15.290279
0.475978	2.720545
0.707637	23.313342
1.050306	178.782597
1.895567	13.815613
1.470148	10.328359
1.082058	29.862517
1.683707	15.052877
1.337393	42.310863
1.111143	49.513767
0.648177	18.961441
1.882516	38.189285
1.419695	16.547770
1.144235	17.420906
1.142765	65.282131
1.631355	45.649886
0.717546	13.905455
1.111285	37.729122
0.451456	20.855911
0.499048	6.128284
1.274659	50.912475
1.054958	87.809501
1.562587	32.486288
1.978393	44.554357
1.776260	46.989839
1.148226	9.797895
1.050402	20.502168
1.362011	20.597802
0.529327	18.092787
1.979903	39.024946
1.969084	32.070642
1.876027	62.569143
1.476756	21.101056
1.240112	43.340849
1.543322	7.117524
0.950478	16.812653
1.765083	38.432763
0.627779	7.645118
1.689946	37.172817
1.788800	9.296633
0.699719	8.736390
1.203399	8.324179
1.826617	23.458381
1.934058	31.897836
1.702038	31.147644
1.904611	20.582564
1.898367	47.892811
1.967021	35.542405
1.104970	75.258903
0.905889	52.641587
1.433166	12.192367
0.735253	4.745890
1.320342	70.524911
1.353426	99.740611
1.694482	37.675632
1.025450	19.529238
1.386903	7.746953
1.844903	31.424329
1.117688	81.897962
1.342191	32.676502
1.665343	7.838088
0.843463	3.128998
0.557865	10.582411
1.506034	68.812658
1.038964	49.471744
1.056193	44.771907
1.887369	3.886491
1.096541	4.007298
1.925044	34.156132
0.564938	4.698664
0.995953	4.403331
1.522710	4.018708
0.609242	72.409352
1.064581	21.517865
1.764332	94.160860
1.626392	24.155753
0.897922	1.946988
1.017110	49.540022
1.243041	71.432567
1.580319	30.037729
0.663516	40.297863
1.276679	28.410607
0.481221	10.339101
1.081145	27.361819
0.739244	38.872669
0.941860	26.632966
0.977775	24.707200
1.639084	31.965678
0.869727	37.246232
1.479089	55.503928
1.285049	36.641698
1.691095	80.358520
0.961978	50.202639
1.991287	8.681870
0.920343	17.546315
1.353810	41.665739
1.432086	10.159666
1.292325	17.928261
1.775351	5.263229
0.580214	10.867076
1.380130	42.088883
1.244906	10.928460
1.110783	20.136086
1.001062	46.942905
0.665551	36.393503
1.458524	14.423939
0.590920	3.869982
1.729611	11.736753
1.157026	3.138588
1.392241	21.985243
0.493382	6.137712
0.533668	43.864484
0.819806	5.044522
1.653709	28.636738
1.214275	4.766458
0.944792	163.904543
1.760793	66.774803
0.740950	42.049757
0.860170	25.601120
1.649127	12.562475
0.321169	7.442321
0.792458	2.238952
1.267268	72.441314
1.863479	7.833335
0.870930	36.472392
0.779588	61.078871
1.959248	19.236400
1.272006	45.993814
0.449951	18.706584
0.888633	25.040868
1.285622	9.992213
0.477378	10.911340
1.522124	11.358715
1.268990	24.750959
1.547875	79.930759
0.994005	13.511285
1.114975	12.859109
1.884254	31.794913
0.775258	15.112451
0.373120	12.940911
1.971061	24.845282
0.197066	4.317610
1.821271	27.123767
1.724496	31.007368
1.216964	16.382972
1.541299	16.413249
0.561898	3.471963
1.629275	44.735173
1.659829	24.632638
0.414845	13.367313
1.231334	52.560295
1.916182	12.160133
1.920978	245.757032
1.974795	34.853026
1.468500	23.894085
0.641436	24.908268
1.104196	35.582516
1.573763	10.214284
0.900774	24.827581
1.700165	55.884290
1.779271	20.412533
1.629100	31.224125
0.994574	37.825383
1.595686	13.590486
0.478218	51.910163
0.983695	2.287874
1.632214	64.430395
1.676708	67.676427
0.957514	19.641636
1.935700	36.665151
0.883294	10.836925
1.473488	39.817528
1.806730	95.882409
1.311996	43.429886
1.103588	47.209520
0.776555	14.556409
0.749328	2.245495
0.677647	2.137750
1.149921	26.954917
1.306825	41.213208
1.744668	95.789589
0.787185	42.301707
1.616456	33.057186
1.524459	7.005417
1.435510	41.211463
0.990224	45.302774
0.956255	44.541107
1.622109	52.918202
0.885383	31.737218
0.974968	51.822386
1.943553	11.795566
1.997494	137.670193
0.116403	17.536484
1.513459	135.997831
1.288357	17.299848
1.175774	25.165382
0.887247	42.941088
1.246128	47.482251
1.170364	35.369728
1.086500	14.524067
1.761341	45.962750
0.878905	33.804543
1.380441	47.997917
1.783713	127.961059
1.965858	48.013888
1.388278	8.595554
1.265336	47.175160
1.746938	26.467295
0.734497	7.371292
1.428809	63.526048
0.454923	5.888410
1.473501	47.501900
1.678218	44.415020
0.451453	19.465308
1.759177	55.369988
0.603464	8.641560
0.710639	21.268416
1.740583	55.763700
0.606411	26.757705
1.494157	90.099143
0.918779	18.980766
0.841280	9.661232
1.458795	41.761886
0.565852	9.011645
1.346497	32.171257
1.878517	42.327017
1.763810	31.217650
1.763355	68.217079
0.931968	12.776605
1.535210	36.867110
1.654267	19.929998
1.841956	55.493077
0.868001	76.650751
1.625022	6.477545
0.813495	42.484818
0.324603	6.852747
1.208289	6.907275
1.632656	16.017029
0.781869	13.552091
0.405637	15.933718
1.044104	14.591598
0.761121	30.447552
1.056938	29.326760
1.872661	80.997652
1.599354	58.610760
1.042791	66.244787
0.967534	22.884779
1.873236	62.324967
1.822208	72.603374
1.390263	23.685904
1.018885	67.116972
1.672910	6.889218
1.479044	14.918069
1.331715	29.689120
1.591280	45.030949
0.627456	10.851247
1.887458	9.792419
1.956022	47.094137
1.013975	25.492892
1.914025	47.244775
1.678252	46.820509
1.904801	24.229602
1.867315	179.052109
0.757515	29.296828
0.861086	32.174063
0.862044	33.624935
0.535907	16.942427
1.080947	60.850924
1.026743	222.577593
0.997504	62.049729
1.005343	29.942506
0.448635	69.969118
0.729868	12.693270
0.920564	43.752271
1.822418	75.053576
1.881704	25.467323
0.903039	8.740922
1.524532	88.914046
1.762590	64.952868
1.244672	82.117531
1.616965	5.426975
1.960785	167.837695
0.684169	16.851790
0.472977	4.946071
1.443704	20.308256
1.248113	17.927059
0.921697	24.923067
1.865935	59.609692
1.755160	47.235772
0.868452	46.158585
1.645267	98.098251
1.728241	37.199006
0.967981	41.852459
0.547760	42.816660
1.762274	22.658246
0.542026	12.986419
1.203455	20.285486
0.745497	4.858141
1.883186	6.598306
0.566688	3.826452
0.589100	13.884381
1.535880	36.500432
0.765990	3.990496
0.622974	51.249856
0.695886	10.872662
1.378094	15.474482
0.796552	32.502333
1.049444	14.507643
1.761214	16.538475
0.710330	40.616761
1.724964	54.281569
1.647104	71.260955
1.732515	45.878107
1.002314	65.779630
1.194090	31.404050
1.543797	109.921945
0.365108	10.030458
1.479087	59.164209
0.596245	15.266953
0.907748	30.055759
1.699614	50.353950
1.436798	23.780642
1.416674	35.364558
0.804108	54.251706
1.485229	31.438181
0.621562	5.195845
1.942913	40.956254
0.848668	23.269576
1.725689	14.404978
1.871582	42.683569
0.702865	22.439477
0.217980	7.352079
1.799433	12.573595
1.629763	18.986433
0.668345	16.083291
1.731283	90.413621
1.700665	22.116079
1.177434	23.741073
1.914062	22.646468
1.357617	24.735466
1.149709	34.511615
0.244326	4.548712
1.923600	77.054381
0.614390	19.816362
0.921020	12.639171
1.577530	1.700408
0.174864	24.765502
1.298899	28.536327
0.677619	17.577106
0.299222	4.367559
1.446150	58.670539
1.388615	30.913099
1.584853	78.568932
1.411269	10.840754
1.148360	13.684154
1.203474	41.366519
0.792120	29.478099
0.509077	6.009703
1.778478	27.487809
1.520270	8.815806
0.602493	19.430638
0.868175	37.786609
1.782177	52.428888
1.934926	53.822225
1.671091	9.034279
1.339566	7.755185
1.791399	72.532477
1.424041	7.094708
1.532406	14.010578
1.725999	29.646685
1.013242	8.300289
1.661016	54.587520
0.768517	31.372873
0.745288	14.491469
1.701999	46.590549
1.330420	36.246714
1.105731	61.102428
1.270423	60.925297
1.964107	12.813597
1.830576	59.976794
1.246763	67.731050
1.305739	59.527868
1.405338	27.359325
1.670606	43.646549
1.798665	3.365997
0.652624	3.346958
1.426091	16.643016
0.804593	16.112860
1.416560	20.880031
0.701929	7.590150
1.696825	7.922188
1.474866	66.084325
1.786487	49.212178
1.910246	31.601428
1.893473	61.850963
0.649817	36.721116
1.048797	64.417202
1.210177	9.388859
1.667741	15.957656
0.254925	38.025385
1.879982	84.577749
1.095556	19.943412
1.430432	33.388938
1.968470	39.043475
1.812511	45.542373
1.026055	29.134326
1.212298	7.559190
1.638808	2.555641
1.598832	36.217140
1.540486	8.333170
0.225589	4.006328
0.754062	28.487723
0.794875	18.082571
0.845124	6.058881
0.540551	11.415977
1.694741	36.138598
0.993303	46.430596
1.647387	24.536719
1.889647	119.843743
0.948277	34.957650
1.166141	6.716523
0.518862	48.925580
0.918822	20.063245
1.304331	4.725311
0.718942	20.489111
1.290591	4.790799
0.948047	52.789781
1.983784	29.578973
1.047081	8.267117
0.371379	2.403174
1.194979	3.552926
0.981799	14.743030
1.038267	31.048129
1.039051	45.299611
1.810183	72.043450
1.232862	9.125317
0.848914	25.636780
1.673168	7.635062
1.150565	174.209051
0.650213	31.109946
1.997549	50.774322
0.322614	5.420887
1.547141	28.746129
1.757838	118.523978
1.012979	14.213364
0.674503	200.842893
1.140149	109.743934
1.209252	25.740148
1.999516	89.540649
0.282822	21.231236
1.467335	45.524324
1.691436	56.995667
1.410797	16.724885
1.428684	7.963049
1.801020	18.560096
1.332457	8.480428
1.810832	10.612629
0.774359	55.931584
1.259505	24.919361
0.349763	9.262694
1.689958	49.342805
1.649969	8.142423
1.293621	15.967254
1.078085	17.003859
1.038396	60.949401
0.757894	9.455216
1.127012	9.201188
0.933565	12.155602
1.351026	23.914026
1.663981	37.339801
1.524498	66.501637
1.256275	51.800724
1.916911	12.988249
0.750954	12.354446
1.443629	48.860144
0.520214	7.345820
1.492899	280.289852
1.571352	14.452364
1.658088	91.406522
1.479083	15.880099
0.601840	24.464271
0.390661	20.602380
1.554694	28.389073
1.681923	8.745585
0.345795	21.718425
0.659575	7.954452
1.669783	32.598353
1.947802	30.212632
1.266082	17.468423
0.666416	21.669935
0.961489	40.518633
1.656269	83.610715
1.299846	6.424099
0.435548	5.920415
0.940858	20.820647
1.612798	54.101930
0.968701	85.730167
1.133743	56.207709
1.847701	134.931366
1.975003	48.180553
1.619478	5.447577
0.827123	8.420082
0.832329	31.659131
0.934143	12.063000
0.680889	5.449240
0.716365	15.773281
0.854260	17.846848
1.473304	25.813625
1.402718	10.145704
0.992680	12.838724
0.749746	11.459002
1.419894	161.391140
0.619788	4.830038
0.652044	33.962180
1.058914	25.021104
1.335725	2.769731
1.575800	29.447921
1.513783	35.705094
1.051321	18.241305
1.465499	57.576983
0.776448	30.831198
1.226109	26.135099
1.406893	70.248232
1.600116	40.260328
0.498170	5.262500
0.552552	33.901282
0.482582	10.394134
1.304668	28.682588
1.339713	31.525843
0.228102	7.247209
1.468553	57.629064
1.628759	5.790527
0.588446	6.368321
0.987032	78.605225
1.761582	54.781705
1.514112	55.871983
0.934755	28.321230
1.596849	35.211306
1.819735	117.424111
0.942311	13.985841
1.509748	12.608163
0.533734	17.706239
0.438304	22.775237
1.363777	18.171726
1.224134	25.964914
1.700080	60.426608
1.654533	65.402182
0.905483	17.737794
1.253751	83.448444
1.617318	20.368707
0.879418	4.301238
1.025713	61.163792
0.441937	12.350586
0.618961	21.449503
1.399376	5.251019
1.230602	18.089053
0.696660	29.933808
0.195731	8.003773
0.697520	30.213225
1.608030	32.034512
0.534386	13.101581
1.088243	35.738915
0.824812	14.395290
1.309020	31.943962
1.252692	25.609830
1.972262	40.935648
1.643270	27.375944
1.900491	83.756709
1.351451	18.645881
1.590113	31.713764
1.831997	41.845261
0.378949	14.247495
1.864135	49.693432
0.777209	15.001848
1.540810	49.784089
1.643970	46.026232
0.571818	15.277394
1.924117	92.939401
1.881751	39.033096
1.465350	3.058406
0.670473	11.003797
1.333765	119.053226
0.997793	34.642516
1.888437	49.839549
1.094678	59.204073
1.523918	4.799637
1.439225	22.199813
0.879522	13.660453
1.288351	20.912362
1.099756	30.243281
1.045401	33.870296
1.783387	59.471139
0.638604	51.397779
1.100388	100.684033
0.190399	8.624163
0.864229	40.509796
1.416511	41.413361
0.518887	32.255804
0.879799	21.461766
1.808709	56.898321
1.521051	36.598851
0.472608	12.512273
1.987578	3.856730
1.911371	9.487799
0.642630	2.002616
1.874305	68.598086
1.309833	23.335369
1.886237	31.425214
1.948161	66.418182
1.523640	37.054858
0.913032	8.840160
1.878731	13.052196
1.344798	29.794148
0.993689	22.950072
1.175575	17.616828
1.093984	32.052291
1.895644	18.072778
1.715046	3.793756
0.340436	19.931409
0.218858	5.620466
0.470011	5.199424
1.399624	27.057796
1.706820	34.018730
1.257755	8.165691
1.287197	10.656500
0.827635	32.841273
1.174453	67.189225
0.855711	18.896709
0.884516	14.822071
1.070920	20.688800
0.402047	14.331090
1.927098	24.595306
1.862256	20.807693
1.678915	32.724446
1.337420	25.609555
1.704587	73.133172
1.957989	152.202816
0.900362	4.656920
1.029319	21.029693
1.576940	51.564644
1.447936	20.408046
1.722718	17.070856
1.002256	42.988818
0.944298	17.437146
1.362529	18.688023
0.651246	15.398127
0.373347	22.334743
0.834031	83.969411
0.676459	15.333587
0.189600	13.572973
1.651071	9.188466
1.299825	46.512927
1.486835	33.163096
0.685818	18.165345
0.855450	32.843511
0.442698	9.864139
1.995878	69.144276
0.557192	23.095632
0.526099	28.925233
1.405244	35.669382
0.978405	16.771082
1.820224	64.242902
1.733043	35.596500
1.789848	29.143540
1.586113	102.878922
0.621752	59.079118
0.453243	3.781258
0.456257	9.215796
1.687350	7.122891
1.469174	20.750516
1.969070	50.647345
1.448893	19.211814
0.842816	39.740355
0.523952	42.650418
1.031381	29.730872
0.755309	5.816096
1.426399	66.327026
0.540006	9.366738
1.642708	47.642089
1.528116	18.039641
1.587965	19.248154
1.944012	26.595139
1.459399	9.633793
1.667137	42.407249
0.513186	30.009187
1.908093	47.935874
0.789366	24.219185
1.225071	142.576824
1.930528	27.209859
0.717375	29.087917
0.357527	32.815907
0.922447	6.981888
0.672569	71.926309
1.485458	11.834046
0.891755	4.169197
0.450941	3.573335
1.828771	8.000767
0.408614	5.286890
0.879949	17.763850
0.827414	38.963952
0.304130	17.539588
0.690104	13.892170
1.707387	61.798278
0.365500	17.678877
0.302725	24.609793
1.434770	55.516366
0.522450	42.055088
1.040674	8.538435
0.125976	26.889557
1.026366	32.962571
0.956332	14.001907
1.403062	27.530192
1.234104	22.819093
1.501136	18.168485
1.896546	47.504227
1.677246	60.890072
1.892873	47.394405
0.424249	12.236952
1.984257	15.436222
0.962761	7.058690
0.889009	25.744309
1.089884	28.001043
1.659131	7.809513
1.926017	3.301877
1.316211	42.913710
0.668582	15.851836
0.781305	37.982243
1.092714	71.382417
1.031626	6.510165
0.823914	51.172026
1.761979	18.167378
0.894631	41.599700
1.373425	80.337161
1.204497	6.326299
1.876830	35.085669
1.427180	27.588143
0.978740	24.240465
1.441721	45.670921
0.957718	18.166358
0.527368	13.714378
1.213337	33.665321
1.777462	59.633878
1.854223	51.979568
1.300614	27.017219
1.532572	5.586821
1.400076	37.739857
1.701210	8.681467
0.557519	31.053531
1.086593	43.998792
0.849321	19.577069
0.188563	38.781531
1.730577	25.294443
0.626861	56.888921
0.964863	71.844244
1.787859	52.803929
1.565304	48.882061
1.336235	23.050952
0.943839	10.943063
1.258312	24.365875
0.430663	17.968160
1.574306	96.543591
0.822261	13.672645
1.204343	52.883757
0.536333	53.230832
1.549475	19.344099
1.833184	31.719159
1.169402	27.451452
0.507779	33.892229
1.911265	119.917392
1.156005	25.990470
0.500169	2.745774
0.734460	3.587682
0.595688	32.328488
0.751324	26.345889
0.671389	226.754628
1.875906	29.866804
0.772355	18.853658
1.148329	3.250876
1.578196	16.293952
1.498816	96.893375
1.929519	31.848297
1.944903	1.819403
1.340663	4.638866
1.612060	47.173325
1.063045	12.342988
1.129077	30.944536
0.560234	13.602823
1.493506	64.458477
0.878844	38.709936
0.498896	63.146109
0.545537	26.399957
1.566898	11.062304
0.807643	12.056887
1.638871	87.967787
1.849075	49.030042
0.992596	24.118445
1.675264	41.237415
1.128317	14.572009
1.642261	28.270521
0.938118	20.699890
1.889587	29.033887
1.979166	47.973152
1.063211	21.498492
0.753899	67.822898
1.511315	17.892894
1.359822	242.224490
1.986094	49.047552
1.702390	6.944245
1.738577	12.411662
1.573076	63.683411
1.008238	45.841605
1.896525	19.987576
1.184043	21.790514
1.083638	19.910292
0.745257	23.758292
0.933643	9.788905
0.128295	4.036358
1.473331	45.936305
1.392312	48.194930
1.089137	14.845405
1.946640	73.378592
1.522955	8.491353
0.831589	44.313221
1.051708	11.374842
1.259024	11.485826
1.303009	39.463408
0.887212	45.564943
0.843118	22.714683
0.926286	9.384516
1.940592	81.549777
1.021911	61.639569
1.044649	34.493346
1.563689	56.218057
0.685243	40.862871
1.448379	14.484311
1.482620	22.458810
0.455918	21.683331
0.737294	49.988463
1.185276	96.714357
1.739060	26.754115
1.581910	40.452228
1.798115	28.081143
1.763186	27.393268
1.252617	15.508233
1.417309	19.101470
1.872609	207.957419
1.595081	52.075252
1.019336	16.272316
1.007566	12.034497
1.032972	18.477292
1.228288	4.017874
1.026534	43.052177
0.732743	29.591144
1.376643	21.466106
1.791497	51.259337
1.224320	26.794781
0.790390	46.057630
1.704625	42.632770
1.617269	7.076752
1.533612	98.904302
1.495456	17.685583
1.657566	21.920810
1.731106	13.281803
1.836915	84.439019
1.398946	1.429926
1.074660	92.186456
0.524917	70.404858
1.566958	28.642629
0.641627	31.386310
1.790421	38.815208
1.093483	35.893980
1.802310	64.441909
1.263010	34.510233
1.165707	38.039781
1.028220	16.778540
0.446452	19.243602
0.232006	7.931583
1.248422	24.954490
1.841488	4.782711
1.363559	31.885235
1.780853	36.042539
1.999599	20.942268
0.715954	22.408205
1.472842	19.742747
1.110319	3.514772
0.771870	20.770087
0.828465	47.708628
0.834920	13.185077
1.577853	25.918202
1.014840	2.977816
0.853827	60.350597
1.817686	10.095657
0.352832	53.423541
1.586848	46.241635
1.936093	25.182345
1.422305	3.755470
1.307186	13.376727
0.446753	9.371658
1.239872	20.181146
1.024844	24.236631
1.651211	10.573886
1.702670	10.201346
0.694736	5.764102
1.268625	19.600750
1.777057	6.940964
1.420644	7.285156
1.206996	63.398022
1.836692	29.371036
1.945642	23.460927
0.818718	70.291478
0.723881	44.610321
1.784671	52.142241
0.831991	32.059703
1.758275	21.044281
0.929151	44.491762
0.281263	10.737905
1.117975	28.170413
0.376327	14.007238
0.770400	31.655229
1.204585	12.480049
0.369235	13.132372
0.348186	29.584896
0.670109	40.278232
1.179659	27.070526
1.957794	24.768229
0.533721	5.060475
1.416828	5.477820
1.231083	27.366028
0.442829	4.258632
0.352004	47.000526
0.795155	21.660115
1.510447	12.070165
1.939039	8.490029
1.318949	21.655707
0.395893	49.763186
0.857622	13.186645
1.906865	12.028840
0.239287	44.749467
1.387535	33.665745
0.716528	2.451201
0.460894	29.280335
0.851625	16.648501
1.898351	5.285554
1.626385	27.769642
0.701759	19.575487
0.459410	16.099763
1.225214	26.518945
0.419179	2.153395
1.090707	49.542063
1.685011	11.809941
1.236445	28.948061
1.834771	34.102422
1.671265	31.192035
1.317746	24.243250
1.669963	15.552320
0.537312	18.117425
0.758355	41.900336
1.533917	38.651486
0.179215	4.926282
0.166625	7.416767
1.054242	16.263990
1.788171	72.214714
1.968852	46.011239
1.458319	4.987166
1.919589	28.498802
1.758019	27.495777
0.758575	67.000746
1.090549	54.116569
1.419522	47.916761
0.662376	5.522670
0.948406	14.008141
1.618245	79.054470
0.998600	29.730477
1.880757	26.282615
1.094863	49.653504
0.791475	12.996454
0.774238	23.806357
1.514134	51.485337
1.035351	9.129685
0.822150	52.859095
1.524094	6.600279
1.117151	52.539334
1.755415	36.395102
1.308398	4.808357
1.954820	47.767379
1.045132	45.270894
0.897922	3.395652
1.450449	13.028426
1.545836	15.101698
0.268384	16.279943
1.487477	14.385300
0.720522	31.974672
1.933369	25.978927
1.348553	25.791697
0.610640	26.414967
0.419366	51.170685
1.807731	3.614634
1.762593	24.580812
1.136420	95.644852
0.518830	22.555602
1.069109	40.584664
1.624520	36.779981
1.475702	4.014282
1.785193	27.008201
1.610378	7.338199
0.975629	66.667079
0.993045	34.875305
1.455220	65.880535
0.943686	13.818223
1.789080	4.536726
0.971760	261.088831
1.218914	7.077374
0.386840	32.268179
0.591771	29.981761
0.621979	2.182190
0.997770	2.769247
0.588482	12.841484
1.171166	19.684751
0.876416	51.733362
0.881925	75.414257
1.153668	23.082160
1.767582	50.410356
1.626341	2.644689
1.814184	24.592797
1.983991	7.738464
0.228769	22.379909
1.522059	14.081604
0.595654	35.164173
1.898089	14.190003
0.803990	8.496455
1.006930	38.379045
1.965941	81.396535
1.788351	37.539637
0.400887	2.156964
0.399705	15.824777
1.713521	31.834663
0.472844	8.273725
1.764316	55.345573
1.878673	66.163970
0.305778	15.636726
0.791914	42.500532
0.302536	2.281373
0.479753	17.181240
1.286232	50.232343
1.578625	46.078322
1.204753	95.575899
1.062890	19.051445
0.768100	31.554502
0.820979	10.191443
1.358043	41.487255
1.770571	38.651473
1.091488	31.648961
1.902562	188.456443
0.417405	6.818033
1.729484	33.050363
0.989172	9.824934
1.790807	26.628148
1.870417	29.312851
1.533899	35.158001
1.014920	4.679147
1.170905	42.851246
1.312556	33.060221
1.178646	5.124634
1.671109	16.262733
1.641215	74.448365
0.240250	5.177650
0.663084	5.803522
1.028187	46.568658
1.492020	28.812370
0.808993	10.965287
0.963927	22.180246
1.178646	54.833833
1.368676	22.143669
1.842573	35.385320
1.691718	52.812642
1.021431	43.889593
1.635831	24.446286
1.734801	12.101221
1.268764	61.156843
0.920782	11.402830
1.908063	53.737615
1.938821	7.888138
0.800022	4.700480
1.661820	38.047229
0.381473	18.954315
0.130914	18.112835
1.009468	53.505689
1.179336	23.892274
1.304471	24.073660
1.051031	44.060863
0.615318	3.031238
0.998811	12.519830
1.718111	45.724149
0.984473	11.906539
1.372758	56.031413
1.504652	34.269518
1.582051	7.534625
1.217499	53.607922
0.608619	20.983806
1.840544	46.608667
0.861563	61.130491
0.989607	24.254124
1.644635	13.490313
1.629061	50.921894
1.834056	15.836160
0.350389	7.362514
1.799770	12.940791
1.672743	26.684321
1.272870	27.238828
0.678769	29.856447
1.302475	12.094407
0.744718	14.231161
1.943175	75.834931
1.546509	10.133031
1.378599	14.601420
1.705106	34.970857
1.283814	17.249649
0.443148	16.914879
0.859404	15.077705
1.970210	37.381662
1.762886	5.147172
1.883159	14.865332
0.544566	20.871194
0.840653	49.938190
0.452138	3.370998
1.718632	35.502006
0.706928	20.919978
1.099867	37.398087
0.876996	79.751071
1.887790	84.442587
1.396642	44.707227
1.683868	12.695168
1.387371	5.890091
1.402840	15.016043
1.058214	77.059527
0.825178	38.465022
1.004467	33.352683
0.918854	37.071939
1.520139	10.720975
1.118925	25.044132
1.310160	15.509427
1.640323	37.469719
0.872065	15.367392
1.120575	20.412024
1.264518	29.170538
0.422901	20.337901
0.664145	31.873746
0.452943	24.260271
1.611989	21.603410
0.927075	5.539584
1.118969	14.884261
1.491870	103.159238
1.945612	36.534298
1.701549	12.121899
0.435562	10.498567
0.936519	23.897046
0.407272	39.838368
0.447423	22.879912
0.612413	9.103852
0.961199	99.818704
0.812142	34.082797
1.010411	16.533537
1.718394	33.996438
1.681085	12.514750
1.008159	25.112220
1.473207	43.568418
1.042356	3.933989
1.062909	10.411261
1.496947	25.990226
1.060388	9.185249
1.308816	6.152891
0.585321	11.674057
1.293284	45.775918
1.596481	9.517071
1.821467	19.334087
0.654119	19.125008
1.100871	28.372782
1.214802	31.312871
1.847327	33.746411
0.856663	23.904059
0.690947	9.092837
0.642216	18.517066
0.669571	20.849758
1.791987	37.432588
1.413627	63.428235
1.116133	46.094402
1.787643	41.964884
0.924018	60.292448
1.883819	19.630839
1.621985	42.706097
0.288924	6.760763
1.179478	21.576502
1.749957	99.114425
1.078578	8.675612
1.979064	37.642236
1.756333	30.051159
1.613191	155.622023
0.629664	21.058637
0.568430	5.659304
1.445440	20.503869
1.475600	22.065515
0.654650	76.285491
1.767777	33.031783
1.798552	13.954052
1.109838	19.453959
1.395676	7.147430
1.251475	54.759688
0.358149	2.539032
0.526221	46.327818
1.653762	86.785076
1.217988	41.369942
1.400388	34.565443
1.403310	34.875502
1.053127	52.747548
0.331896	8.010021
1.664631	94.390335
1.188203	14.721940
0.636822	15.243084
0.291580	4.209010
0.271677	2.926415
0.348735	11.877783
0.669860	20.307430
0.812084	4.533206
0.839190	59.509257
1.431953	12.303964
0.829605	3.404324
1.494309	38.316849
1.720453	49.372259
1.061110	53.835255
1.560845	82.163853
0.559659	41.302116
0.972114	32.698865
1.507286	37.458575
1.890062	26.040635
1.407302	56.633973
1.028636	2.794959
0.949348	12.341603
1.071520	16.246638
1.462886	30.715674
0.970628	11.241301
1.190542	66.114239
1.622203	42.037788
0.823063	8.266098
1.558074	15.823279
1.625930	33.244263
1.782872	25.854074
0.305942	8.387636
0.581998	2.594139
1.926905	11.981993
0.608770	26.749185
1.217323	37.984114
0.693462	7.671583
1.702841	65.081530
0.541329	9.118133
0.513993	28.199137
1.242475	27.976443
0.823757	39.554693
1.475795	55.549912
1.510517	31.415565
1.363467	86.763997
1.737851	40.766536
1.529315	21.866625
0.732758	18.936835
0.495003	31.527222
1.605191	16.515384
1.593494	39.455420
1.762126	15.820872
0.760151	19.355357
0.797475	12.676580
1.349540	25.095891
0.671055	41.831485
0.921264	52.968640
1.703674	10.428535
0.982100	32.362749
0.230500	5.369055
1.459796	48.791187
0.719698	11.026829
0.748207	3.997814
0.265724	20.261042
1.351561	3.068456
1.327605	10.057834
0.541165	24.543916
0.411819	10.561372
1.221760	3.248025
1.656067	15.983596
1.925147	9.381799
0.486167	23.308907
1.545547	30.209124
0.740088	31.490903
0.351324	25.206043
0.982986	27.056429
1.345396	51.635577
1.386199	27.274075
0.407694	7.639171
1.883719	15.553756
0.425414	18.575163
0.786908	29.479527
1.134011	24.247276
1.912188	7.952046
1.985711	15.966961
0.067088	22.565654
0.799889	5.417824
1.237471	15.947034
1.524886	52.046589
1.468621	5.362055
0.846649	27.129905
0.751303	14.841789
0.251373	53.208356
1.750565	23.895789
1.051855	26.301645
1.783909	43.612060
0.965391	3.169235
1.617709	39.007579
0.470827	26.322180
1.702155	28.874790
1.825612	36.626488
0.869256	17.982089
0.642994	51.897022
0.748783	22.607339
1.789274	97.643286
0.904678	4.015026
0.811889	18.219798
1.965666	36.447634
1.488415	118.347450
1.734133	37.628620
1.604120	17.922662
1.044449	18.412384
1.781427	25.609858
1.366617	42.917419
1.469591	64.449657
0.969174	13.617936
1.969361	27.279251
1.768766	41.683910
0.655870	27.330552
0.762941	58.400237
1.606432	88.691696
0.315092	6.288570
0.984062	92.589906
1.283920	74.577493
0.764820	27.890183
1.797647	71.091933
1.822874	8.251456
1.930129	7.221164
0.652217	59.169263
0.497364	25.545381
1.318974	37.857918
1.673060	21.689554
0.912640	6.476218
0.828582	4.382920
1.261887	6.613185
1.208621	43.564202
1.204867	47.584210
1.092570	86.202161
1.573945	4.536164
1.406020	34.221566
1.217242	41.629371
1.564376	12.417905
0.863902	14.387228
1.826906	23.416135
1.060150	24.754251
0.971586	8.252647
1.298432	34.143860
0.878511	4.883337
0.875723	12.813422
0.493568	21.628327
1.461454	36.174936
1.859832	58.081213
1.511214	39.108399
1.336271	22.543618
1.550978	6.718988
1.945582	40.088616
0.985713	21.248268
1.131261	19.169421
0.904699	1.985319
0.266890	12.473661
1.002957	7.871064
0.476349	12.244811
1.774665	25.989265
1.556719	59.979881
0.933763	17.173469
0.972146	5.449573
1.339042	4.891664
1.681616	6.878636
1.561378	71.063508
0.329248	37.366621
1.662171	12.812245
1.810439	43.007372
0.524901	65.420665
1.638984	18.821445
0.847021	13.225161
0.706559	16.511595
1.300814	44.932363
1.313887	37.252486
1.191861	36.206225
1.842584	30.666874
0.829693	28.210644
1.387969	72.112872
1.099583	17.357946
1.798627	5.480567
0.623943	13.882778
0.506967	31.344710
1.988197	21.311809
1.350331	7.353162
1.858585	45.117291
1.097064	14.820470
1.390572	361.274552
1.524428	30.294163
1.977390	67.108252
0.579665	11.174084
0.606583	37.641236
1.270054	35.718898
0.429277	2.216358
1.574581	14.881623
1.984935	58.303110
1.702147	27.742556
0.870814	24.530579
1.683955	50.020460
1.425627	76.958843
0.594741	11.047663
1.333577	44.600072
1.834671	25.891199
0.910780	40.908221
1.472142	12.939927
0.380774	5.297996
1.737204	36.088343
0.766682	32.554154
1.397006	24.097659
1.271528	28.350104
1.307137	30.324910
0.850436	37.289592
1.323457	22.207845
1.388278	1.481759
1.123320	23.242768
1.433626	11.726689
0.740324	113.599363
1.254247	57.453495
1.558512	36.052064
1.035109	41.176209
1.101536	5.865336
0.688086	16.017184
1.408634	48.454750
0.603816	30.897458
1.236661	7.837540
0.774782	5.477282
0.745060	16.881720
0.539679	27.618823
1.018588	4.724353
1.788692	5.265571
1.391490	1.497217
1.652746	9.928056
0.583837	49.866744
0.948744	25.940213
1.067003	7.740250
1.777168	37.964479
1.480036	36.602719
1.221225	29.894756
0.928007	19.565371
1.623641	55.128603
1.821392	39.710931
1.290308	3.137711
0.387557	19.221071
0.880917	65.903849
1.602234	80.911146
1.065444	16.290343
1.422713	20.764773
1.272017	19.470329
1.851911	70.024318
0.938568	38.274678
1.154509	35.527149
0.456699	12.407432
1.692223	20.867922
0.968766	17.469271
1.566232	110.693422
0.142558	2.427693
1.788727	43.037203
1.954470	19.022663
1.190486	24.116556
1.209442	205.230139
1.408510	34.678013
1.959563	38.557606
1.322666	35.454826
0.482590	10.934726
1.332456	24.438735
1.113577	25.375049
1.625020	95.678591
0.932641	89.086562
1.878425	18.113206
1.684743	67.538334
0.969953	7.780065
1.010122	38.857091
1.262030	53.227608
0.548832	22.138769
1.518480	28.734215
1.397780	23.947331
0.957396	8.589253
1.440760	46.713977
0.545568	16.588684
1.922435	2.623751
0.463105	28.067535
0.973569	26.808871
1.952167	65.819080
1.081969	79.394186
1.817123	12.192959
0.661538	16.435053
0.462424	43.785008
0.569142	24.787714
1.954620	39.702862
0.522083	20.588520
1.461153	224.930583
1.146263	31.554243
1.778394	43.743849
0.917960	14.287566
0.329669	10.305417
1.606457	26.642680
1.367492	16.318049
1.137038	59.062384
0.964289	27.963023
1.838857	38.207469
0.600025	41.702503
0.641933	47.402426
0.255019	22.582913
0.479002	17.938578
1.772929	74.228392
1.674919	28.507868
0.555610	53.584486
1.653821	61.139894
1.445232	48.119639
1.065264	69.887235
0.510333	8.483054
1.387684	10.648956
1.745640	53.749489
1.116105	19.175461
1.121696	99.010328
1.725589	82.932331
0.775092	13.618728
0.704171	9.716309
1.526661	23.541401
1.468201	44.205088
1.858877	22.560852
0.982165	139.105467
0.759522	119.673658
1.128439	13.354736
1.059568	19.830396
1.900116	11.913250
1.867549	25.975330
1.127407	32.919830
1.103594	65.007043
1.152901	50.464111
1.579728	244.249189
1.310006	93.391802
0.907502	9.443787
1.636963	13.181276
1.845777	15.148149
1.559950	39.154925
0.746029	84.562391
1.672053	19.053442
1.982001	110.961868
1.511052	7.288661
0.833602	29.255854
0.177232	12.576831
1.062060	89.816269
1.190920	18.309705
1.854971	40.231859
1.413437	1.816861
0.897122	53.677626
1.520894	68.348875
0.530672	14.422923
0.780188	22.537483
1.600245	41.249023
0.922717	77.824110
0.339436	12.318657
1.230627	21.631283
1.470565	23.570451
1.667851	30.393347
0.937001	47.379204
1.121981	37.941180
1.319667	19.829112
0.484841	9.909767
0.751542	31.314101
1.037064	13.916975
0.873107	8.471282
1.184281	68.375713
1.459657	3.367526
1.294582	5.121379
1.645289	3.248763
1.423358	61.271636
0.914037	35.898124
0.595965	20.681680
1.443209	26.805837
0.777536	14.428682
0.957331	47.372373
1.677291	42.421943
0.791749	38.557384
1.291830	28.761695
0.537208	48.280147
1.109758	30.418259
1.967924	60.870458
1.926175	49.253615
1.913695	22.118415
1.377003	19.723253
0.918582	27.527313
1.014761	39.709003
0.766876	42.615634
0.544000	19.966765
0.697168	28.390702
1.186433	7.358673
0.321101	2.787410
1.901873	65.342419
1.327188	22.906625
0.706197	461.336755
1.109455	64.244022
1.047971	3.493629
1.738956	20.886697
0.597134	35.663101
1.130018	37.312919
1.550260	15.419949
1.043171	44.888827
1.018893	34.355376
0.991948	6.680860
1.626766	32.877138
0.594483	38.026078
1.772031	15.990893
0.474293	20.318221
0.957874	15.302394
1.067668	26.982372
1.074654	6.837914
0.733053	36.486883
1.388883	4.700260
1.165841	31.228666
1.336027	19.890479
1.406353	45.246289
0.739882	45.341700
1.871804	5.223955
1.730847	7.488229
1.728241	220.120229
1.282633	15.564338
1.715385	37.352448
1.425045	28.077253
1.161293	22.473389
1.612298	11.392340
1.384106	43.227465
0.123257	14.507749
1.995110	34.942356
1.129988	7.484548
1.342198	33.040524
1.093577	14.801398
0.550539	34.045185
1.736887	43.118765
1.507163	42.574017
1.728413	36.264853
1.211451	123.566730
1.671952	61.704391
1.681138	46.794517
0.985401	24.276869
0.158490	7.331445
1.776824	66.210443
0.727345	29.955537
1.790722	27.520901
1.411384	30.040145
1.435843	32.671539
0.839318	15.973174
1.088486	19.179849
0.946777	22.734268
0.738045	28.386313
1.570103	33.082374
0.539713	48.069528
1.253310	50.172459
1.289112	47.309436
1.927786	48.521361
1.791781	15.174678
1.223035	14.622879
1.752612	5.787183
1.670228	23.216582
0.325083	34.602661
1.874731	58.352245
1.515167	19.600538
1.491314	8.838395
1.553522	39.815039
0.800323	43.350804
0.330829	44.885097
0.812743	14.618227
1.676337	56.504927
1.380202	70.838987
1.024648	1.951666
0.829527	25.144375
1.684369	29.755036
1.172312	48.930297
1.401641	54.266074
0.239647	27.723334
1.130111	85.724588
0.258907	11.563278
1.665422	4.675996
0.842795	35.142759
0.693799	10.814727
1.881489	86.038227
0.274529	14.082112
0.751868	35.312641
0.827742	25.815109
1.719616	13.225632
1.548418	4.004107
1.947126	21.002970
1.525578	45.787298
0.820532	12.602625
0.693241	18.000002
1.616756	19.104746
1.841166	12.679009
1.858160	17.065521
1.640559	21.946955
1.676013	10.479740
1.477008	62.084369
1.587164	17.102011
0.587182	10.460058
0.974155	19.198493
1.172657	105.031985
1.479924	8.891357
1.111497	83.916157
1.045975	10.614875
1.330120	13.831342
1.075944	10.724506
0.478939	58.034720
1.950365	11.343187
1.881121	25.186465
0.371198	17.195683
1.278962	129.985707
1.552459	35.866398
1.398845	21.382528
1.012311	36.213673
1.689639	49.128767
1.406104	20.716786
0.825056	21.896657
1.400881	28.643047
0.885610	9.678777
1.378025	38.913645
1.630267	28.356908
0.931353	5.511285
0.898610	30.534319
1.573410	49.065250
1.247946	27.473631
0.636599	22.674773
1.303518	15.943755
1.478261	9.697999
1.222477	94.374214
1.420101	53.425796
1.030221	12.845005
1.804932	48.433021
0.826844	27.671591
0.896668	44.508423
1.644455	58.704838
0.435745	13.113395
1.979448	5.947891
1.427321	53.501666
1.696027	60.648857
1.360341	17.850551
1.663747	26.672715
1.136579	44.230527
1.349646	102.266609
1.476344	85.524236
1.842782	33.169552
0.354570	47.424587
0.570855	82.845874
1.519271	356.419690
0.998136	19.240789
1.499949	157.538952
0.805556	4.006753
1.426196	20.501400
1.202717	37.751719
0.602494	22.561831
1.886310	51.328389
1.672701	34.190470
1.655739	66.029402
1.528677	43.055956
0.293029	4.887017
1.242355	140.304092
1.610028	32.808311
0.786119	32.372816
1.406871	61.668430
1.886399	27.462972
1.613011	33.764540
1.306407	21.100939
0.943285	1.003396
1.438516	10.649425
1.554908	30.909858
1.440349	33.260908
1.616776	54.199621
0.893200	3.206971
1.247112	6.262647
1.307942	18.442241
0.524888	1.509449
0.711999	27.693955
0.937956	5.096175
0.402772	27.325199
0.815812	45.397495
1.268495	35.098802
1.297644	20.378189
0.843095	37.014477
1.913525	68.624348
1.186291	26.164253
1.439614	80.729924
0.336067	30.142591
1.083238	82.196840
1.298184	31.178520
0.947038	16.181919
0.702053	37.744974
0.757962	18.907281
1.185365	70.482470
0.474663	12.688514
0.817304	27.016728
1.562628	71.773002
0.782532	52.940107
0.589177	29.415253
0.509178	43.229663
1.981638	14.057902
0.517199	1.607568
1.135517	40.215835
1.251976	23.450118
1.942561	40.323352
1.825748	42.692309
0.822890	83.976198
0.511623	49.787131
1.142221	45.620529
0.552009	36.431417
1.794454	33.081974
1.538948	8.546461
1.909205	31.724936
1.338817	55.533263
1.029552	25.454254
1.236421	21.150944
0.681329	6.793973
1.180125	3.572147
1.997891	6.672751
1.519061	19.971864
0.449494	7.102716
1.571852	15.846319
0.551400	58.644249
1.070128	13.544666
1.663626	62.805546
0.613787	7.622684
0.915396	38.885810
0.747155	10.655757
1.792878	44.723043
0.655465	35.327921
1.288780	32.579410
0.886680	30.881076
1.246287	32.001515
0.694271	69.028648
1.620045	22.957884
1.448302	39.405570
0.387556	4.211842
1.915249	44.090566
1.828692	119.107616
0.923609	32.466120
0.913985	15.818892
1.234226	49.090604
1.412603	46.078193
0.912603	45.161848
1.677521	38.700594
0.495239	16.321175
1.081174	13.186014
1.318549	21.151521
1.684140	42.739379
1.795564	38.173389
0.834497	5.000775
0.828742	8.247077
1.035526	221.756560
1.126506	39.491226
1.759150	5.278821
0.198557	14.360105
1.510760	40.817544
0.792006	2.858206
1.812111	18.906309
0.955220	27.521640
1.291414	8.840217
0.973882	18.657407
1.123053	56.621410
1.268605	10.009100
1.604850	24.641036
0.597715	14.749079
1.010493	28.214174
1.443129	43.843624
1.367554	43.361229
1.655367	28.365322
1.822570	34.832572
0.535354	18.938421
1.554063	9.646334
0.901058	13.966442
1.207619	39.244686
1.425474	132.727325
0.660952	2.190820
1.001641	16.046532
1.961133	150.692021
0.631333	22.244598
0.508060	16.348074
1.741193	36.153696
1.131177	44.328657
1.495556	3.171330
0.936520	13.082259
0.752992	28.129857
0.778475	51.008450
0.747758	40.431065
0.838896	19.717715
0.794065	41.341701
1.705619	231.009372
1.285073	36.449119
0.921532	9.562659
0.999228	7.521734
1.931658	16.931090
0.725907	11.154007
1.818930	42.954334
1.588638	6.029722
1.404180	31.495760
1.419999	13.403965
1.119496	23.524537
1.143618	8.060821
1.678634	48.567272
1.701269	30.677427
1.341351	30.155979
1.636755	13.879222
1.700028	12.362237
0.978768	23.290007
1.418908	33.896079
1.138993	29.140981
0.545239	19.664349
1.456278	168.038293
1.365599	12.705027
0.556029	14.599220
0.474090	58.496140
0.843449	38.485940
1.735970	55.403512
0.453436	6.762728
1.176072	31.420739
0.716753	42.779296
0.850124	35.784853
1.638777	8.121391
1.762563	13.814226
1.354912	15.594961
1.782201	52.103113
1.772294	22.150664
0.794594	38.367087
1.451141	19.582188
1.651557	49.001135
1.326343	24.284822
1.693473	21.156557
1.427048	23.027016
0.901800	31.795782
1.511712	30.218287
1.366365	3.892595
1.421275	8.355602
0.538429	39.667264
0.608670	51.775821
1.707086	32.793697
1.132141	14.574868
0.783492	6.908462
0.531886	18.556722
0.865935	15.386789
0.919403	34.398858
1.972280	14.100492
1.737652	84.941168
0.495137	28.709428
1.606230	27.909678
1.330615	182.755882
0.806851	23.530558
1.603398	8.508802
0.335265	27.560818
1.580685	33.006086
1.832330	11.895987
1.812441	11.083150
1.642450	20.530325
1.894753	8.579212
1.544279	31.775214
1.513405	25.773247
0.317187	13.667174
0.707481	3.716794
1.656278	44.615153
1.995925	50.743984
1.563220	16.006241
1.354231	22.196949
0.725058	207.500047
1.915805	30.788781
1.458166	32.013162
1.219071	29.543360
1.779312	3.510312
1.924409	15.082663
1.040062	39.976547
1.259002	33.930753
0.585041	21.422668
1.934964	22.949929
0.597536	30.269945
1.885675	92.134528
0.739324	2.348065
1.853582	5.224400
1.163933	24.380679
1.372404	14.619689
0.357980	21.766979
1.075880	15.220013
1.225584	52.031666
0.215293	4.312308
1.474751	3.333648
1.744434	140.290835
0.310414	4.031992
1.224301	11.256818
0.350320	7.215368
1.797870	1.252949
0.681405	35.259615
0.437814	46.813594
1.773575	35.279945
1.152168	14.788501
0.538647	1.600716
1.455463	64.545942
1.541686	5.738826
1.337158	22.978643
0.978796	8.558981
1.121845	43.928226
1.926910	18.706790
1.286662	20.992545
1.079982	20.283517
1.545577	5.607045
0.488911	44.096211
0.911280	39.180340
0.803334	34.223889
1.503496	11.849421
1.390003	25.560768
1.622863	2.618547
1.125317	35.385207
0.707011	15.035173
0.723941	51.004258
1.827563	19.696758
0.485454	5.282869
1.375455	18.884030
0.812446	39.218185
0.781705	33.279925
0.545966	35.182755
1.966311	21.787535
0.445355	18.679571
0.655128	19.243376
1.030709	5.282096
1.169193	38.432102
1.920429	3.262609
0.829991	54.870171
1.564793	20.016267
1.468087	34.324957
1.261550	13.415880
0.871236	18.059896
0.673092	51.841240
0.711954	27.334596
1.000705	18.119238
0.633074	24.639263
1.997683	137.182195
1.154144	17.374204
1.293547	26.938767
1.408646	19.483166
0.748118	8.991905
1.208168	43.592400
0.451093	1.788540
1.949962	40.761207
1.194786	30.043298
0.332999	59.303449
1.382815	27.102085
0.550087	10.129307
1.669316	46.197366
1.924527	79.687201
1.865892	12.757189
1.126852	10.202850
1.552173	2.789168
0.671425	1.800599
0.487652	14.156274
1.716919	11.076116
1.526044	57.110920
1.850875	8.297428
1.862771	95.713021
1.002727	11.672797
0.957304	48.216846
1.148230	30.606455
1.481952	21.681839
0.170539	15.015232
1.287034	4.172613
0.284292	21.620443
1.161473	29.616133
0.505296	21.407410
1.328070	124.474440
0.950287	27.571532
1.203914	67.032168
1.931491	10.845306
0.992786	8.794801
1.562244	33.835279
1.508268	31.629820
1.791056	75.945295
0.982416	56.492637
0.430155	21.018568
1.952324	28.968245
1.026330	20.537916
0.744342	32.356897
1.862001	25.245708
0.738533	14.315506
1.278320	2.890247
1.616901	33.882060
1.579908	17.850899
0.332128	20.441368
0.760318	34.789022
1.821658	19.904798
1.314644	54.164303
1.514143	48.336586
1.088001	34.010673
1.601321	43.879503
0.909423	23.187787
0.813070	20.164928
1.995288	32.270754
0.675118	5.230046
1.969679	21.741884
1.881673	79.684271
1.555316	87.028243
1.357414	40.153118
0.164678	2.791486
1.436652	36.707327
1.642557	55.962563
1.582713	15.478277
0.703391	3.631373
1.301791	46.940818
1.310211	9.438673
1.462860	34.247910
1.732158	54.763868
1.530634	33.893786
0.641831	18.083051
0.280387	17.689001
0.631941	7.889099
0.376008	8.465514
1.140475	11.466523
0.900641	52.688484
0.196013	10.317850
0.500006	11.429256
1.080724	38.888307
1.902776	21.407937
1.991517	114.267617
0.410782	12.542639
1.731595	50.722288
1.205927	69.131892
1.415462	25.644678
1.244364	38.673328
1.878492	6.978757
1.203271	21.107482
0.695458	52.334012
1.653878	27.056180
1.256005	30.531239
0.589479	12.453182
1.177913	43.325113
1.514403	44.261432
0.920449	42.528218
1.858635	13.322198
1.761561	25.517644
1.336505	12.893486
0.424720	21.277454
1.359332	71.973154
1.108334	12.970095
1.569445	32.944474
0.872863	32.553628
1.392753	59.360312
1.316511	9.942531
1.275484	49.904784
0.586871	24.342204
1.220338	17.414353
1.310841	61.791369
1.883497	5.159657
1.176818	16.741277
1.443468	18.681281
1.338511	53.699479
0.747124	12.346959
0.726924	11.267032
1.592553	10.900140
1.269846	5.242053
1.833501	36.540547
1.852603	26.617919
0.922466	3.911978
0.553475	11.076520
0.997692	34.505291
0.463299	9.000080
1.656013	44.393911
0.651911	7.550755
1.787053	74.550615
1.107911	2.305925
0.892135	41.501929
1.237722	43.974568
1.392317	28.812930
1.535601	6.496232
0.988384	32.201160
1.972290	10.779398
1.118504	18.686627
1.737595	84.155119
0.354955	25.479911
1.651001	55.578348
1.311905	102.230673
1.443112	11.918414
1.042690	52.685235
1.302247	14.762867
1.890755	38.673000
1.063032	23.435909
0.563518	7.422275
1.564093	28.542370
1.243163	15.329076
1.122537	23.740089
1.650781	15.918825
1.328010	25.866374
1.430840	28.686621
1.880984	890.536428
0.437772	32.075861
0.865057	18.013142
1.836944	62.876400
1.673511	28.910568
0.734781	46.385354
0.697685	3.308156
1.723207	13.711502
1.314173	22.157472
1.777682	49.643478
1.867672	21.789630
0.470491	100.568219
1.950948	55.500373
1.558019	19.104115
1.737591	4.339163
1.429283	40.041732
0.935593	34.757099
1.383345	5.079952
1.259129	23.462495
1.890523	5.366450
1.317392	19.419713
0.325075	25.468814
1.512458	25.302199
0.412186	8.895898
1.909547	59.210047
1.215412	6.120971
1.948092	34.260594
0.315629	25.780836
1.284413	3.858889
0.802865	8.685715
1.444773	5.265482
1.232781	11.028350
1.333875	23.329892
1.022092	17.139729
0.415515	10.333119
0.564294	49.588136
1.774916	7.653528
1.537444	22.002922
1.637978	4.255971
0.601945	23.534628
0.407826	20.965949
0.270226	9.235628
1.267985	5.421856
1.236794	21.406137
0.574871	31.778688
1.001692	22.436710
1.280492	56.297859
1.497085	31.202195
1.699943	25.272526
1.445737	161.286197
0.334512	56.496537
1.363530	55.174522
0.519906	16.116922
1.332071	54.595630
1.047507	76.591606
0.904895	3.539419
1.208112	2.865475
1.055999	34.588406
1.731118	19.255981
0.803369	42.884025
0.632202	11.359320
1.741473	340.351503
0.832781	7.026757
0.344093	53.317469
1.064491	173.744437
1.713834	95.815951
1.133049	24.905724
1.190673	5.612535
0.400849	7.169247
1.549869	6.479074
0.997104	19.001058
1.576296	19.920605
1.101268	32.825129
1.275547	36.892085
1.368572	18.232791
0.750157	29.116490
0.917473	15.659496
1.362755	17.813464
1.719826	92.531331
1.937519	48.220025
1.271493	124.708281
0.482748	26.572119
1.928792	6.954332
1.116195	64.091843
0.555748	5.194558
1.954861	6.084110
0.895294	15.046203
1.468758	27.925599
0.647664	14.098780
1.562665	18.947992
1.961508	19.961652
1.975675	21.572677
0.609702	18.911264
1.636929	262.831368
1.479875	9.038294
1.686877	34.643889
0.980509	40.554600
1.087167	30.688815
0.994116	63.136585
1.633603	14.103739
1.698572	3.439840
0.842880	41.978230
1.343773	54.232781
0.609175	5.555321
0.243823	6.061797
1.399159	84.182166
1.746455	29.371882
1.850074	11.112247
1.414450	28.525577
1.697938	43.890915
1.090981	16.561855
1.801061	47.318935
1.646064	206.028909
0.941033	19.027752
1.380056	10.095048
0.414570	16.933900
0.652743	58.003625
1.913789	24.455276
0.218020	11.652625
0.761771	26.053865
0.636616	21.722419
1.531440	50.166742
0.563350	33.046046
0.286479	4.118381
1.888000	11.747473
1.797035	18.661381
1.020230	36.468461
0.551072	3.361226
1.500653	14.946624
1.813229	16.316658
1.958820	42.984310
0.618177	39.812701
1.384503	24.322502
1.131050	25.095738
0.673319	13.247709
1.696718	3.645714
1.657439	13.916484
1.942678	128.307904
0.513778	6.132176
0.824961	23.643986
1.726964	8.298146
1.077476	24.261311
1.199448	39.797656
1.401315	9.018984
1.097426	4.913954
0.357087	4.661566
1.390111	6.026674
0.807547	13.080439
1.949484	7.089453
1.518791	36.894110
1.747153	6.554626
1.926205	5.786798
0.452394	28.706028
0.657050	26.946907
1.696914	2.439289
1.815854	52.878390
0.169161	15.549937
1.911504	69.118430
1.167055	21.615699
1.179468	28.361185
1.806384	38.999287
0.910140	24.291626
1.359669	6.621240
0.982064	31.344995
0.581527	3.094484
1.020433	22.972313
0.705258	29.403318
1.266741	22.107656
1.279866	7.484992
1.141283	3.890638
0.706761	21.099351
0.593207	7.081992
0.560816	28.556366
0.578353	13.717707
0.918883	48.753903
0.119947	7.982433
0.449193	22.627324
1.191212	50.204792
0.723682	37.297259
0.866734	40.892201
1.012210	2.173261
0.373636	36.529796
0.791940	115.660278
1.649060	21.497277
0.992672	7.441815
0.730214	6.254302
0.751727	79.902908
1.975149	18.540917
0.656566	3.472035
1.848283	108.661739
0.500715	11.429664
1.799644	17.887733
1.245778	27.178648
1.397125	29.174990
0.837114	5.318722
1.837553	45.813416
1.365096	15.811038
1.496914	40.962786
1.319964	67.741093
0.607576	23.381888
1.740307	77.798904
0.725370	11.762061
0.914096	81.533149
1.487680	23.215899
0.533510	13.207363
1.892640	28.363929
0.605152	29.378812
1.484152	53.861282
1.436408	46.487267
1.530333	1.925410
1.135287	19.230733
1.057245	32.837901
1.963683	38.784969
1.710935	26.646685
1.213693	4.049532
0.722882	6.142415
1.824891	24.274066
1.456701	54.349002
0.630226	19.394006
0.724463	47.572920
1.296268	49.860751
1.240954	67.686963
1.098690	93.552302
1.125471	33.862212
0.703657	17.625574
0.853372	57.286509
1.224560	27.283566
0.453519	37.109718
1.011207	3.068889
0.774697	59.910853
0.708365	63.868992
0.652755	57.097230
0.639505	3.957376
0.680659	24.784171
1.044634	44.820436
0.553303	3.282396
1.835087	57.649978
1.232342	20.731704
1.242583	1.956906
0.775990	24.298170
1.788293	87.151407
1.727820	25.426517
0.352430	67.130243
1.582002	25.030636
0.726660	66.213571
1.318264	20.101915
1.793537	85.189529
1.893673	93.849829
0.727005	9.947264
1.902480	25.164844
0.470604	27.100368
1.854453	23.429100
1.642428	42.491950
1.861563	23.150670
1.032232	60.627455
1.904400	19.019205
1.713022	16.446084
0.972748	36.959213
0.989573	27.807089
1.018303	47.634843
1.367534	37.270697
0.722186	3.906865
1.135519	19.247289
0.465097	39.469343
1.020022	18.795283
1.483521	22.460193
1.368548	3.459302
0.953918	41.682591
0.856317	34.469538
0.970796	104.939431
0.470503	52.305056
0.856949	60.783815
1.545365	74.285931
0.716206	32.792907
0.635404	11.787338
1.755515	49.870874
0.820938	15.391364
0.845956	40.623525
1.180088	13.826362
1.193415	27.991380
0.730294	9.589899
1.319040	39.305896
1.526903	23.639201
1.212269	9.848829
1.832560	37.197272
1.986296	52.246463
1.278104	34.150562
1.955658	36.460748
1.453333	39.750851
1.278395	65.453308
1.792767	69.480845
1.945653	70.887385
1.998383	26.182625
1.622469	1.883920
1.213478	27.596907
0.920773	38.942694
1.321776	17.791288
1.650341	12.398855
0.320144	4.399167
0.873900	34.324189
1.014216	54.479328
1.654022	31.730629
1.404328	39.615149
1.123699	25.264191
1.870180	34.335440
1.292292	5.230318
1.569209	23.627710
1.466721	18.147115
1.774835	7.640039
1.703594	33.269465
1.982131	39.322983
1.052464	23.403039
0.689397	60.099817
1.623441	21.068313
1.800087	44.017140
0.424719	85.975958
0.979982	23.255857
1.695643	36.463328
1.508480	23.965142
1.616599	7.081072
1.299807	5.758162
1.056556	67.852135
1.702079	24.314981
1.316664	35.536588
1.257856	7.347272
1.585681	25.463804
0.739010	40.011756
1.363401	26.242886
0.934384	26.979732
0.293562	30.471819
1.606862	13.246760
1.197575	58.312601
1.844860	124.394165
1.235702	32.318619
0.221579	6.720287
1.097873	17.175460
0.701476	47.280908
1.873052	50.666164
1.154118	81.230725
1.251412	36.267607
1.031221	7.334934
1.268595	42.296887
0.506644	40.870290
1.173612	61.075871
1.478611	75.168337
1.041722	35.312605
1.073238	21.775238
1.742153	64.488308
1.290031	72.416099
1.365843	22.932558
0.922044	23.059275
1.210004	11.821276
0.423396	15.304665
1.130665	35.009428
1.688752	50.465203
0.682674	34.473365
1.630509	10.482745
1.044762	2.882189
0.321246	3.786784
1.924290	24.465970
0.721160	10.108141
0.982981	13.893509
1.206632	51.299598
1.918256	49.063786
1.356218	40.444452
1.848161	21.317816
1.331410	8.113167
0.765700	4.168147
1.331271	30.084173
0.550881	36.868945
0.589456	49.914892
0.586315	21.020042
0.237357	14.809280
0.662324	2.248890
1.011672	17.049192
0.477752	25.139492
0.184150	8.300293
0.578598	33.031261
1.896868	27.076115
1.273678	34.893021
1.137827	63.640125
1.216257	16.259587
1.317063	14.347131
0.568348	37.454079
1.361548	51.208494
1.737217	16.031595
1.325735	20.077090
1.813122	9.979720
0.635403	18.348677
1.724362	53.803813
1.477374	19.716802
1.389646	58.046863
1.367514	12.282687
0.593684	3.828963
1.446561	8.078028
1.082621	36.032734
0.452186	73.083187
0.765446	55.349661
1.149253	48.714917
1.988552	84.040747
1.131224	12.025982
0.659261	35.247422
1.842437	13.972875
0.356446	10.339298
0.610829	41.812856
1.196134	23.616538
0.532142	8.235145
1.341987	31.920796
0.675348	9.525177
1.459842	54.270245
0.590816	2.632804
1.700105	55.732868
1.584152	53.718049
1.879915	24.832674
0.467275	17.941827
1.317788	15.375892
1.546570	36.002597
1.843941	27.544089
1.208618	140.473882
1.921256	31.829385
0.601526	31.680231
1.135109	30.433785
0.849476	8.891659
0.670591	13.901778
0.905625	14.495796
1.480513	13.770859
1.210338	9.047882
0.721522	43.777933
0.341907	26.643071
1.876893	16.723432
0.950065	3.956040
0.612693	4.640762
0.651841	106.474174
0.849908	29.511898
0.810942	11.177634
0.893701	62.913551
0.801640	36.831903
1.131195	14.507914
1.632217	62.666764
0.321789	3.449626
0.738258	30.623644
1.551275	42.077950
0.657433	119.666188
1.595469	60.790633
1.257548	107.126576
1.810879	17.887170
0.221342	2.207427
1.660739	20.999667
1.342915	53.626433
1.188862	3.107074
0.650962	35.796835
0.816612	20.380072
1.663290	11.496761
0.657695	24.934425
1.276223	125.736390
0.769746	1.800637
1.219421	6.419656
0.852141	121.489227
1.008744	23.355742
1.688367	56.648553
0.363898	26.860419
1.878160	19.155594
0.958479	33.691623
1.378310	10.888349
0.795011	31.075009
1.020678	9.159130
1.175015	30.759637
1.516427	45.590032
1.797551	80.933407
1.786695	15.541293
0.986529	24.076458
0.521918	14.109398
1.879304	31.136071
0.337516	46.000360
1.810017	60.830165
0.315428	7.616053
1.962004	14.546902
0.229117	7.661215
0.268568	11.873118
1.248455	12.432828
1.483576	3.491845
1.011362	147.509018
1.392951	59.862953
1.755205	51.511354
1.677874	12.534240
1.814737	20.061723
0.678126	8.317210
0.800102	34.949377
1.365940	30.080267
1.568844	397.839925
0.567256	31.524124
0.710254	24.864372
1.875990	10.561879
0.315503	0.796024
1.087238	11.209289
0.775565	55.856525
1.645463	18.101569
1.782733	76.451438
0.838928	46.215399
1.369162	94.091940
1.751106	22.013957
1.381970	12.975107
1.385235	16.461176
1.104156	37.391330
1.463070	21.450009
1.935735	57.554516
0.926619	41.530476
0.756959	4.620227
1.932205	16.323112
0.442891	41.348502
1.746002	24.892432
1.855194	5.359134
0.790887	31.065725
1.123703	73.770673
0.602736	21.966954
1.033508	25.425374
1.171489	60.164111
1.249734	29.833180
0.601482	46.704294
1.090034	40.781143
1.421564	31.107167
1.235667	87.313983
1.748337	20.431849
1.920864	7.362989
1.710467	7.904846
0.401485	37.019989
0.782411	62.821080
0.519104	8.214422
1.136022	32.653556
1.569041	26.198047
0.344596	78.225151
0.872893	10.556298
0.534923	17.173695
1.099951	95.261705
1.879802	8.819557
1.104110	35.724538
1.435831	18.435199
1.064555	20.799083
1.580573	6.431685
1.598034	37.934723
0.635021	16.759352
1.463341	67.687225
1.063520	17.744177
1.776761	36.282311
0.675447	6.030444
1.835703	25.112673
1.252647	21.283821
0.853463	48.615562
0.982813	32.778915
0.170807	55.072784
1.919003	44.197851
0.800698	11.464407
1.855101	30.949917
1.766223	8.693839
1.005552	30.267649
0.775666	4.137890
1.125069	78.119851
1.892898	50.519754
1.769570	20.972582
1.218443	8.264163
1.303299	25.539745
1.097719	14.805705
1.910755	170.146917
1.981947	45.185180
0.909518	14.998056
1.918701	30.149682
1.919824	73.804853
1.195713	36.254715
1.107263	29.675884
1.791645	30.852185
1.908041	14.372983
1.088136	79.036274
1.223802	19.223888
0.982132	54.550592
0.772121	21.492603
1.993823	24.840737
0.735213	34.029909
1.706357	70.042532
1.115914	18.980161
0.508925	18.770158
0.967344	16.421282
0.507536	2.045983
1.970635	109.193428
0.869793	22.703102
1.602580	5.305339
1.123565	43.104547
1.502482	10.272766
0.852706	24.777883
0.535516	21.132938
1.697718	7.216698
1.558383	25.709074
0.572002	24.895732
1.579806	28.426485
1.380685	12.857205
0.702279	41.624069
1.723930	40.429379
1.531637	60.541289
1.245633	45.703895
0.715989	77.855198
1.295294	46.732921
0.685147	29.853250
0.726063	27.907444
0.829223	32.602767
1.465289	47.959562
1.502826	42.843934
0.479553	10.878656
1.459900	99.449271
0.353857	32.789451
1.847603	30.732961
1.652069	1.832177
1.569930	18.069822
0.825538	76.487127
1.979737	20.691096
1.878190	14.124762
1.220396	16.456455
0.354228	16.358367
1.252451	16.094368
0.667757	31.719528
1.373343	3.027104
1.978157	52.919824
1.619056	27.990656
0.963080	8.743429
1.075530	30.750879
1.910466	80.404385
0.573757	18.937058
1.824278	78.965640
0.484461	11.390497
1.106882	35.747938
1.601696	19.703125
1.076924	9.649541
1.341295	45.852792
1.221676	15.165974
1.391090	62.771432
0.701214	15.065332
1.351649	111.634979
1.979260	44.769187
0.744621	28.445461
0.463039	31.384194
1.071890	26.918835
1.044990	9.390929
0.608673	9.648953
1.341823	36.946627
1.141715	14.527934
1.741329	57.266819
1.119522	22.692088
1.976659	14.639758
1.653872	41.193748
1.216696	32.956307
1.313178	30.871339
1.787663	44.859214
1.645207	11.450902
1.470096	30.038932
0.872492	13.053360
1.100316	46.608472
1.665051	8.855913
1.425015	65.941792
1.929572	44.702370
1.797230	91.312281
1.125805	32.540620
0.917152	42.553391
0.605023	33.986011
1.096163	59.487608
0.803703	20.351697
0.266797	5.780991
0.635369	26.125699
1.164996	21.841903
1.827817	85.846503
0.961003	35.131257
1.147050	26.927115
1.060004	23.443537
1.036630	34.492303
1.567293	42.965655
1.244457	50.267647
1.097408	11.427930
1.908463	11.830691
0.888295	7.374160
1.735097	9.499360
1.257841	61.349184
1.147909	3.152832
0.451318	4.737727
1.774810	2.389659
0.878934	1.909594
1.502378	10.641732
1.799719	17.569932
1.289304	34.140232
1.444663	15.732609
0.991544	7.264703
1.573164	65.741445
1.468408	28.660424
1.152588	21.789141
1.435634	40.926193
0.865524	6.233328
1.470223	40.001622
1.492493	40.725061
1.152742	10.173040
0.843004	169.876224
1.689319	17.800492
1.614820	11.650411
0.433350	38.934046
1.226891	19.546839
0.530477	7.267375
0.958768	13.644062
1.118431	12.039904
0.712653	9.659740
1.188897	66.643379
1.542619	20.632408
1.140766	13.711214
0.816745	30.718010
1.107136	34.753506
1.372911	151.795795
1.897401	46.971290
1.234625	23.073336
1.820669	34.517030
1.974862	6.630536
1.323318	5.787472
0.653731	4.556336
1.801023	121.561120
1.780820	15.890273
1.790484	21.284922
1.920028	40.912618
0.888540	19.003511
0.980861	4.226577
1.513958	30.418950
1.330575	38.115711
1.790186	83.111428
0.851743	10.901452
1.471101	32.396560
1.903811	32.964433
0.784554	21.650821
0.938371	23.313864
1.095842	4.353759
0.517793	34.538054
0.712621	23.607014
1.056949	193.604940
0.484076	4.298962
1.026778	25.488176
0.834041	17.828422
1.784174	45.503531
1.396810	44.663380
1.837367	61.899176
0.761138	6.924576
0.503660	7.871653
1.013345	13.288190
0.431254	7.671962
1.813853	11.693017
0.733946	2.500604
0.641346	23.225328
1.665962	41.825741
1.551908	106.906554
0.432924	47.160050
1.249729	45.733792
1.158722	25.706288
1.064297	34.279728
0.610771	29.377804
1.665306	26.412869
0.826829	21.793958
1.172863	17.596740
1.810017	25.362955
0.956654	14.848292
0.358427	18.376718
1.822661	117.739291
1.226327	49.449464
1.231067	596.820157
1.312021	4.164343
0.718460	36.736006
1.555633	20.189477
0.811936	2.016467
0.929088	10.849684
1.430555	40.858275
1.608206	17.661276
1.579308	60.023762
0.507580	9.233468
1.615502	345.029983
1.477540	16.521941
1.391761	3.081504
1.946264	33.700773
1.002012	42.878493
1.507957	5.890750
1.344435	8.871481
1.065995	94.551176
1.666660	10.637518
1.089312	138.238096
1.322630	27.265281
1.325708	21.839490
1.252357	4.429409
1.171609	48.228768
0.695080	18.250907
0.828365	4.840463
0.603780	45.265185
1.568575	13.673750
1.599948	11.809764
1.441479	8.212267
1.867607	24.556089
0.869397	18.414399
1.716877	86.092869
0.729602	43.193444
0.465564	2.989248
0.047547	2.208915
1.355424	47.533528
1.652184	18.239803
1.719897	50.911481
1.191527	30.312068
0.438420	37.120467
0.358547	52.485686
1.867145	20.183901
0.532544	72.861604
1.661208	23.210093
0.470559	15.036218
0.724924	39.875758
0.685455	9.259798
0.889655	4.339842
1.093109	77.447138
0.606463	3.451936
1.956407	48.646315
0.123034	12.655691
1.642112	7.419686
1.274974	45.052867
0.513889	33.627190
0.596105	52.573981
1.369335	27.124792
0.951860	137.326494
1.160742	74.129409
1.308711	35.766749
1.344604	15.661770
1.358361	76.472867
0.471933	95.133486
1.594184	5.207562
0.916640	26.730854
0.583519	5.310755
0.555084	21.717168
0.821741	26.413662
1.426822	23.782736
1.193431	65.464926
0.566582	12.478171
0.344584	32.307516
0.309857	27.274889
1.116686	14.893528
1.666506	72.289720
1.345022	18.919910
1.699452	37.988717
0.958490	30.654375
0.639821	38.404291
1.689220	14.770034
1.575126	71.829878
1.368010	15.628542
1.820508	26.207485
1.429798	4.155265
1.273943	4.629597
1.238903	61.203884
1.410011	78.682458
1.260254	14.022636
0.882333	11.630678
1.925356	44.053252
1.932082	24.989956
0.693260	1.474448
1.281057	29.350832
1.668760	209.100528
0.426014	5.232122
0.603912	10.071515
1.302325	24.773138
0.327094	11.003940
1.735316	5.109662
1.797670	15.913338
1.587893	42.000163
1.718934	26.350439
1.490957	36.700625
0.642998	20.897177
0.333845	23.812586
1.758656	18.807837
1.544029	9.132255
1.082133	19.008565
1.679789	22.478513
0.421194	18.792929
0.958005	47.956654
0.994176	25.383660
0.561422	33.443892
1.596024	29.676614
1.650337	47.776696
1.359193	21.480682
1.111765	12.386026
1.394669	12.437459
1.837197	42.273845
1.019142	16.482758
0.982155	17.591812
1.417970	30.690659
1.508782	22.240658
1.172130	32.822840
1.776477	49.863411
1.010589	28.853461
1.445035	21.206072
1.485107	24.228189
0.918788	17.327873
0.279372	9.817012
1.725480	1.462579
1.209163	31.960600
0.538760	9.232469
1.931275	24.246999
0.921409	55.709576
1.197248	27.100670
1.211632	1.580793
1.039465	14.946089
0.662923	8.170802
1.539723	47.217287
0.747568	12.240300
1.506819	58.579987
1.687852	86.452156
0.302245	7.873436
1.581068	36.138305
1.440741	31.632364
0.748098	14.527916
1.414200	21.506461
1.116199	7.207828
0.511340	35.817188
1.270776	9.713921
1.956611	15.393498
1.456791	78.051220
0.976280	46.410662
1.329978	17.850094
1.590143	5.314775
0.672302	30.775086
1.278429	14.973730
1.245701	133.833052
1.048391	8.582310
1.604137	11.162209
1.332220	106.233265
1.531631	17.808141
1.378191	45.933398
1.655533	88.751102
1.434635	14.697809
1.499965	4.680102
0.801620	26.360608
1.755223	166.430505
0.670562	7.053140
0.990966	16.282510
1.823090	14.084928
0.570102	5.898920
1.787551	3.896461
1.198595	66.361297
0.725373	179.204782
1.589226	55.640758
0.900853	13.001651
1.500215	31.729429
1.670713	44.998190
1.338634	20.964980
1.663242	22.071540
1.895256	12.761128
1.310514	10.229505
0.664513	58.721701
1.547694	53.983002
1.099899	0.949186
1.282111	15.239135
1.424049	25.665332
1.559551	70.329171
1.443360	22.948991
0.814534	32.505286
1.605800	10.377505
1.695870	22.939464
0.366065	41.113882
0.940412	3.995368
1.963910	49.040750
0.714259	32.481448
0.723927	13.663298
1.371303	5.393343
0.988352	11.467717
1.469180	41.901090
0.865499	16.548485
1.124146	21.744894
1.997442	53.086870
1.043561	3.991015
0.515408	21.061516
1.597141	59.735993
1.367221	90.707318
1.152276	29.491716
1.853496	10.199789
0.652825	4.843541
1.220110	27.074641
0.740718	19.138011
0.508482	8.903787
1.148914	39.760544
1.914900	54.662715
1.566432	54.277194
0.817391	9.610653
1.179463	55.070942
1.680729	13.272441
0.747434	35.586170
0.762612	9.100177
0.720540	34.719558
1.395249	37.761874
0.329842	5.637066
1.365803	32.094016
1.723566	35.739324
1.658141	24.748208
1.483667	116.740322
0.791000	25.308236
1.709796	94.415640
1.931124	4.498298
0.725742	5.211744
1.856035	89.983495
1.766262	59.621191
1.966309	40.509742
0.958309	49.609687
1.893703	35.487150
0.717669	29.960954
0.709380	19.825181
0.566382	25.656386
1.126835	5.676859
0.236846	27.525444
1.055791	106.709486
1.422726	24.513432
0.494610	36.380477
1.712958	44.516457
0.915359	10.021998
0.398279	18.660184
1.045376	21.121893
0.635836	37.697805
1.677410	36.617332
0.981775	191.146131
0.589358	24.711659
1.165973	7.912639
1.163436	18.753649
0.887169	23.517226
0.970637	1.393737
1.637129	32.318601
1.441770	38.066112
0.782384	27.580737
1.916240	31.903627
0.934885	44.133343
1.285290	46.574024
1.341296	13.806403
0.780610	40.679592
0.912913	9.980565
1.206580	27.360094
0.854822	30.546049
0.936348	35.071216
1.403730	37.912748
1.584038	32.399864
1.686127	53.438208
0.599849	4.642915
1.588930	31.542281
1.897359	22.330736
1.355573	40.472731
1.391144	39.930733
1.927685	91.768334
1.791843	2.867774
1.321313	19.139515
1.632591	76.102549
0.720291	28.319547
1.104537	96.688473
1.556419	37.139655
0.908582	15.220712
1.166331	51.773973
0.704671	49.975944
1.836286	16.202514
1.832928	51.839566
1.203083	5.584683
0.741125	3.296067
1.502162	30.852300
0.780375	16.438224
0.807060	73.288216
1.954610	30.959646
0.548707	19.337701
1.052543	19.605662
1.317161	27.016784
0.568252	27.737734
0.370948	31.585115
1.298526	63.073394
0.583811	11.380844
0.846067	69.477308
1.231381	4.414546
1.003069	1.555316
1.549127	37.326233
1.939145	66.973648
1.613405	37.845808
1.999987	12.030771
1.067462	33.491652
0.935718	3.567086
0.778672	35.271603
1.815989	9.058800
1.069037	45.955018
1.549707	19.588638
1.495534	61.772562
0.433296	20.832897
1.807798	48.345833
1.215326	7.341945
0.798182	21.519461
1.965996	34.637613
1.613351	5.330307
1.409057	17.421884
1.981066	7.611419
1.618545	54.730625
0.598574	5.010355
1.985572	22.757279
1.380626	32.893342
0.926306	9.222959
1.711491	18.622034
0.403333	11.401052
1.465072	5.487160
0.678346	48.450700
0.518939	8.214652
1.013246	59.183091
1.016971	9.471336
1.384973	10.648096
1.332850	2.766726
1.515231	121.848551
0.707327	23.442623
1.794076	6.163011
1.775092	27.590286
0.785269	16.310496
1.195908	34.322462
1.217541	31.034352
1.873305	57.114012
1.848600	28.710477
0.464539	19.172365
1.932031	30.683383
0.467689	8.389669
1.309280	56.004979
0.945974	30.723313
1.069850	16.255164
1.423902	34.914802
1.360151	20.441471
0.694514	36.667353
1.950954	114.205385
0.328692	30.801909
0.996585	16.112750
1.686737	36.718623
1.763077	6.107467
1.680482	20.309342
1.042101	45.572939
1.493477	48.536220
1.630239	33.334510
1.351445	42.932606
1.501873	52.110819
1.315304	15.094341
0.426570	7.866284
0.883306	21.033127
1.537262	59.599259
0.829552	53.421096
1.168693	43.392850
1.287036	26.397543
1.489848	38.344213
0.859597	14.873581
1.377082	47.583179
1.379005	15.963523
1.753915	28.091706
1.312960	8.902365
0.919207	42.092001
1.269309	39.892517
0.567055	35.943042
1.395703	98.377557
1.865213	3.623273
1.279890	41.409068
0.914456	33.278617
1.092951	51.088962
1.842670	108.282898
1.704651	25.217428
1.689487	30.991278
1.330837	24.589879
1.078990	3.777115
0.623129	16.778097
1.960376	16.051783
0.716880	17.141557
0.847684	29.422458
1.630181	18.930161
1.008179	38.724311
1.360229	78.247289
1.626206	11.173612
1.319014	16.132767
1.221586	12.901557
0.412724	8.830189
1.217005	13.702702
1.168032	21.252612
1.809152	56.522382
1.156523	31.508531
1.428701	94.387994
1.644567	18.622589
1.187114	24.304473
0.862485	9.961324
1.830232	77.636301
1.832691	108.129944
1.839485	39.292679
0.882456	59.302294
0.952190	9.814827
1.869435	26.393475
0.608774	15.113550
1.467331	38.998101
0.914701	16.945342
1.565288	26.564478
1.736354	2.994148
1.096908	14.785066
0.662062	8.713115
1.581748	8.784718
0.429048	24.108636
0.256078	37.996457
1.803956	29.969758
1.710395	35.651932
1.357387	31.033592
1.481494	70.041999
1.923321	12.094955
0.450722	41.883489
0.785842	11.667601
1.577176	31.048173
0.867838	26.935299
0.769082	11.359347
1.148687	63.635367
1.568887	8.420345
0.774964	16.870506
1.129524	6.260532
1.263520	14.035900
0.703701	15.878322
1.200728	21.548567
1.786301	51.160250
1.602624	27.761216
1.240601	11.453621
0.607679	26.165427
0.303378	87.324503
0.463889	15.910005
1.608902	58.276355
1.539845	32.280238
1.602623	20.137363
0.938906	21.831981
0.524991	34.550416
1.554800	12.673976
1.875253	53.101455
1.163760	28.682909
1.630261	19.961835
1.575475	71.312129
1.767353	5.817604
0.327276	63.839693
1.927655	17.516928
1.785491	4.576451
1.802847	79.059338
1.994050	28.690985
1.442889	24.191232
0.503702	34.385860
1.719604	131.395231
0.628324	14.727127
1.590282	45.941180
1.121144	18.141891
0.188955	13.393925
1.138970	1.801622
1.679525	47.318439
0.518571	50.385183
0.127428	15.094699
1.164620	42.971293
0.111010	20.387773
1.894766	21.165941
1.722784	24.664603
1.428961	65.119541
0.270474	8.471265
1.339368	13.593198
1.490021	38.052756
1.365543	20.539364
1.914170	63.267819
1.732773	3.326942
1.030592	92.530130
1.525490	26.378737
1.177242	94.468343
1.884594	25.138169
1.411128	64.752161
1.357558	17.951653
1.236495	25.854714
1.050218	14.817067
0.655756	24.659382
0.884380	8.830457
0.979386	4.980038
0.667838	30.046555
1.704108	22.947696
0.127558	9.825538
1.864644	109.087846
0.614205	20.023799
0.413610	15.083224
1.992150	43.057601
1.999667	30.380590
0.740665	43.539340
0.626034	36.287641
0.751783	24.420390
1.252351	66.153553
0.961362	31.078203
0.985512	31.695476
1.699285	18.832653
1.824328	47.913004
1.951033	35.063337
1.257442	9.378009
0.837465	19.417490
1.317225	33.025552
1.794369	39.247386
0.338447	44.749596
1.857480	39.106532
0.803466	5.492639
0.944220	93.655374
1.028974	23.759931
1.861463	10.617085
0.710952	41.086637
0.797234	30.048437
1.580040	37.375129
1.894685	24.800967
0.561092	19.854704
1.268632	20.109880
1.862569	57.498673
1.817889	73.954422
1.916678	20.277978
1.843059	20.216977
0.950976	20.183406
0.770436	43.547032
1.842066	33.057984
1.551228	6.742755
1.051430	53.608122
1.552701	13.115634
0.938875	36.193894
1.356480	59.109531
0.815342	62.641455
1.327364	51.846618
1.876356	13.074861
1.641080	69.019170
1.467605	73.460657
0.837254	23.151783
0.452519	32.880287
1.549148	8.222708
1.348688	42.034815
0.778706	17.020138
1.894800	27.442488
1.312917	88.305087
1.342392	38.396001
0.925208	25.666606
1.807389	31.961657
1.826206	17.277075
1.556025	48.885263
0.548064	7.050427
0.510804	4.893128
1.189614	30.305158
0.643501	3.193417
0.978464	6.301426
0.701998	32.318499
0.943593	9.775400
1.907809	6.165998
1.613666	23.039424
0.635561	6.800713
1.486779	12.747083
0.336694	11.887763
1.973351	63.922095
1.282695	71.762136
1.243535	55.275361
0.827484	17.414180
1.172258	25.191009
1.274576	30.739124
1.470785	50.774108
0.396381	56.163198
0.994689	2.862886
1.064512	15.329311
0.657983	37.109986
0.826535	36.243084
0.821146	0.727318
1.700521	24.062870
1.514145	43.511367
1.875701	12.403554
0.943237	9.049363
1.810952	46.891880
1.783070	93.545492
1.157377	21.312528
1.428382	57.343215
1.381150	9.026891
0.939903	42.148881
0.864534	41.562340
0.697377	16.257062
1.742533	9.018525
1.285424	64.961117
0.988674	24.413906
1.250366	41.024109
0.500836	14.957608
0.564028	14.845484
1.622736	3.749047
1.841703	11.940088
0.959898	39.853417
1.098524	8.972774
1.044003	100.428339
1.204107	22.832691
1.105861	71.576793
1.063342	58.468627
1.473394	28.554919
0.881352	30.752183
1.907363	28.495890
0.940950	36.605737
0.782245	21.721481
1.954384	78.237173
0.807429	23.483125
1.290106	8.853410
0.973696	35.698588
0.492489	6.558214
1.923816	88.013576
1.044836	13.617300
1.450846	29.582442
1.780659	15.168069
1.314352	109.657546
1.552579	85.935762
1.661119	4.323801
1.056101	25.302478
1.426966	31.552341
0.766720	21.109573
0.427804	24.460706
1.978385	13.035241
0.531708	16.664175
1.128276	109.758311
0.464360	9.861496
1.875623	26.100613
0.571506	10.350914
1.664018	7.745457
1.556928	7.326101
0.393321	20.241985
1.565231	48.207233
1.950193	13.795338
1.266782	98.127937
0.910090	39.214051
1.302443	49.598939
0.598274	6.285453
1.928710	5.149355
1.030964	25.386208
1.171007	18.195463
1.086628	4.129690
0.324885	9.377858
0.352868	19.726446
1.328300	22.322841
1.238925	55.467740
1.978011	17.924444
0.866492	24.480770
1.035857	4.990342
1.980231	36.435210
0.403206	28.755240
1.447593	21.864910
0.553759	17.638766
1.913382	23.781143
0.907770	52.244917
1.706233	26.290267
1.857502	35.824633
1.757000	24.752687
1.320173	34.965543
1.956823	46.283697
1.498267	31.555572
1.663467	75.763820
0.834006	22.769631
1.112550	22.925155
1.381497	3.648642
0.651152	43.883801
1.944418	17.969475
0.572701	9.833228
1.582690	4.162273
0.436241	4.686523
0.556130	15.098174
1.418870	46.237659
1.164199	93.287425
0.152269	21.078180
1.074772	17.802253
0.844227	35.135974
1.795201	78.045344
1.545421	39.908011
1.589688	27.871538
1.920669	94.096930
1.548081	17.489377
0.680922	46.492991
1.898868	19.758353
0.580508	20.404867
0.742244	24.325461
0.902933	14.722476
0.709234	18.160920
0.276344	35.582680
1.174248	185.997310
1.515262	35.607648
1.116892	61.025456
0.817851	19.608003
1.812897	26.036579
1.066520	39.246825
1.744413	10.263973
0.715729	47.171994
0.980783	30.716983
1.689999	21.388103
0.336432	24.348756
1.872119	83.312919
1.079210	17.947922
1.964207	104.570613
1.535325	7.754538
1.918175	26.520131
0.460891	33.453210
1.566353	18.847840
1.801257	15.074672
1.979748	114.265921
0.348970	33.899966
0.507563	28.064085
1.580917	31.609871
0.370882	12.284361
0.230805	29.852145
1.302590	12.510855
1.279374	168.286695
1.404252	8.853216
0.250101	17.519770
1.240376	42.458034
0.905464	43.655076
1.617747	54.314921
1.004182	28.393887
1.017333	10.473443
1.464875	18.348323
1.474466	179.623238
0.437121	16.646981
1.422842	36.054140
1.470270	33.846312
1.171792	4.851903
1.727410	74.368608
0.212485	31.715672
1.948684	38.915557
1.047565	8.494864
1.377800	20.299473
0.352753	9.382216
1.546641	93.151212
1.300552	4.742834
1.935784	52.484876
1.118874	7.819340
1.566140	69.559311
0.483619	11.980135
0.455966	35.499052
1.917558	14.605101
0.849702	6.076018
1.859302	52.282899
0.519145	32.169384
1.440303	42.827909
1.312270	29.667594
1.945143	13.997102
1.090636	4.395409
0.404996	23.281573
1.196665	17.496910
1.721742	62.556868
0.418540	33.828482
0.360267	27.032179
1.717996	14.126269
1.721419	147.269201
0.755826	19.865124
1.469709	20.489783
0.455201	18.178961
1.632228	44.875904
0.935650	3.440015
0.810417	33.195700
1.499818	13.698141
1.857980	77.976490
0.380553	25.154488
0.646873	19.185051
0.853818	30.439847
1.883719	19.937954
1.803908	12.741989
1.851051	32.124634
1.051198	31.407617
0.812372	4.638936
0.740486	3.888348
1.811408	28.039553
0.811659	27.562860
1.281421	65.988085
0.978178	30.854387
1.233864	154.398693
1.000347	4.315199
0.915732	12.827377
1.126153	22.228727
0.980060	36.065183
1.745664	14.752776
1.355459	7.806534
0.711277	14.491832
0.819884	17.273986
0.422080	14.152679
0.926717	400.976152
1.487679	35.855491
0.724188	33.561727
0.547889	23.341737
0.961093	40.192595
1.402797	3.414119
1.194717	5.117901
0.978893	5.564652
1.812972	75.150922
1.188380	23.497598
1.168062	35.901562
0.341639	6.126171
1.442691	83.232442
1.174532	60.016632
0.649639	30.335039
0.833349	52.371532
0.760184	25.962967
0.600685	10.486036
1.138611	47.927110
1.027780	18.183801
1.022845	10.452555
0.846679	42.922040
1.139950	44.493393
1.306235	70.504496
1.401281	17.289099
0.791592	18.825407
1.575129	56.741337
0.321095	17.594260
1.609240	67.339305
0.899346	31.864616
1.038224	11.777811
1.355540	27.434954
1.399719	36.834849
1.116782	17.411977
1.899804	62.876113
1.774551	14.456236
0.800807	16.836871
1.367717	29.887172
1.564804	13.318162
0.786466	16.044801
0.277087	9.288099
1.960360	12.969301
1.932543	182.462835
0.960025	12.390397
0.825376	63.013884
0.669039	12.329516
1.514031	41.636714
1.616584	36.494255
1.115638	39.891664
0.831750	17.177668
1.158531	19.916533
1.259858	55.726254
1.300111	21.659444
1.150446	1.959002
0.153606	26.393514
1.193213	4.794453
1.002714	23.536013
1.319668	28.869479
0.470023	41.981849
1.807083	102.885846
1.801223	5.338510
1.330890	31.947536
1.589114	36.202360
1.142186	70.410834
1.369781	25.179299
1.410455	8.979355
1.013097	205.087153
1.936600	65.563899
1.388058	39.913723
1.984570	44.297463
1.133808	73.851588
0.344450	61.348636
0.931179	7.240628
1.459738	33.912105
1.856059	80.651125
1.406724	29.109772
1.193192	25.286497
0.501241	30.066642
0.648979	25.953891
0.421808	18.466617
1.550068	23.972492
1.732384	44.314588
0.688547	6.236639
0.967826	3.526393
1.204204	44.948601
0.644907	57.019982
1.109228	3.675404
1.946196	44.612157
1.562041	30.819461
0.693427	35.110953
0.546951	26.292527
1.153139	33.887395
1.980375	34.079548
1.674358	82.730800
0.916018	30.569788
0.317597	14.560889
1.101753	31.626528
0.680854	24.329304
0.719118	6.428471
0.684335	19.170338
1.562732	10.673994
0.358862	9.209893
1.331807	5.963244
1.612389	49.736196
0.672636	8.808333
1.828625	62.015239
0.494268	3.767757
1.507388	78.215550
0.703198	35.824884
1.693862	27.731700
1.341708	29.995914
1.368156	21.487499
1.000749	17.101498
0.899832	2.416197
1.180512	78.555033
1.620253	32.430326
0.695938	63.354667
1.709569	39.870432
1.205298	35.048329
1.163794	5.935395
0.266143	24.880306
0.605300	5.786352
1.133205	9.437797
1.969579	40.212860
0.844329	44.868390
0.222113	16.324452
1.139070	27.438771
0.262174	178.082253
0.985283	50.535724
1.013359	3.531275
0.130257	13.379687
1.653444	57.092982
1.860024	33.529380
1.997977	120.737519
1.248560	8.765632
0.937950	70.388639
1.559524	21.108362
1.588123	150.483766
1.052460	7.274837
1.333074	16.217009
1.718026	74.780993
0.735856	38.404459
0.288348	2.829481
1.294598	25.251547
1.480027	46.423807
1.347018	9.015307
1.378611	54.056617
1.073892	26.117249
1.460792	9.984716
0.385332	8.187572
0.662117	57.997105
1.152622	18.189561
1.907929	22.845486
1.450358	8.630897
1.015273	29.906550
1.172447	21.091154
1.754860	13.002152
1.298722	32.377576
0.403151	27.763163
1.110255	9.035030
1.066103	41.893639
1.839570	64.641404
0.935998	8.253223
0.456444	10.206157
1.014557	7.193388
0.389249	17.240201
1.734235	70.941661
1.369643	15.875764
1.189609	12.359132
1.022411	8.280270
1.111459	17.396853
1.666052	82.008288
0.718613	14.374735
0.475853	11.970751
1.327339	27.655839
1.775453	41.371256
1.328099	154.569547
1.678747	56.373465
1.828355	6.671154
0.490898	15.721197
1.368118	29.264400
1.734954	54.002522
1.448940	21.105802
1.371621	44.541555
1.666410	33.526667
1.544184	44.736885
1.237877	43.259736
0.389735	5.765499
1.404008	17.196208
0.779730	38.908258
0.851030	9.941581
1.502659	50.022586
1.165122	10.613778
1.558479	1.017518
1.073071	35.867704
1.792778	41.476563
1.125766	24.148642
1.226226	6.544323
0.609835	5.035022
1.240777	6.786778
0.826560	25.644227
1.628238	35.419433
1.554368	21.824373
0.261482	24.162022
1.226209	26.671407
0.394563	40.677299
1.338564	32.984389
1.842325	18.324151
1.788315	13.371514
0.833480	19.865669
0.639347	30.606360
1.670971	34.859350
1.304242	5.845591
1.120847	33.085528
1.700708	12.024712
0.848353	22.645263
0.800052	13.558682
1.401920	57.727253
0.882139	42.423760
1.125344	9.931095
1.167712	37.016547
0.765025	4.685050
0.447472	74.299170
1.633848	26.711126
1.659566	62.351587
1.381768	15.806286
0.656880	13.403143
1.199866	16.597327
0.714587	42.294804
1.810344	130.686105
1.529222	40.154741
0.340443	6.325601
0.115273	0.727369
1.973572	44.143660
0.374373	8.941188
1.786275	30.730996
1.928474	21.757981
0.940348	117.858770
1.295252	15.985709
1.454702	80.645612
1.265918	6.813830
0.780319	16.383560
1.356317	31.940087
0.858798	45.996835
0.689692	24.062098
1.243700	44.851377
1.041325	66.175823
0.322854	12.748968
1.918632	18.068898
0.373278	48.583470
1.844400	26.639635
0.736904	19.115591
0.642989	32.421282
0.469410	24.088477
1.123696	2.889793
1.364676	26.663459
1.845628	103.749305
1.659812	23.860314
0.679042	22.357608
0.694976	43.407012
0.204107	11.682760
1.515042	15.562232
0.271430	22.009000
0.636071	17.698047
1.435555	39.173512
0.660257	22.617900
0.666225	18.703265
0.816508	7.905586
1.061836	127.585796
0.201366	4.699372
1.602620	58.167088
1.644704	3.591337
1.033162	36.516537
1.681757	83.611912
0.902318	37.665847
1.976708	53.243685
1.081015	11.382202
1.486631	12.675659
0.963379	9.320831
1.161709	23.251566
1.451241	80.637446
1.003112	26.030873
1.468391	104.465002
0.651568	19.359651
1.211161	87.146266
0.882596	27.809806
1.871387	17.762444
1.722540	46.424325
1.216650	59.673423
1.166109	35.440395
1.736855	25.018020
1.518977	49.727541
1.508307	24.575073
1.307322	34.641003
1.780825	14.206428
0.736463	9.674075
1.780088	58.938564
1.266386	23.615205
1.415887	24.706774
1.939092	43.435655
1.121872	34.347312
1.485460	1.625075
1.268455	11.969905
1.889777	104.762133
1.216988	32.966633
0.854501	16.827990
1.209635	14.219945
1.866205	47.264739
1.236521	37.835213
0.651828	26.893070
1.297440	15.885546
1.065440	43.209021
1.458228	26.838127
0.829239	3.773234
0.963135	35.655028
1.260179	57.559843
0.592199	5.510138
0.774934	17.817268
1.686679	3.829518
1.901911	82.355907
1.950556	25.246243
1.898787	9.410601
1.906381	28.276912
1.716983	28.024360
1.586843	13.466788
0.812735	69.562381
1.147972	10.625614
1.081373	6.534768
1.578896	27.632795
1.198626	2.938611
1.022924	34.047082
1.706198	40.861173
1.608433	42.760853
1.036385	27.382930
1.113992	155.901256
1.829029	3.981314
1.582415	23.112743
1.518277	14.559113
1.550851	19.264584
0.555327	72.311627
1.329978	38.503488
0.912546	19.628106
0.511965	38.972259
1.579986	47.426306
0.934256	31.462398
0.943501	9.371458
1.443454	44.463707
1.482819	5.834751
1.196644	57.764457
1.319528	25.308965
1.759900	23.013911
0.566596	5.690434
0.458377	32.087626
1.467873	48.719652
1.389852	24.892658
0.729771	6.247343
1.268111	26.917349
1.602024	176.218256
1.580949	43.942457
1.377837	36.023164
0.618873	18.473315
0.933724	16.386117
1.093342	66.781810
1.666680	61.371032
1.300714	6.264200
1.583202	110.515005
1.876909	35.356393
1.419747	41.139468
0.821969	20.159466
0.638233	24.176816
0.077922	9.969829
0.710245	24.449423
0.876511	22.590976
0.877460	21.614965
1.484042	26.067917
0.660198	7.268555
1.138483	17.085228
0.169528	14.020697
0.863001	9.449948
0.378888	16.152085
1.547631	18.495235
1.013751	20.638343
1.205686	6.373647
1.625921	14.077126
1.781702	50.522505
1.260326	65.388741
1.458224	41.661770
1.587399	50.176312
0.903211	46.284579
1.544180	79.077089
1.464048	44.189139
1.149988	4.024316
0.992455	60.357290
1.957216	26.267213
1.977723	44.199698
1.525951	6.123548
1.060141	18.251260
1.610898	8.505418
1.502204	67.544840
1.302462	109.601034
0.621853	11.055950
1.913709	58.677245
0.814353	33.003120
1.074147	35.296748
0.995069	7.188265
0.667310	31.440261
0.309096	15.664965
1.886906	33.787142
1.592665	26.238731
0.289647	7.614159
1.514960	13.765039
0.617275	20.516267
1.569328	6.838395
1.243186	50.803854
1.964003	59.989009
1.133784	71.947664
1.606981	40.372986
0.379834	12.624577
1.896067	65.565495
1.328431	92.856913
0.950197	6.454322
0.611190	41.050546
1.444889	39.695708
1.602969	21.258182
0.513262	4.560418
0.688982	15.949167
1.062092	21.991794
1.764351	46.733946
1.972226	47.064590
1.601055	5.778308
0.177596	20.290257
1.845191	51.928603
0.318881	12.536999
1.835221	26.544462
1.100270	7.060193
1.596194	18.221930
0.517724	14.305726
0.689505	17.400677
1.161614	6.618041
0.369275	5.115275
1.068762	2.266400
1.611549	80.766246
1.465589	8.744424
1.009788	97.411668
0.210257	35.002733
0.877288	36.048261
1.648363	80.493009
0.992092	185.220326
1.049844	32.140223
0.483537	7.203154
1.386702	6.799010
1.416739	41.361082
1.131502	65.577706
1.624583	137.959311
1.803450	47.064802
1.609389	29.543272
1.301454	10.381315
1.896282	27.674962
1.057120	7.735064
1.465606	54.850553
1.347414	49.601281
1.748566	79.209536
1.234847	26.638173
1.315098	14.376562
1.166204	40.542125
0.640190	18.959749
1.818417	89.937212
1.779992	148.397488
1.536973	65.258292
1.003530	29.710981
1.014983	22.117310
0.359496	21.333776
0.492957	58.859011
1.256040	24.771350
0.409761	14.928033
0.547932	2.079656
0.846129	66.383743
1.043951	42.491117
1.219533	15.670997
0.966692	24.095069
1.904250	16.962634
1.920582	32.678605
0.430044	16.750515
1.976257	62.938146
0.705012	22.339890
0.977599	11.431968
1.741529	23.967448
1.514888	21.233139
0.436939	56.907899
1.645890	17.551910
1.478311	15.742882
1.919943	29.129051
1.855531	65.979579
1.959751	5.143407
1.167820	33.688914
1.543048	36.613898
1.938263	7.241707
0.125513	1.971514
1.667716	40.615571
0.423378	20.006727
1.998231	91.683058
0.248746	1.840110
1.316906	13.396374
1.266648	37.365803
0.934901	32.006221
1.581917	12.853224
0.855968	39.203355
0.912193	12.254437
0.719267	27.771154
1.554402	31.269907
0.699466	7.492760
1.836080	39.503339
0.907355	66.982651
1.263230	11.611746
1.198143	24.830201
1.536814	39.276055
0.816567	32.247995
1.744038	46.908595
1.590285	39.402076
0.995381	2.996609
0.596674	17.323168
1.242567	56.901875
1.968326	31.042068
0.307842	18.198707
1.753663	50.316722
1.532931	44.554139
0.724607	16.763378
1.200176	31.798388
1.425334	87.625929
1.528316	35.383066
1.873506	2.866063
1.797530	43.840267
0.972914	2.866642
0.596111	11.488048
0.559986	41.516346
1.949279	47.422615
1.928479	20.642601
1.714554	6.492214
1.968224	31.164242
0.884774	6.290623
1.723863	21.557866
1.238783	109.503743
1.683435	25.386682
1.400281	15.032110
1.755713	31.180175
1.080422	19.747095
1.982307	41.816569
0.790536	291.810939
1.492296	64.307045
1.688573	10.332188
1.363029	7.050442
0.911390	34.524554
1.326706	23.963755
1.242482	38.547806
0.737622	38.983779
1.628575	47.208886
0.873125	41.255796
1.733958	43.696306
0.781780	5.867705
1.238913	2.536616
1.526119	35.033829
1.993199	62.763279
0.879480	8.280829
1.437134	37.591819
0.666508	80.792826
1.714749	10.631200
1.779403	18.857272
1.820817	14.894643
1.911999	47.796532
1.015904	4.697762
1.483091	46.048264
0.952646	16.178856
1.690449	15.201554
1.108316	102.178031
1.317212	33.535000
0.624318	23.374706
1.762391	81.351118
1.209952	61.461261
1.444379	18.832879
1.487326	5.052100
0.884912	0.956130
1.676955	17.015253
1.735375	74.881139
1.258956	44.914166
1.843541	12.742559
0.681570	74.553448
1.106546	27.997470
0.390758	15.085263
1.082288	26.512600
1.995167	28.782537
1.180301	5.428887
1.113825	12.118883
1.515042	5.011469
0.405676	10.038863
1.012907	22.539744
1.284743	37.274356
1.211631	3.082274
1.447357	54.090762
0.636886	20.824022
1.088495	50.748822
1.434138	56.376361
0.929903	20.019815
1.403329	19.582622
1.932484	53.143517
1.887835	18.307865
1.571620	11.099366
0.714071	99.994062
1.660566	43.148470
1.155485	6.313576
1.921925	42.431347
1.401160	63.765503
0.787676	13.671755
0.947321	63.995393
0.957961	66.934506
0.888292	37.967163
1.641661	70.996181
0.986112	29.254242
0.747821	15.549334
1.378392	5.449926
1.182703	96.723229
0.297313	9.027197
0.892984	35.094945
0.368071	12.124965
1.634399	22.165786
1.920790	11.263900
1.235708	20.651995
1.322051	15.879087
1.754008	42.443794
0.280019	20.180630
0.684386	13.074795
1.465059	29.433424
1.596089	9.844947
1.423130	13.521189
1.901951	12.692106
1.072778	60.872277
1.317470	53.526073
1.929419	48.855195
1.839177	27.412084
0.337977	20.809113
1.010357	48.022793
1.591944	65.167153
0.092058	10.588294
1.781802	120.815582
1.238604	24.411890
0.516522	22.222836
1.149080	57.000971
1.224431	86.541993
1.033451	28.231900
1.166955	27.189938
1.826214	26.674755
0.965965	13.744009
1.936671	92.830069
1.513846	31.844107
1.833473	2.354874
0.772183	15.871109
1.223269	3.569374
1.332829	39.377406
0.513135	39.766789
1.225954	31.871858
1.778638	8.847288
0.417651	16.759325
1.447104	41.311719
1.981683	92.546228
1.276342	38.986835
0.932688	14.962152
1.361829	19.421290
1.297187	50.128622
0.562092	27.310057
0.781729	32.777099
1.487506	31.893521
1.373139	12.121272
0.998069	21.540535
1.965092	49.475902
1.450770	88.699611
0.810935	44.446591
1.192318	3.582609
1.550683	12.372543
1.491365	17.630878
0.837794	56.904824
1.455357	36.433376
0.979981	34.590567
1.171763	14.632356
1.487129	67.401017
1.355960	59.638809
1.552393	100.897954
1.056554	82.022935
1.611601	46.385838
0.260375	3.089575
0.733601	19.416934
1.956512	131.733903
0.516851	9.273164
1.476313	32.851233
1.866205	54.323002
1.776449	61.923791
1.859872	45.831780
1.973812	27.240048
1.018394	6.460435
0.975666	11.988532
0.597949	6.023208
0.758590	41.871176
1.462854	20.106976
0.977239	69.777397
0.993068	16.636574
1.452491	78.196397
0.560825	14.715855
0.429736	23.880132
1.688972	232.894951
1.669110	33.111267
1.061574	65.508673
1.373893	11.663275
0.823584	6.921173
1.034551	9.618763
0.361090	8.226688
0.883842	48.265705
0.264805	7.059372
1.121222	15.079788
1.264870	23.066909
1.228479	6.086816
0.992379	76.997555
0.768509	5.970602
1.167003	20.492807
1.792618	28.503207
1.972711	46.784457
0.947797	31.731970
1.958461	9.448670
1.137112	20.079878
1.403912	31.032069
1.690311	31.939147
1.021748	28.561553
0.770926	48.542780
0.882957	15.787844
1.744002	81.094378
1.894345	43.449283
0.614646	14.568792
1.525061	15.286237
0.355103	25.768757
1.800462	27.015980
1.772222	8.227695
1.645889	14.294648
1.722044	24.452561
1.390652	28.891128
0.654220	30.271533
1.862723	16.424763
0.641243	38.564574
0.801093	5.987954
1.134176	7.098046
1.232412	13.452393
0.540876	11.358554
1.626263	55.438509
0.633460	23.563291
1.465659	5.650885
1.163443	67.887691
1.701380	145.337081
0.920068	4.368688
1.740774	4.182948
0.847925	29.932766
1.346081	6.287334
1.214694	9.842197
1.011041	32.901394
0.233872	13.007779
1.081193	90.406355
0.592376	5.070746
0.801019	19.955743
1.515758	62.707336
1.341545	8.752432
1.275825	1.881475
1.330744	4.331067
0.596152	71.678805
0.688944	9.079971
1.299215	14.602671
1.094940	56.916649
1.180333	29.450841
1.807025	23.243187
0.728344	47.662557
1.856620	14.481546
1.773248	43.570236
1.842560	144.486219
1.445696	45.115886
1.783278	37.555128
1.985641	77.221795
1.192669	29.671681
1.779967	97.817548
1.845562	4.835926
0.943030	57.716463
1.149446	20.949676
1.345089	49.820750
1.005675	14.560168
0.962898	8.636765
1.054821	28.017361
1.120964	12.325695
0.847942	29.767015
1.195515	30.903106
1.652196	74.272962
1.420585	44.958528
1.053350	1.997173
0.672210	15.149615
1.721523	10.326781
1.252364	16.228255
1.953308	39.825933
0.848662	37.959411
0.710025	51.479862
0.202688	10.397288
0.506202	1.749158
1.062054	6.329565
0.752638	14.190560
0.366879	19.478015
0.801390	17.093138
1.576501	6.144094
1.586964	16.224469
0.658971	18.709426
1.897556	14.488542
0.677875	21.158163
0.523513	50.623462
0.685595	49.631184
0.640196	27.783129
1.431325	58.993669
0.672333	19.537632
1.435226	9.288706
0.888811	43.784349
0.841348	11.149717
1.835418	23.326312
0.781803	7.953255
1.784289	22.099920
0.932947	28.786170
1.985704	120.354439
1.968980	21.786163
1.727020	39.602785
1.789745	25.688869
1.720319	16.232429
1.428259	5.393286
1.698446	302.559684
1.426229	37.719578
1.749492	65.155679
1.896064	89.105829
1.613600	47.733532
1.942740	41.732052
1.157787	14.452424
1.879890	41.298311
0.802910	29.161855
0.340399	7.100771
0.613802	77.353872
0.680279	18.871240
1.722114	19.524064
1.086038	25.972714
0.815071	5.207877
1.703429	31.524705
0.759747	17.980012
0.493569	6.140872
1.184825	11.068560
0.470104	25.438877
0.892687	23.061785
1.533790	6.319856
1.045253	25.398168
0.518771	13.325382
1.089075	54.103398
1.255063	15.339182
0.844462	30.547084
0.701123	33.460206
1.626256	32.573287
0.465605	40.036289
1.930163	45.749889
0.198823	16.282476
1.460415	42.812006
0.625623	33.690322
1.305602	18.807931
0.732370	12.774703
0.352738	3.803159
1.776791	39.260617
1.121007	31.394054
0.886524	46.317153
1.914779	6.432076
0.504537	21.700687
1.004662	51.659618
0.713565	15.141646
1.985651	35.273174
1.304000	26.936605
1.703352	43.358546
0.686769	50.802771
0.934416	28.844235
1.413325	14.866351
0.714836	41.390635
1.235547	23.536761
1.889789	6.885533
1.887623	16.999761
1.014650	9.629274
1.259534	45.594496
0.752947	23.954229
1.965072	43.755634
1.265092	8.683627
0.767363	32.111220
1.753510	80.323422
1.115595	4.433624
1.437918	26.836970
1.751660	12.557398
0.942122	33.249558
1.351372	5.569362
0.430291	21.513096
0.817447	18.255240
0.636506	28.367143
1.449910	29.255053
0.851995	4.995072
1.623696	48.241936
1.625441	29.225434
1.660567	28.423536
0.623543	18.271950
1.274290	187.234343
1.501997	71.096777
0.963904	32.824208
0.861150	50.973578
1.560249	3.481596
1.009035	22.996678
0.842160	32.776206
1.329097	15.513777
1.414487	21.203809
1.649235	24.640637
0.378425	4.650512
0.708059	18.312302
1.649915	154.380259
1.282956	22.319499
1.693927	36.127055
1.158233	24.446060
1.174592	30.256722
1.049953	8.495402
1.520093	70.404884
1.369643	52.322509
1.073335	17.903874
0.732817	39.183099
0.131088	5.203257
0.528574	9.326417
0.568368	4.524226
1.338718	30.987153
1.622502	38.396603
1.170823	22.182230
1.106284	17.180732
0.622442	3.478920
1.841339	43.431654
1.586218	105.334839
1.110324	7.476710
0.542579	2.912636
1.755557	121.752281
0.698684	21.806838
1.493448	12.304030
0.990638	7.261922
1.776462	29.596337
1.364799	49.360658
0.804949	22.163903
0.240313	21.232937
0.778265	6.381735
1.030971	28.579984
1.545867	8.685453
0.784983	16.347359
0.863579	20.380727
1.137943	58.167786
0.385730	11.537362
1.636465	46.644236
0.495936	41.824190
1.588962	9.015099
0.874422	6.828692
1.175413	53.550935
1.100390	32.341892
0.849629	53.538193
0.853790	8.770057
1.917626	19.924382
0.936095	20.753905
0.724440	9.263283
0.844913	21.748920
1.526094	27.614695
0.941598	24.520479
0.702505	28.357597
1.106628	70.323438
0.590552	10.891790
1.082446	17.073932
1.780609	41.654697
1.042742	32.569785
1.256547	26.828185
1.668035	29.510678
1.259285	12.497928
0.401509	28.722898
0.782764	39.775639
1.830719	59.526155
1.687970	16.750034
1.624731	73.011873
1.306155	37.976045
1.012114	79.721976
1.524869	21.213453
1.478472	35.445359
1.447781	27.197905
1.240940	4.405588
0.860012	50.522102
1.138444	21.252936
1.253535	44.192748
0.784794	41.247914
0.809619	73.756362
1.672160	60.664693
0.959105	24.764002
1.957243	11.511915
1.139906	9.590022
1.397192	30.083820
1.241338	6.925267
1.225180	65.746494
1.824032	26.462465
0.532741	34.082424
1.000296	38.987548
0.904358	14.264252
0.969056	19.838803
1.859608	17.893930
0.471475	3.194805
0.900037	25.751229
1.589960	74.945813
0.824747	4.418141
1.735504	49.114628
0.975285	41.626159
0.580703	23.627258
1.264113	35.841690
1.252368	63.398994
0.371665	38.121884
1.560181	49.736357
0.642742	34.257008
0.780190	49.338028
1.328463	107.575098
1.825248	13.438817
0.289175	9.496942
1.719528	38.037670
1.614849	6.572282
0.683138	9.091507
1.042949	18.941736
1.849157	46.751523
0.652330	34.777885
0.576510	2.262177
1.586238	137.751802
1.191919	37.791357
0.901248	39.619868
0.703006	16.730735
1.566666	18.148877
1.144606	6.664651
0.825876	31.666098
1.908562	65.530695
1.326359	19.887778
1.012062	9.093683
1.562807	8.299338
1.230117	30.151170
0.215209	13.275373
1.747116	44.005395
0.461290	3.033592
1.982655	42.305211
1.006585	16.025258
1.272489	13.032378
1.999253	25.647068
0.876498	34.139004
1.179533	23.451037
1.615982	30.725354
1.186018	44.312393
0.981481	35.915682
0.597434	6.948762
1.254932	39.907375
1.312510	17.577921
0.814452	14.155303
0.981596	28.899593
0.924982	1.288266
1.126223	229.781051
1.681932	16.715791
0.979506	58.204111
0.881917	40.698562
1.745912	176.503922
1.701610	29.330189
1.674378	33.501915
1.597639	16.734417
1.822008	16.143445
1.553138	12.419949
0.698232	8.674978
0.347196	3.408868
0.722119	34.783821
1.029884	37.012380
0.420076	3.042867
1.619172	92.129699
1.445620	16.124105
1.560311	6.520169
0.539580	98.429337
0.973459	9.756889
1.174631	20.950509
1.388042	36.750650
1.688868	25.336447
1.962517	15.616231
0.505099	27.729208
1.446117	63.988930
0.628283	35.762453
0.927013	37.375163
1.642004	40.751728
1.990377	78.949319
1.274933	70.169040
1.011890	13.344837
0.781379	5.113985
1.657959	81.019319
1.845604	27.262549
1.759422	54.244412
1.249918	22.423842
1.368094	3.446748
1.740919	13.716493
1.885399	15.318419
1.901574	8.190294
1.517972	1.667621
0.740525	20.481649
0.948218	33.024190
0.871510	9.582280
0.706111	51.004292
0.845369	13.412876
1.792530	73.038724
1.639404	48.584782
0.388673	12.475648
0.655032	25.199356
1.975301	6.305913
0.802454	10.333566
1.435323	6.133989
0.766002	36.186085
0.815928	7.161230
1.233244	29.522031
1.217014	17.030409
1.452862	40.481313
0.695906	21.874742
0.865615	21.247596
1.420081	14.574969
0.543528	7.928654
1.854450	48.476498
0.716303	25.438713
1.142929	32.709241
0.570253	43.053024
1.510573	24.489421
0.970517	64.599355
0.481992	6.149706
1.373250	18.578976
1.968558	31.507648
1.794114	44.325860
1.537626	11.845666
0.240206	7.501546
1.776943	26.684359
1.834603	105.384469
0.367319	22.872700
0.601321	38.976007
1.162662	41.996575
1.087655	19.742831
0.918138	78.329488
0.752047	21.529255
1.308592	67.934172
1.640903	19.953159
1.898433	45.211336
0.929012	38.245927
1.538135	69.024963
1.666585	33.409840
1.202484	81.001890
1.873078	69.350104
0.301470	29.631578
1.840501	65.880030
1.827951	90.353435
0.632812	5.525507
1.144484	21.100247
1.259115	6.678889
1.087515	28.262048
1.832752	44.450302
1.552776	45.629600
0.603774	35.332322
1.881671	20.933680
0.397290	78.283614
1.377754	30.534230
1.269286	23.607481
0.478562	20.946794
1.527053	11.804948
1.939323	2.944284
1.173179	10.279361
1.256193	10.731621
1.059710	47.284304
1.800868	37.925939
1.883716	4.501352
1.080024	23.845176
1.825396	6.566734
0.763838	35.574095
1.172324	58.362621
0.847343	60.233150
0.798806	7.836754
1.772490	21.610935
1.554647	27.007671
0.462928	12.895672
1.619797	19.479674
1.343979	39.111843
1.664725	30.571114
1.374286	55.675570
1.049697	29.992891
1.227953	39.305015
0.642494	3.006318
0.944389	57.658028
0.298154	32.277073
1.094025	33.049525
0.528292	86.448751
1.474396	5.168529
1.859536	14.863161
1.594481	33.514716
0.769390	4.656623
1.246024	59.835977
1.551250	13.107474
1.693350	38.381984
0.899418	53.961026
1.201165	30.648256
0.560158	3.154856
1.572894	11.832695
1.137395	4.838529
0.381240	12.905551
1.279310	9.912756
1.671467	18.564837
0.391171	45.367840
1.089586	20.437336
1.208337	48.696195
1.999265	32.218173
0.789615	22.556811
1.714005	43.731201
0.651379	7.888233
1.941638	11.859641
0.938086	36.825449
0.650641	37.444708
1.056426	16.767033
0.257509	8.184932
0.570761	2.733734
1.229702	6.129959
1.904154	70.298867
1.152798	75.093936
1.473812	36.576611
1.543902	13.526643
0.361711	17.662643
0.962798	28.263359
1.995179	23.084490
0.192995	16.897177
1.190805	10.372834
1.742195	49.345220
0.908300	9.162705
1.994500	20.782546
1.214688	14.615724
1.861837	22.794673
1.277686	26.241588
1.080877	19.211531
1.548441	25.061744
1.932420	23.210894
1.047670	49.704280
1.784845	24.023686
1.472892	12.766376
1.051557	15.806822
0.428279	33.955136
0.945668	3.289883
1.732686	32.793899
0.538013	13.758472
1.342865	7.763036
1.253121	20.332636
1.475924	32.558875
1.901563	78.518304
1.611241	82.104936
1.251303	35.773419
1.731250	9.497962
1.535788	28.378489
1.832737	41.004948
1.569866	27.315324
1.613142	43.792930
0.509801	20.405893
0.154886	10.710144
1.928160	5.311999
0.847531	17.626940
0.689842	4.398188
0.677242	39.205204
1.590278	25.133320
0.398081	38.545077
1.475001	1.673593
1.341798	122.184583
0.654207	4.081417
0.629536	6.156010
0.623612	69.483066
0.860229	39.360233
1.446333	72.338685
0.768404	32.146093
1.473585	61.031517
1.954057	45.329786
1.780416	16.730969
1.681687	29.567716
1.917764	149.268157
1.402722	65.073845
1.637167	22.155458
1.644862	58.986935
1.958639	21.628284
1.454357	93.114937
0.882924	25.180016
0.747915	47.430161
0.938072	24.001672
1.626376	42.619799
1.468333	16.900962
0.790577	29.037441
1.776892	55.573706
1.969637	192.744942
1.619490	11.855091
0.448738	17.677747
1.425132	3.539949
1.899473	33.560998
0.948180	2.792192
1.362550	31.079447
0.804234	13.381690
1.809425	8.682051
1.792699	97.572054
1.029599	29.794974
1.006520	32.646771
0.043751	1.776760
0.955380	3.924299
1.656265	40.001351
0.328324	2.524011
0.760879	15.875981
1.578783	43.017157
1.455571	1.528772
1.978266	128.738330
1.070087	27.382689
0.624935	8.993657
1.480505	10.964706
0.496665	24.197325
0.588771	32.603974
1.336540	43.658873
1.193510	19.068979
0.867117	14.620782
1.202497	6.897435
1.790109	64.643469
1.570841	5.225033
1.167693	27.185012
0.945568	26.790655
1.357729	17.988145
0.139729	2.146135
1.583013	48.928084
1.688373	63.967647
0.599908	46.386809
1.088509	19.453215
0.649631	3.911218
1.917233	35.809603
1.724519	30.540457
0.286171	19.308403
1.951924	11.038990
0.642912	38.725198
0.509815	25.069031
0.345655	7.825103
1.670353	82.559626
1.879689	60.083735
0.539173	25.189334
1.972845	67.730197
0.952833	28.691389
1.501614	2.555859
1.977638	32.338584
0.207156	16.037804
1.305139	34.807722
1.467488	39.067757
1.040336	26.856873
0.573314	8.352904
1.415579	26.067345
0.400171	14.979645
1.876796	23.269592
1.178625	20.167501
1.855952	29.445770
1.740808	108.470349
0.152231	35.094171
1.174342	26.063316
1.820574	13.809746
1.041626	60.518530
0.964613	16.315994
1.511696	13.491010
1.540861	141.767464
1.448375	64.871713
1.027934	31.385092
0.453284	4.810906
1.876106	11.336407
0.955007	22.340018
1.677955	46.349094
1.009628	2.677322
1.227603	23.631180
1.043919	50.756829
0.502779	64.446152
0.974536	13.859632
1.928254	10.399418
0.574154	15.063860
1.318598	53.953421
1.948735	12.395529
0.288559	13.879974
0.469484	5.169267
1.854121	6.944257
1.586760	19.257652
1.302964	38.206155
1.290055	4.400221
1.959198	41.443168
0.290934	27.946665
0.878623	16.160765
0.954383	33.970683
0.594903	35.307322
1.018317	22.302771
1.038861	62.541459
1.933269	21.685615
1.148411	38.247172
1.894820	29.933813
1.700002	53.825642
1.588689	57.890959
0.976247	61.802436
1.125628	43.096803
0.391619	33.565309
1.049612	52.100447
1.793362	61.620747
1.656202	21.762307
1.697435	51.718604
0.794738	4.588261
0.774090	21.533290
1.478460	36.145940
1.460453	10.589434
0.747243	78.580108
1.562791	29.529616
1.047760	33.181246
1.819006	33.049602
1.029635	30.567387
0.809453	30.692794
0.748269	28.839164
1.836909	10.087282
1.777200	13.968619
1.123944	13.159083
0.828150	30.863403
0.901942	2.989902
1.061360	16.462615
0.390858	38.129554
0.464034	17.291901
1.883184	34.952811
1.632997	64.060718
1.706058	39.144201
1.203509	77.647576
1.030415	39.490358
0.530125	29.138831
1.321931	30.271825
1.598534	26.535912
0.748352	32.817398
1.067844	11.280895
1.882950	30.152288
1.751944	39.005276
1.682017	23.013023
0.372816	13.087891
0.690782	13.718555
0.937015	19.156882
0.933136	42.882618
0.615670	20.977661
0.910001	13.293432
1.127400	47.111330
0.408042	14.007963
1.089357	25.013485
1.230276	67.774985
0.378442	5.537467
1.494670	17.247284
0.498686	16.464218
1.455471	3.960018
1.990352	30.056766
0.444258	40.705534
0.881464	22.807574
0.616468	17.279269
1.037028	27.028769
1.738818	17.322759
1.886343	21.545897
1.745711	23.563376
1.519902	37.927141
1.559138	3.847261
0.597090	27.130367
0.841860	34.695428
1.028730	9.030100
0.410843	17.519069
1.717835	68.189575
0.853732	69.209965
0.417965	10.987427
0.480452	3.549826
1.950489	96.991251
1.858653	14.922620
1.933175	10.225001
1.929906	57.360789
1.683760	70.081783
0.887766	15.521472
0.967087	6.452069
1.087558	8.831213
1.661724	34.559190
1.882092	58.928905
1.145825	4.235448
0.929622	7.190861
0.831815	23.789104
0.855072	21.020274
0.191751	15.014900
0.816732	27.402604
0.918949	20.724236
1.647388	9.013608
1.307729	32.452592
0.977158	62.718578
1.379848	63.972728
1.666773	6.923510
1.399118	10.028410
0.472474	25.830798
0.828640	16.755502
0.904117	11.968483
1.027228	50.729472
0.309661	21.037888
1.599961	58.135326
1.191092	30.123362
1.834364	108.154699
1.261830	43.205573
1.980724	13.504329
1.534327	11.263783
1.819107	27.156496
1.956608	63.980297
1.193182	19.546996
1.433419	40.274514
1.861899	25.351746
1.347506	47.621271
0.419610	3.309121
1.528768	29.360301
1.896354	37.147188
1.655879	48.674313
1.671272	42.431602
0.497275	74.565493
1.589517	26.540521
0.344169	24.853802
1.888279	5.773059
1.862323	5.820734
1.967928	26.591958
0.932409	112.213448
1.295457	53.937073
1.352645	121.339584
1.319911	12.461731
1.103094	17.071929
1.978665	65.984199
1.818835	14.840623
1.399571	27.108295
1.455195	10.096179
1.554674	4.909634
1.389682	38.943854
1.544570	12.554338
1.709917	13.288776
1.964038	40.065508
1.760179	43.819908
0.616517	14.592839
1.304565	21.658405
1.431626	23.927666
0.870693	33.122657
1.198830	11.505188
1.891507	27.370729
0.859325	18.431678
0.955120	113.568421
1.852814	19.556776
0.536076	12.501332
1.808611	37.433878
0.933421	21.568406
1.233118	91.420401
1.447912	14.688996
1.453277	18.058205
1.967444	75.340250
0.354576	3.867880
1.539009	32.706092
1.754835	3.583868
1.366854	16.956007
1.960555	129.591905
1.111474	28.919560
1.608366	72.396753
1.512867	86.981041
0.340385	17.884019
1.314064	13.684075
0.862592	31.699479
1.278311	51.043389
1.814730	2.078839
1.428974	63.783427
1.375112	10.138124
1.492042	24.194829
1.277668	44.051676
1.157124	14.661864
1.045104	31.086755
1.533398	33.056010
1.647608	19.338505
1.119951	9.704472
0.388648	10.345457
1.299730	11.990792
1.345024	41.402711
1.204041	22.003510
1.022540	56.038497
1.833320	36.007966
1.207215	2.696391
1.683050	68.927203
1.440289	3.793569
1.664856	17.282254
1.804702	34.515622
0.832663	22.397535
1.728656	20.962683
1.564981	32.018621
1.326370	4.788817
1.302430	429.532230
0.945695	66.231615
1.295994	19.752645
1.060431	98.625108
1.822155	96.079636
1.357567	11.220127
0.925646	16.543610
0.648190	5.599163
1.524271	8.708877
1.480510	9.706064
1.022737	8.090022
0.684088	3.316420
1.557577	39.232136
0.878487	22.192964
1.780282	28.227315
1.572698	26.628845
1.827780	282.497603
1.974921	80.748979
0.992858	32.191505
1.241520	29.301286
1.090274	25.636223
0.492811	30.062324
1.092100	24.637425
1.151095	27.950973
0.705957	5.185754
1.813537	27.405294
0.914896	9.357042
1.621566	3.732891
0.489217	45.238499
0.334871	10.075599
1.992636	14.365775
0.602714	31.615324
1.632605	43.963793
1.390901	24.493061
1.164908	7.305452
0.363128	14.198999
0.973235	27.575640
1.839886	16.060973
1.847864	20.045009
1.383742	43.876559
1.346575	12.711157
1.123535	23.520274
1.647353	27.470820
1.812961	21.786493
1.574623	12.593298
1.273155	20.227803
1.435621	49.581803
0.791441	11.817288
1.985704	101.588454
1.896566	89.394408
1.929790	28.700443
0.693261	16.513455
1.462710	15.642099
1.468020	52.678723
1.014988	64.787286
1.785216	13.807407
1.657668	2.854052
1.562745	5.839480
0.329569	9.184037
1.984621	85.563089
1.560873	22.309275
1.950407	31.819908
0.516986	16.750480
1.524817	26.480347
1.600728	65.641549
0.456381	63.291392
0.455818	23.094713
1.627154	53.084803
1.681077	18.517800
1.855798	34.135014
1.641994	23.889097
0.827547	4.571556
1.949212	71.936066
0.873210	43.458167
1.574182	15.119771
1.279242	54.882582
0.601149	13.351013
1.882657	73.112218
1.366256	52.897393
0.529740	2.854656
1.058898	32.701309
1.631296	13.312750
1.411564	46.549977
0.798088	29.837387
1.338771	14.406776
0.941573	3.590566
1.276108	24.906043
0.956214	5.261362
1.229896	13.449200
1.749488	16.726660
0.777652	12.140416
0.118208	26.513388
0.669806	28.309256
1.749013	48.461909
1.107500	27.542086
1.593098	7.740194
0.337798	6.641234
0.652252	39.489967
1.338072	20.453192
1.563779	95.683967
1.666120	37.935448
1.448159	64.322213
1.618691	41.272959
0.691122	25.102364
1.470750	14.561305
1.123070	49.633221
1.863221	8.119006
1.406903	98.544570
1.297530	12.284676
1.351902	42.001370
1.732735	11.094854
0.230084	9.884552
1.777571	27.903104
0.330895	27.384763
1.358437	8.147023
1.239326	37.743042
1.038770	29.897595
0.615150	14.156275
0.605029	61.078729
1.596721	60.527467
0.581393	2.874713
1.514193	11.152561
1.984204	39.786160
1.506164	50.208654
0.486327	9.784931
1.298111	37.638336
1.737549	15.922592
1.926540	18.892553
1.574846	13.071390
0.942870	14.172654
0.846049	61.579531
1.659921	20.124244
1.624195	55.243281
1.215100	29.232955
0.517069	23.448889
1.491442	60.910918
1.370001	1.886898
0.234460	21.687219
1.447279	114.499245
0.623010	40.230356
1.724276	53.584870
1.493741	9.415667
0.416003	15.657491
1.282889	36.482981
1.692877	29.792050
1.730681	17.057132
0.513387	11.651055
0.496334	2.813202
1.646489	18.718452
0.814158	30.330974
1.375319	23.274253
1.397331	48.043284
1.428506	23.952968
0.987898	17.511608
0.374576	1.645288
1.291304	60.656664
1.257845	53.847104
1.134975	19.406963
0.893679	8.409498
1.750849	50.489086
1.038372	35.312982
0.610987	6.662020
1.620868	1.710090
1.438130	8.846983
0.942042	12.841206
0.662028	24.792034
1.144852	48.970048
0.460088	25.926472
0.796787	46.248339
1.941577	12.617684
0.660718	44.425677
0.886124	14.382775
0.636955	77.097253
1.858680	3.684006
1.879015	18.030456
0.440731	4.765637
1.836945	11.044014
0.643946	24.601704
1.080339	17.120342
1.363833	46.004497
1.179146	36.491519
0.630536	46.685583
1.671758	13.751024
1.514435	41.459623
1.905076	7.961238
1.011622	73.337965
1.130812	5.128807
1.006610	71.440470
0.451387	7.556182
0.426634	31.770398
1.625729	35.015936
0.902461	21.447105
1.216216	26.331165
1.965807	34.461650
0.272482	37.225941
1.261788	23.761491
1.262635	24.611478
1.997633	155.065058
1.737382	27.139637
0.462612	73.816931
0.674034	58.745103
0.351051	48.154592
0.750053	52.649188
0.778217	14.017986
0.524894	7.315232
1.276039	31.361180
1.959401	30.062969
1.690480	75.177096
0.762024	40.626269
1.658668	37.975090
1.971113	41.329193
1.738773	14.736135
1.188558	50.823669
0.876718	17.812556
1.605385	37.580200
1.663931	8.763119
0.922079	32.322225
0.799301	4.870677
1.491544	24.722559
1.821559	22.249285
0.289640	13.248490
1.978978	17.721580
0.740839	15.026582
1.006087	25.667298
0.420054	24.842330
0.428450	5.497133
0.882417	56.256837
1.332232	35.330965
1.841449	146.344961
0.471353	44.190387
1.303822	34.383617
1.109140	32.070606
1.982511	29.923252
0.731989	9.950356
1.037469	19.230692
0.349195	26.049941
1.862219	23.977854
1.417513	3.432697
1.366123	39.381942
0.406097	19.063095
0.547399	19.288160
1.669765	48.799957
1.309132	19.690236
0.754050	9.127003
1.309643	2.770819
1.948266	82.913161
0.558645	17.105066
1.951639	18.189733
1.646627	14.464131
0.647895	2.877260
1.707127	46.230593
1.599535	71.312291
1.345457	30.652914
1.645520	19.345738
0.641710	7.809175
1.565763	54.728648
1.445053	24.672741
0.902172	12.070016
1.518860	7.030303
1.501623	41.731759
0.825243	6.045297
0.654994	26.052974
1.026193	23.689282
1.083206	11.288881
1.721694	47.856372
1.139425	26.492636
1.588323	65.466229
1.179577	9.491869
0.463558	1.978995
1.462653	22.137954
1.832484	41.675670
1.262778	19.770082
1.536371	31.742599
1.652335	65.022848
1.186617	34.064236
0.843730	69.912581
1.777266	23.589652
1.728680	42.914831
1.776361	33.639548
1.724202	37.986654
0.624576	78.153732
1.106975	30.499395
0.740256	55.424984
0.670197	5.155666
1.656385	13.819486
1.207550	6.054861
0.526944	13.774373
1.093809	32.734181
1.989076	35.369328
0.778320	30.837670
1.080142	11.798661
1.376036	111.167129
0.755111	42.847086
1.947692	9.045424
1.436081	28.292981
0.808486	2.478750
1.155332	35.693319
1.024056	7.195360
0.601154	1.272361
0.902042	47.139416
1.315442	6.240874
0.520385	39.833209
0.404633	1.921855
1.297031	12.559271
1.136380	45.640515
0.734139	34.279957
1.552422	17.484141
0.519792	31.833726
0.878493	40.309492
0.552917	4.793299
1.574773	26.415039
1.432834	34.538284
0.734511	62.579373
1.320866	9.036588
1.527998	20.977222
0.352117	13.139287
1.478280	67.449229
0.945861	107.786595
0.629109	6.399828
1.717078	16.664594
1.393299	9.408648
1.304763	31.752039
1.740675	31.994337
0.869645	3.236791
0.250394	14.171340
1.917109	20.035967
0.865705	27.456640
1.433768	37.270261
1.962670	33.704928
0.815844	12.139052
1.988137	38.326407
1.293051	14.455246
1.933539	15.430445
0.515083	36.774757
1.281696	56.092807
1.910131	22.547577
0.670874	9.266991
0.886501	0.711166
0.778472	32.789806
1.943963	6.453867
0.866992	16.036750
0.598156	16.958933
1.679742	23.378272
1.255603	65.009860
1.369182	30.471137
1.394315	12.045591
1.403516	23.545822
1.166888	54.826690
1.960296	9.279869
0.707329	72.481512
1.931758	81.731679
0.914842	36.431775
0.737244	17.197685
1.422438	35.464150
1.826926	81.090652
1.027211	11.597347
0.486910	33.589237
1.289894	55.425750
1.975853	8.360022
1.068461	36.789890
0.285500	37.348924
1.236763	45.740118
1.059495	34.366913
0.462276	15.165918
1.800264	25.326149
1.412076	54.625395
0.668223	38.834420
1.880786	24.672289
1.348905	19.009090
1.517099	4.085109
1.359557	8.881916
1.964808	66.966307
1.825021	59.894211
0.265662	14.207759
0.253470	5.424754
1.217789	8.349246
0.949945	92.961006
1.293373	35.183714
0.988653	10.463467
1.805543	52.924457
0.699003	4.811009
0.433932	17.691562
0.995860	12.546113
0.637311	77.250823
1.371592	11.040800
1.194285	5.734072
1.545235	23.967293
0.479643	18.953549
1.615216	66.570090
0.888756	20.763105
1.490539	21.120674
0.912551	23.667189
1.736549	24.010412
1.737010	79.350532
0.937450	24.630921
1.854813	12.111679
0.961128	28.872909
1.832967	41.349424
0.743230	18.371898
0.907486	15.068375
1.814908	9.553047
0.501452	8.099260
1.535963	22.716595
1.506319	25.249898
1.954793	14.840631
1.954982	29.845016
1.206279	23.141168
1.471093	38.078416
0.671395	50.110849
0.802639	19.107852
1.322457	29.508079
0.822740	2.207979
0.786341	139.261434
0.300770	1.858513
0.481171	17.391961
1.550439	53.153974
0.251752	37.296079
1.833106	17.044380
0.495684	33.267791
0.672967	16.142130
0.991798	34.742202
1.573340	35.188417
1.534359	69.980322
0.838190	31.506700
0.970631	34.001183
1.717197	25.442499
1.230643	34.368039
1.172813	23.707913
1.433959	25.623827
1.170773	20.237965
1.136279	11.401997
1.682490	6.999163
1.889487	2.281066
1.308824	53.472514
0.909821	8.495880
1.918677	13.305014
1.536191	82.362311
1.465009	6.470411
1.394099	13.867641
1.594032	13.726956
1.647423	5.769190
1.671151	36.645576
1.960680	32.277975
1.101620	14.912311
0.831451	18.329323
1.075444	77.016887
1.634031	43.328000
1.296090	19.084648
1.784455	19.930336
0.820225	7.450511
1.588975	35.600937
0.842969	25.397345
1.683272	119.172064
1.142680	8.288889
1.982752	11.745769
1.486508	38.833988
1.596074	24.003063
0.385016	23.253998
1.537887	57.436177
1.113235	27.675287
0.964473	17.480382
1.677281	25.626730
0.807133	30.351284
0.722041	6.438087
1.015334	28.259511
1.427819	28.776364
0.856507	4.494142
1.322691	9.332919
1.061198	35.721989
1.079453	14.909490
0.761559	39.019460
0.962834	8.116745
0.884238	18.696250
0.832833	71.835822
0.501338	27.159575
1.134867	66.477522
0.834974	55.584877
1.936836	37.101866
1.386722	10.736185
1.178552	3.562853
0.988079	13.070893
1.176669	47.977766
0.993569	1.777725
1.772266	5.753801
0.854002	59.691634
0.894386	70.392959
1.547722	14.011362
1.841204	24.204289
1.503514	35.882241
0.511694	1.305649
1.838142	28.032172
1.637866	57.627563
0.826421	12.846099
0.450247	23.387080
1.559531	31.287835
0.817510	37.524693
1.270959	17.305768
0.524071	2.634163
1.336902	35.768884
0.293690	12.135750
1.286114	10.272520
1.736402	26.746916
1.355587	37.719136
1.815630	6.054781
1.308254	9.336818
1.514457	19.382473
1.032423	8.852257
0.922018	6.434241
0.984651	6.860780
0.556504	2.566817
0.851548	56.772680
1.064572	11.686155
0.993701	34.255437
1.228865	20.778707
1.217918	56.902796
1.586523	36.992242
1.077962	41.966887
1.499191	15.512706
1.825006	14.744365
1.169155	9.271573
1.315012	5.967567
1.499122	27.523184
1.226650	102.000697
0.686109	25.506707
0.916757	91.253816
0.326402	30.843136
1.508713	37.145020
0.893744	40.041526
1.720860	14.547031
1.467377	146.580752
1.587622	66.763812
1.812208	32.302315
1.123690	38.139309
0.734805	49.849395
1.895999	30.058637
1.993194	5.387499
0.788289	32.939116
1.594958	47.986357
0.478187	40.434450
0.323132	40.566314
1.496060	30.526188
0.852852	34.580509
1.789377	95.755609
1.254955	18.938147
1.657217	55.475784
0.558096	16.612167
1.799694	57.638174
0.737279	44.965675
1.336993	11.961037
1.398589	72.369594
0.460128	9.694569
1.963529	38.850350
0.930861	49.184867
1.554473	13.495496
1.431237	58.983930
0.347641	30.037835
1.780825	31.609532
0.934413	8.681940
0.842462	5.684994
0.437896	7.314760
0.844639	6.082845
1.414002	10.313468
0.757454	24.425738
1.185291	37.524890
1.684169	3.591815
1.927465	103.390805
1.534024	187.624692
0.748024	24.434496
1.058564	47.908851
1.315935	8.226252
1.794925	20.262332
1.306532	8.251820
1.222446	32.565860
0.860551	10.897227
1.234860	26.212188
0.957412	10.649695
1.331403	38.754689
1.697973	12.623078
1.912303	71.454693
1.699328	52.609677
1.728080	32.958297
1.019517	5.905107
1.526546	79.094833
1.066198	79.055004
0.307731	47.906078
1.815465	101.041588
0.417970	20.435252
0.586002	9.373136
0.276744	18.977811
0.463931	18.085517
0.439325	13.889691
1.499315	4.191685
1.767053	14.477435
1.679562	58.824216
1.423260	62.676289
1.663237	67.856500
1.170348	17.763513
1.849842	32.887534
1.175381	16.523165
0.326516	12.146273
1.536998	17.379545
1.731834	53.715754
0.800001	12.657763
0.956017	100.558954
1.525735	28.584546
1.345301	37.382937
1.823975	59.939940
1.202056	5.372181
1.492062	20.633673
0.880560	32.258519
1.886320	72.999606
1.037908	17.203851
1.294351	16.920793
1.408684	6.794718
0.851348	21.644812
0.954252	26.267016
1.239076	43.368879
0.879269	9.418378
0.618240	23.997857
1.740870	32.696047
0.967018	46.462188
1.108914	57.307728
1.305704	68.035494
1.749885	70.151432
0.639777	62.618796
1.422767	10.332735
1.008691	19.148797
1.792019	32.490268
1.475250	48.662255
0.649874	20.703444
0.922240	20.342920
0.360130	18.351161
1.639746	11.521176
1.104042	44.945273
0.405904	26.179084
0.245852	14.735928
1.928043	59.602640
1.765249	32.452240
0.982465	6.410010
1.260196	5.662215
1.348403	65.782532
1.258264	19.618949
0.940181	16.858735
1.070016	31.869199
0.720802	33.102553
0.348186	23.846115
0.669256	26.643310
0.243095	6.490495
1.134865	38.638339
1.474805	31.275279
0.720363	14.762592
1.285999	178.971774
0.967406	9.270262
0.596019	30.351914
0.612700	27.343663
1.411111	19.375209
0.590913	6.620535
1.314762	15.359455
0.738555	23.127826
1.786699	16.109711
0.410312	4.559215
1.064650	32.296216
1.626007	18.809004
1.607293	60.603869
0.649024	47.650891
0.749852	53.003664
1.304457	22.031005
1.509703	51.062311
1.612030	33.142309
1.414729	39.072174
1.658850	29.674047
1.145174	9.155857
1.325681	9.797201
1.135113	91.321976
1.625152	57.344145
0.708679	73.514663
0.848177	41.546827
1.741247	14.636471
1.554891	15.422779
1.586174	30.596899
0.547705	7.953580
1.212139	88.739689
1.331223	36.438955
1.653981	141.223113
1.118420	42.919822
1.296105	2.501298
0.824024	72.449033
1.733975	11.360513
1.861667	29.479813
1.181776	26.484296
1.141197	68.662547
0.972655	24.494879
0.872518	6.515435
1.314935	55.316350
0.697007	14.357356
1.368323	11.995986
1.326735	28.941259
1.524392	29.247712
0.802053	12.880566
1.536224	17.395655
0.268115	11.992377
1.286761	43.254213
1.752441	23.948912
1.575070	52.071381
1.762916	23.359502
0.656343	2.220780
1.561658	124.723410
1.189158	56.062768
0.964530	26.996749
1.016031	14.905117
0.554466	10.063227
1.528718	3.025582
1.431608	24.389886
0.665023	5.490988
1.301329	32.923623
0.617200	64.168848
0.948795	94.667902
0.390054	5.725701
1.415506	15.580880
0.238685	25.744854
0.862282	22.875945
0.872302	1.485854
1.606087	39.166555
1.161405	16.424672
1.344405	35.599528
0.842524	16.284632
1.306390	68.670462
0.658091	44.948013
1.987549	16.205680
1.260773	36.900503
1.807381	65.562731
0.563344	31.513456
1.369961	28.101293
1.489966	68.211579
1.667749	54.953597
1.214402	47.038645
0.359816	3.740435
0.863047	21.351127
0.895457	23.456988
0.956964	25.739741
0.530704	13.089771
0.082231	8.573499
1.264819	21.274428
1.588605	63.094678
0.809704	88.826736
1.524002	33.092143
1.580068	10.505153
1.101679	28.555470
1.272800	32.919391
0.949842	31.275495
1.046325	9.793875
1.368007	17.550891
1.025647	7.256607
1.237080	28.829128
1.599149	78.308093
1.942605	134.338478
1.825683	17.881103
1.862629	36.446566
1.857440	31.104459
0.829548	1.763702
1.913401	29.584287
0.796090	29.288095
1.783714	9.107243
1.356094	85.254414
1.744122	118.662618
1.971083	47.170910
1.801632	8.329489
1.709929	7.045950
0.767711	35.348746
1.777009	25.622887
0.691132	3.037088
1.254430	18.795575
1.238956	32.090179
1.263407	5.809243
1.568056	65.813921
1.078408	44.085582
1.170470	6.681141
1.472013	8.882538
1.506885	18.970580
1.141624	38.104099
0.417487	2.675525
0.859499	24.882370
1.909570	5.590675
1.883103	69.971887
1.458041	29.551073
0.728481	13.132167
0.539383	41.069552
1.918389	26.521712
1.797673	44.684087
1.081314	18.044142
1.428194	17.940298
1.862081	11.587037
0.635243	24.280778
1.438105	2.851499
1.870526	20.391432
1.740770	46.816906
0.906193	38.973598
1.922429	6.931737
0.761641	28.642820
0.771451	31.464021
0.541585	5.789353
0.591834	23.862781
1.626224	31.996633
0.887590	40.039987
1.791372	59.397115
1.773431	57.806955
0.588157	15.692784
1.283670	86.802516
1.592646	36.810908
1.507292	4.904679
0.558575	23.900097
0.962258	6.466110
1.401986	42.262674
1.360924	3.766478
1.706124	17.163762
0.430161	25.588080
1.206076	22.609595
1.759996	34.176170
1.989660	17.168465
0.614665	4.061435
1.452467	25.590731
0.106528	10.463786
1.006262	21.558154
1.152536	25.720354
1.000501	37.569695
1.420619	42.101595
0.258560	16.864720
1.852764	17.979071
0.957109	51.211663
0.660447	13.721837
1.135051	111.247136
1.256321	31.324843
0.417079	39.238439
1.683219	18.650323
1.589602	6.007084
1.253055	25.395371
0.729846	23.849106
1.881787	4.006817
1.675721	7.760027
0.816003	81.352917
1.587404	26.114282
0.553088	8.231098
0.592565	144.357936
1.152291	7.008506
1.535875	48.455625
1.867061	9.420277
1.952902	84.070207
1.521161	56.974740
1.658977	112.940114
1.251040	35.094170
0.429643	31.697351
0.607706	16.044983
1.952572	2.524473
1.073751	6.796537
1.641735	2.713522
0.792734	7.305417
1.284505	59.210907
0.665161	46.064248
1.697994	20.704491
0.695637	22.534805
1.542192	68.602055
0.661559	64.932023
1.713249	43.306427
1.239809	98.614127
1.103490	23.180778
0.986170	50.361666
1.514899	122.844290
0.520240	2.708508
1.771244	23.560878
1.625604	79.106648
1.042797	27.251807
1.963644	62.596903
1.733881	4.262592
0.879198	15.210986
1.820471	6.661180
0.547331	12.779853
1.517662	25.079078
0.620796	18.872139
1.960878	53.739232
0.409369	17.479826
0.814345	18.685809
1.280364	65.970332
1.360369	51.676327
1.254723	2.845047
1.593609	74.407680
0.112506	53.171525
1.330446	31.900683
1.406413	20.825330
0.772356	36.559685
1.472186	16.282496
1.464498	12.597615
1.280403	11.964990
0.859842	19.249789
1.109794	10.765032
0.881909	23.665992
1.638475	15.269911
1.411832	28.995601
0.662175	7.055466
1.336082	37.139411
1.844878	13.794794
1.735017	45.911781
1.825914	20.438013
1.866601	2.279935
0.734052	50.893427
1.562769	34.418322
1.450167	126.893492
0.348912	20.422805
1.651370	90.903107
0.768956	25.559652
1.866603	27.177402
1.738845	20.495323
1.637212	6.017658
1.528466	61.872483
1.190668	28.998357
1.681329	13.634782
1.714121	103.275943
0.546143	17.353347
0.977096	9.022622
0.954104	16.085386
0.606223	46.969758
1.960661	44.705138
1.359822	101.606700
1.369036	7.433356
1.057509	18.981312
1.636895	27.599465
1.199021	45.598954
1.596855	12.998608
1.805248	32.871224
1.468887	44.247488
1.418561	64.911695
1.664643	26.947051
1.239949	36.024883
1.702463	24.693466
0.531445	45.026530
0.830230	2.312453
1.878632	34.238827
0.701709	43.545483
1.165077	39.395777
1.206623	10.828343
1.111248	76.823142
1.787910	16.494845
1.608175	64.495835
1.700261	19.603697
1.985814	4.690733
1.959092	7.907497
1.827328	53.261546
1.333146	8.290670
0.929339	20.618979
1.568897	27.270290
1.917989	23.699208
1.984076	143.561664
1.403842	43.914160
1.534490	30.740788
0.892340	9.681613
0.758745	2.488651
1.441942	24.651715
0.800989	46.651556
1.077352	14.530383
1.224361	19.273173
1.891512	75.666825
1.963522	3.925822
0.839120	50.795515
0.622164	2.567788
0.800534	37.508634
1.263626	9.395567
1.658541	19.089072
1.268248	35.102939
1.892212	24.861447
1.439822	8.970689
1.211014	83.433617
1.639338	16.565887
1.925082	29.340720
0.980429	10.278354
0.886157	23.981602
0.780052	26.057384
1.288573	30.445196
1.187895	4.064734
0.839310	44.707367
1.565827	18.268373
0.923238	28.890106
1.618444	9.961186
1.744422	60.074532
1.786762	48.289013
0.652493	7.405842
0.936850	7.258507
1.271481	342.258008
1.754784	16.177186
1.086112	6.393536
1.473276	6.311614
1.167319	2.081923
0.332790	31.454342
0.953617	4.817943
1.618747	4.979146
1.578820	21.694065
1.814086	74.308853
1.373620	27.927768
1.633488	43.126604
1.107665	13.174365
1.006530	7.688019
0.991000	30.048755
0.677892	13.095181
1.142007	13.598303
1.701037	42.110717
0.236591	29.059516
1.346893	67.169286
0.704980	38.201329
1.599775	15.542744
0.639559	6.770529
0.687774	18.340450
0.384617	47.296634
1.149393	23.915813
1.454916	82.773622
0.908922	20.566220
0.380081	1.126557
1.891433	2.728864
1.777961	16.985387
1.179748	1.203740
1.720344	2.239647
1.686410	190.859820
1.327184	25.418955
1.275437	57.655243
1.460092	18.519255
1.566527	29.510229
1.716541	102.552146
1.346305	59.820129
1.602900	15.171253
0.729215	49.240902
1.602711	9.812427
0.436624	6.596496
1.471176	16.987703
1.552052	49.587525
1.947350	66.763102
1.117736	28.984223
0.582654	6.602582
0.982773	7.554792
1.113798	44.354533
1.638874	16.650163
0.730362	37.659618
0.699024	24.404697
0.791527	23.800284
0.811157	12.103322
1.877348	27.757819
0.680507	12.305123
1.104356	16.817801
1.089531	10.224611
0.612672	16.173672
0.570994	14.451043
1.855187	32.743581
1.740536	8.913880
1.892359	58.831940
0.954860	11.392987
1.274965	23.391256
0.853897	7.308348
1.072064	52.804121
1.675692	21.706698
1.199956	30.487638
0.572441	5.665767
0.145179	3.530551
0.820226	1.324627
0.724659	18.703703
1.675585	5.988977
1.483365	5.500646
1.743525	61.321038
1.113144	10.767889
1.359882	13.660424
1.111009	24.785663
0.794031	7.970022
1.430186	22.508400
1.066972	55.849494
0.842929	47.598799
1.900717	40.629456
0.568307	23.628928
1.649227	94.567731
1.309226	15.111008
1.628322	49.144767
0.524854	47.311121
1.069771	40.635139
1.678567	12.364211
1.707739	28.098054
1.667680	53.363611
1.600030	4.099659
1.048452	40.138332
1.557599	31.424520
0.572070	10.385368
0.684943	4.196466
1.294931	68.226686
1.309331	38.480648
1.193220	28.471459
1.585916	26.670781
1.330445	68.802906
0.459403	26.656256
1.819627	135.006319
1.425857	76.744025
1.832571	34.850129
1.129471	16.999786
0.119304	25.442206
1.627791	18.106256
1.333710	9.516379
0.283876	13.586314
1.343512	9.904015
1.888945	24.379176
0.771746	14.494177
0.897338	25.414308
1.457841	33.664064
1.716709	8.360227
1.446251	18.052543
1.490943	13.909596
0.970160	32.172354
0.220289	17.140755
1.745928	6.954415
1.992244	27.197939
1.787138	29.427057
1.080663	15.526679
1.009858	47.044207
1.934985	109.811081
1.981093	58.081696
1.402369	26.924291
1.257038	75.855121
1.259832	21.932901
0.759168	31.044808
1.575666	34.671756
0.701465	4.712563
0.773338	17.339743
1.494617	19.375786
1.791605	24.152933
1.482314	42.797334
1.197938	23.181649
1.526151	10.285863
1.167967	7.211749
1.464836	28.743331
1.654649	1.923463
0.254104	11.006680
0.790102	63.867601
1.537933	35.921909
1.086626	47.669647
1.268479	71.056510
1.510826	1.907670
1.274992	13.077913
1.741406	90.451053
1.052416	21.058454
1.520964	63.764224
1.123221	52.507768
1.279141	7.867401
0.581951	13.334331
1.732980	34.735220
0.959374	11.792120
0.929181	35.323878
0.522057	23.360593
1.244997	49.978815
1.111839	45.378804
0.547249	16.618907
1.610953	23.852800
0.461477	29.635356
0.649555	2.436574
1.176568	19.972311
1.019148	31.511222
0.887012	118.964511
1.330611	3.087859
1.271672	25.288015
1.133875	26.371270
1.648289	23.446460
1.232712	54.541807
1.965525	70.426283
1.687399	56.990162
0.565121	12.697891
0.884448	18.867962
1.288917	14.804756
1.188876	8.025498
0.400105	6.703969
1.277419	4.669010
1.392148	0.651037
1.180579	2.549573
1.786702	2.889855
1.319709	102.267772
1.663940	22.819020
1.364618	13.935526
1.854422	13.875669
0.781544	6.782463
1.733292	16.907595
1.157426	50.569232
1.529651	127.655110
1.333847	20.465372
0.570726	20.917437
1.140193	33.608265
1.494192	10.157722
1.837231	19.215753
0.789165	17.743972
1.015122	4.894756
1.023602	22.426797
1.271781	5.099238
1.781830	46.293601
1.077629	42.961709
0.653196	8.138591
1.245237	8.824711
0.366045	34.723055
0.998284	39.166400
1.256687	20.982528
1.261828	12.886173
1.714564	39.532493
1.686340	17.625661
0.898794	19.394912
0.928920	63.441956
1.970173	4.388143
1.071421	32.493256
0.644985	6.750057
1.468908	8.778771
0.832964	19.189656
1.389221	27.379148
1.717270	9.024555
0.706465	28.569699
1.162920	31.372772
1.058270	3.874373
1.998999	8.450345
1.550744	4.699309
0.505533	12.451461
0.807063	26.285408
0.674337	15.820488
0.257570	12.652061
0.952820	35.532350
0.966589	43.982610
0.818230	6.328623
1.314527	8.456131
0.789148	73.191938
1.904858	27.058365
1.582089	53.543087
0.599142	48.364714
0.875925	62.895856
1.971426	36.698512
0.756204	11.506805
0.589227	31.371968
0.813570	37.996124
1.554085	14.563286
1.262113	43.711218
0.464820	11.721603
1.025438	21.970357
0.516577	4.488596
0.912025	64.091270
0.701261	19.008083
0.792920	17.274306
1.651305	26.612137
1.659429	10.335581
1.582020	11.436867
1.515682	36.092470
0.835799	22.642905
1.146467	24.524477
1.175587	21.325064
1.287401	49.640845
1.771475	41.559810
1.821866	18.037099
0.784877	27.263362
1.133237	36.258962
0.655685	46.106471
1.455846	65.334508
1.342706	14.201672
1.762908	60.920408
1.263631	28.794544
1.655766	15.239824
0.956410	33.729567
1.524673	232.781713
0.375555	24.130853
0.662811	50.731950
1.155884	13.292723
1.819150	91.948842
1.816360	43.376121
1.382363	18.046194
0.617669	21.959865
1.504785	65.449882
0.712643	17.384240
1.007730	11.799005
0.950147	5.173737
1.815344	41.036426
1.523650	17.072228
0.474777	7.149342
1.751381	61.423311
1.130823	88.442177
1.615786	28.525922
1.649047	6.203356
1.997847	51.971371
1.002199	23.728920
1.784069	29.945341
0.905649	57.283596
1.992725	69.179230
1.100170	27.942262
1.473742	11.323782
1.991046	87.087195
0.756629	95.459925
1.419861	18.578125
1.997351	28.989795
1.909482	68.790435
0.793215	19.132778
0.546735	10.324885
1.124255	42.936729
1.628806	39.375806
1.668904	34.784773
1.395226	15.934944
1.406313	55.945323
0.597499	7.649223
1.147184	10.979099
1.348793	30.649426
1.508723	47.452623
0.529636	20.990652
1.519278	19.037142
1.905182	9.507776
1.663603	41.885348
1.419677	84.392834
0.542874	20.076307
1.675998	20.694318
1.477883	22.913017
1.307975	6.780985
1.687907	62.289987
1.495124	38.332499
1.190094	9.511490
0.817500	24.737298
1.241933	78.641234
0.667945	15.584537
0.442953	9.287979
0.816432	20.142088
1.033717	38.137677
1.453804	42.839301
1.234519	52.973588
1.586135	27.761334
1.589652	1.443853
1.542400	23.148696
1.306165	62.353183
1.477999	13.536905
1.963308	73.594977
1.541959	23.880580
1.597207	55.079780
0.912860	21.463025
1.202523	44.831925
1.138103	38.503817
1.012442	10.093678
1.174858	12.352782
1.381251	23.048792
1.420158	27.769375
1.745484	5.155493
1.467989	14.259963
1.791753	2.693525
1.468422	11.697714
1.007123	79.219301
1.430082	4.405621
1.576901	9.608387
1.511799	73.844079
1.761489	27.774812
1.848535	48.834039
0.983684	64.649680
0.496379	12.780088
1.468120	20.165952
0.573983	12.331929
1.814586	19.499379
1.718632	25.466669
1.553591	12.906531
1.881143	96.236431
1.819603	39.885807
1.875994	14.080823
1.586587	5.129379
1.035824	20.529491
0.402733	15.480236
0.447098	25.193218
1.674149	68.420138
0.739964	29.301090
0.948389	44.000828
1.363553	57.911970
0.620255	147.696947
1.976116	22.328214
1.710849	69.829489
1.361480	19.977033
1.853082	16.701086
1.225849	6.980839
1.834939	75.337843
1.724506	24.527817
0.250102	42.565948
1.679638	51.134622
1.660088	7.685864
0.955272	85.266774
1.225058	39.881751
0.635329	29.361114
1.483295	58.614298
1.494961	40.342006
1.969839	55.345677
1.567465	7.368272
1.156456	46.389976
0.719104	16.726823
1.665860	80.944834
1.012951	10.242736
1.909106	76.379747
0.889623	23.153118
0.749627	8.528786
1.414560	12.051056
1.864422	10.809301
0.641335	14.524490
0.379956	32.987958
1.947088	49.569215
0.632233	21.221035
1.395363	31.992256
0.754212	8.356250
0.694890	32.504241
0.671908	23.958933
1.548247	71.261358
1.623145	37.224766
0.595589	32.820726
0.631906	4.985653
1.894116	96.886614
1.367643	61.714882
1.656075	79.306236
0.500745	5.039692
0.418366	6.098781
1.078660	47.970379
1.317725	13.211173
1.042102	66.807298
1.553448	22.853230
1.487626	95.087981
1.155711	27.130184
0.497713	8.735879
1.377545	1.962496
0.830147	4.283285
1.062726	52.244368
0.252194	29.633900
1.266933	27.768374
1.531774	38.301859
1.350766	31.027272
1.610959	38.797213
1.999046	22.943647
1.432607	41.285646
0.793815	41.085509
1.343035	15.684552
0.835643	13.119811
0.975736	8.177800
1.010206	51.687310
1.265261	29.481437
1.270841	12.257059
1.484394	34.779143
1.141915	55.576289
0.733092	17.118219
1.221986	45.758674
1.679226	34.322631
1.537523	137.147340
0.585437	53.875828
1.916482	39.777635
0.936672	28.114167
1.364076	30.901789
0.343384	19.658090
1.854690	13.992898
1.508683	6.808025
0.887909	40.263944
1.508325	91.645082
0.915076	60.375612
0.860579	31.361077
1.155907	5.594132
1.384287	41.839402
0.772846	27.602800
1.597849	16.304746
1.351590	19.725167
0.197483	14.611323
1.308989	70.000393
1.116417	45.668859
1.487442	39.671293
1.836252	7.902912
0.865506	4.624940
1.493896	68.515369
0.663097	28.223031
0.513934	11.827042
1.890131	25.778072
1.780716	102.056109
1.237552	97.179576
0.635596	26.523455
0.866639	31.668912
1.335738	59.177253
1.461319	30.789841
1.519213	5.734307
1.605268	43.128670
0.773792	28.578298
0.921125	9.876514
0.240021	39.185203
0.482950	12.332140
0.942586	7.295270
0.729496	27.639623
1.224309	27.705220
1.759550	59.372721
1.567817	22.015685
1.615510	38.123014
1.384567	16.431848
1.533941	34.203876
0.718588	8.780694
1.313577	33.433789
1.340512	21.342221
1.426868	99.765461
1.653006	22.799011
1.909550	39.607787
1.550876	135.740079
1.875410	15.677681
1.309797	84.202467
0.909825	19.671556
1.471281	20.974780
1.968992	30.110890
1.547856	74.647596
1.949715	78.187697
0.298476	18.418088
0.858273	238.248751
0.883836	69.819214
1.125357	31.919915
0.337916	20.580646
1.862241	17.357227
1.543902	41.908197
0.509662	25.118785
0.708459	4.172024
1.388806	40.372441
1.853151	37.760520
0.519122	25.034398
1.135221	62.024903
0.755889	4.379295
0.719230	44.133337
1.578508	9.950936
1.725295	96.027570
1.873157	30.785389
1.509302	26.432586
0.459250	15.781123
1.018071	14.863332
1.147710	25.965531
0.887631	19.638681
1.294854	11.068070
0.814122	15.081566
1.838845	26.150928
0.646366	28.052502
1.124223	3.054879
0.606734	24.427905
1.019924	13.776715
1.212709	66.885962
1.315710	68.767314
0.977776	49.712004
1.699384	104.335388
1.258450	18.855968
1.987639	61.719930
0.603832	31.116769
0.725294	18.050051
1.687373	58.899515
1.316256	28.424611
1.022689	53.074664
1.100472	33.796616
1.330404	37.882944
0.514411	31.678220
1.631494	17.759579
1.159154	38.563014
1.103623	126.486137
1.643746	61.640475
1.338433	24.796756
1.614860	13.733318
1.885052	17.954992
1.912484	15.899227
1.129107	15.009748
0.470411	5.482899
0.239080	13.124854
1.541133	38.109401
0.503364	91.439745
1.069437	14.861254
1.476851	79.399403
1.997364	4.582765
0.797330	24.332220
0.217645	20.043662
0.379620	7.318710
0.797753	2.311959
1.988598	23.749031
0.491528	20.365373
1.607463	4.878742
0.659571	19.072853
0.762734	27.674925
0.514798	21.441398
0.806213	3.381726
0.585995	23.392140
0.271044	89.749107
1.682554	32.999780
0.738314	21.713920
0.592927	19.401429
0.881499	20.444115
1.614286	19.355273
0.800370	3.262535
1.297883	23.250362
0.786628	53.654846
1.064657	23.868219
1.267271	13.518221
1.620413	187.047605
0.897240	1.780516
1.155143	45.346977
1.448004	15.320470
0.886554	24.073060
0.791967	18.207935
1.338010	35.437207
1.922985	73.166654
1.855640	29.690122
1.384729	203.107731
1.118059	37.249023
1.333412	20.894903
1.687680	57.061258
0.532311	7.053053
1.655912	21.530988
1.470520	27.578654
0.876229	23.037972
1.802159	26.711134
0.499098	14.139285
1.869256	221.984199
1.065939	10.402051
1.700432	5.340608
0.668720	6.235274
1.335965	32.065993
0.349148	46.827637
0.892347	23.033231
1.730171	69.050779
1.167019	6.144599
1.472729	47.010287
1.695683	49.797624
1.280664	23.801391
1.363136	34.479304
1.633339	74.057574
0.597023	40.962080
0.476172	17.222526
1.416772	28.284363
1.959487	18.105346
1.450744	7.964953
1.540933	2.918472
1.471312	37.304780
1.392653	95.279001
0.751501	39.341360
1.746567	25.549410
1.349156	41.044839
1.964827	25.299750
0.469176	13.665627
0.924758	21.790131
0.548273	3.156012
1.775847	28.029786
1.712029	8.374634
1.643539	39.868041
1.501256	26.773400
0.565467	9.595861
1.093597	35.276699
1.540049	6.883997
1.023966	11.531929
1.560075	42.656024
0.903342	13.812769
1.300310	14.417471
1.014107	2.550735
1.873721	35.754902
1.148971	13.086004
0.905450	12.434661
0.433095	35.889019
0.650415	17.398002
1.332066	6.825236
1.535000	42.072055
1.926151	87.203490
1.379441	72.969627
1.504488	46.166033
1.413630	10.386882
1.843649	46.314684
0.931184	14.794247
1.388975	60.359247
1.934849	37.711528
0.194214	20.960426
0.879462	54.910866
1.621875	79.578111
1.190420	6.227256
0.696254	150.428365
1.342083	28.775886
1.257936	8.056300
1.166666	37.317278
0.994011	25.457310
0.418774	3.652787
1.390316	5.433495
1.261195	5.821783
1.362444	6.421690
0.131950	8.885620
0.506360	18.268007
0.694920	44.233438
1.158101	23.940930
1.696723	6.813760
0.836970	22.065479
1.697400	55.276734
0.818684	3.975557
1.607126	67.538834
1.799334	50.691687
1.709867	13.410894
1.591020	31.771411
0.369035	20.465842
0.975658	16.570801
0.749460	15.439783
1.197428	95.367414
1.013723	10.885147
1.410645	45.605960
1.333310	238.025016
1.131510	14.453026
1.634960	4.303546
0.254864	3.587236
1.786120	29.939911
0.141185	12.868643
1.163496	26.463212
1.810459	69.339215
1.111978	4.445188
1.617157	24.881945
1.088975	40.925055
1.763060	30.958887
1.998743	18.360619
1.837057	66.459737
0.429117	17.757574
0.656159	24.166845
1.297809	65.473042
1.937773	8.231273
1.094171	23.719765
0.889546	107.777334
1.943210	5.719688
1.546469	13.073760
1.639554	27.909090
0.575080	19.256565
0.865359	22.016330
1.240866	16.678832
1.588085	60.871085
1.002735	23.271334
0.763655	24.972782
1.141053	27.484012
1.121559	196.601034
1.797363	150.079362
1.893215	16.264022
0.697095	50.960485
0.893607	39.174381
1.663282	33.577734
0.835599	20.181015
0.868860	31.589496
1.498320	9.893137
1.251620	7.066631
1.538693	126.268234
0.479062	12.718661
1.241731	11.395745
1.492650	85.905945
1.197161	19.311173
0.613195	16.338575
0.626226	23.315693
1.366365	5.412875
0.647509	44.975223
0.933332	13.866576
1.147140	35.180955
1.374262	87.371157
0.869980	9.204767
1.092524	72.566683
1.034843	7.377149
0.542713	9.791694
1.690383	15.321449
1.597064	75.382307
1.660391	105.134811
0.654254	23.068685
1.261626	36.675260
0.975828	69.096578
1.004640	27.090393
0.459710	20.201266
1.912484	35.335460
1.902677	19.119187
1.097216	37.400961
1.768498	143.221826
0.975588	24.376161
1.323910	37.956491
1.600418	16.419240
1.269846	11.066981
0.687309	28.387952
1.052224	19.357851
1.622965	46.346612
1.655416	17.626093
0.987958	7.583735
1.295756	25.654338
0.768821	57.710156
0.845922	45.621135
0.649092	3.060442
1.142214	50.659989
1.563149	29.396635
1.807078	8.341506
1.302037	103.937359
1.461597	49.879578
0.872513	9.603374
0.759635	37.666658
1.077904	56.399756
1.323156	74.548230
0.349622	14.137691
0.530453	19.530779
1.429932	58.881039
0.754600	24.245312
1.165519	78.776959
1.897598	28.431584
1.781207	64.531051
0.453520	7.066025
0.438381	9.099783
0.649994	71.419146
0.587982	4.519501
0.850571	45.592417
1.041431	11.239691
0.507039	9.601667
1.176301	7.692331
1.279911	9.814412
1.475854	46.887921
1.094194	41.769083
0.920541	17.894961
1.448404	10.916442
1.857407	38.321948
1.079111	61.040685
0.916530	6.246624
1.559892	15.495016
1.804088	15.769891
1.934878	21.624182
0.792160	9.716563
0.931723	41.142481
1.848982	34.799484
0.877812	10.564716
1.000080	43.124384
1.442867	23.285400
1.336865	7.307963
1.804991	11.077715
1.401796	43.109854
1.218834	28.858276
0.482845	20.738557
1.959426	17.501673
1.118548	23.718450
1.343463	42.190703
1.238483	25.223879
1.590391	21.685134
1.453277	7.503939
0.995470	14.190190
1.265346	11.788439
1.724594	109.081506
1.433928	14.741864
1.926505	5.927775
1.614544	175.730300
1.213313	6.233771
1.695362	30.247457
1.148667	33.317772
0.779755	27.238529
1.428353	35.059424
1.013106	24.963795
0.310816	5.384937
0.781341	25.576512
0.693714	18.011829
1.676776	24.394630
1.573429	27.811221
1.405773	32.199345
1.894115	68.645866
0.714987	66.782583
0.686103	9.012141
1.854069	65.565710
1.453929	9.212961
1.321212	51.449197
1.593301	142.063572
0.897207	6.542225
1.376591	25.015659
1.125509	13.240740
0.938521	8.428352
1.802584	32.139669
0.681100	3.526808
0.273827	16.964439
1.021253	17.176617
0.752940	38.636606
1.701523	12.738949
0.610628	10.307787
1.899150	105.391906
0.694609	4.593864
1.822859	51.333501
0.696245	18.316137
0.403398	14.981726
1.217290	15.175866
1.016979	3.603766
1.380975	65.721163
1.444741	25.084828
1.894194	11.941990
1.923504	7.329800
1.227949	52.458388
0.771621	21.362427
0.839403	63.576137
0.549077	12.600739
0.894235	41.270256
1.857709	39.335416
1.029828	39.919179
1.428073	32.174337
1.969490	35.822311
0.565793	6.864726
1.647068	30.824147
1.532822	18.934445
1.713827	7.584213
0.633172	1.624214
1.238113	36.996148
1.431763	58.371366
1.623845	47.315371
1.552246	9.486671
1.341067	13.894705
1.189296	22.183077
1.905895	16.766401
0.721963	32.770096
0.763784	36.247473
0.575849	22.021668
0.579513	86.040218
1.798173	20.019701
1.393883	48.073694
1.895328	32.821623
1.819104	17.575358
0.928059	47.527732
1.445632	29.493557
1.052846	32.661506
1.802372	21.798542
1.584787	16.218092
0.603732	12.861115
0.849674	14.777052
1.469862	26.728372
0.837461	6.988241
1.286182	15.719917
0.834233	29.723503
1.507119	9.405617
0.485787	9.304590
1.565166	36.974394
0.986527	36.042182
1.165764	90.642396
1.210898	18.459693
0.745520	15.513169
1.906604	25.608430
0.051518	19.594830
1.042487	48.367464
0.614740	10.671412
1.022535	45.999119
0.559230	13.761219
1.051715	5.030719
0.744599	70.988302
1.315542	30.672221
0.235198	11.203390
1.244556	16.121169
0.899008	29.776369
0.961801	26.159679
1.014338	30.519112
1.462619	22.325508
1.620341	44.072707
0.974945	10.390353
1.879262	14.472211
1.602884	6.313410
1.090367	18.659118
0.544499	1.270109
1.325282	19.725963
1.404645	29.718057
0.631352	38.514186
1.764765	62.772860
1.055921	21.979586
0.664516	13.954947
1.266591	194.669902
1.118129	60.303723
1.446882	39.442361
0.704368	51.408944
0.289915	11.743648
1.200239	22.475416
0.674214	11.064085
0.672714	72.797080
1.500239	34.131631
0.858967	9.244327
1.746124	16.791746
1.257444	62.248083
1.396196	6.624439
0.960917	11.069774
0.798652	15.810573
0.677738	29.019219
1.543911	21.696700
1.517000	35.840633
1.224512	38.689770
1.656096	29.173383
1.688593	32.421732
1.148651	11.421425
1.460285	65.535411
1.858843	63.539083
0.503114	24.172643
0.236457	12.465825
1.195589	13.153106
0.978178	21.700750
0.517567	31.332668
0.659242	19.205687
0.856816	9.775727
0.548356	16.119322
0.957995	4.387010
0.623911	14.569658
1.420893	13.507450
1.528225	62.302808
1.647238	35.646942
1.792364	29.868705
0.143664	17.251721
0.711721	10.218035
1.707094	62.512837
0.336617	6.921795
1.481593	19.925513
0.720021	13.027952
1.245048	17.095278
1.938907	53.261549
1.456625	50.980587
1.035459	4.846534
1.516812	20.601258
0.177399	26.502583
1.919947	5.055322
0.998267	51.126151
1.967663	46.621322
1.497981	28.322356
0.906560	21.121297
1.406877	3.579339
1.054100	10.771556
1.447834	27.427829
1.670354	40.892075
1.191740	21.054166
0.795653	13.012463
1.969830	18.593006
1.103825	37.694979
0.711700	27.766758
1.592274	30.610602
1.466434	7.447045
1.710071	20.069754
0.115524	52.530286
1.002781	15.969874
0.950697	44.117739
1.877430	22.594635
1.006479	11.213430
1.276050	63.007920
0.150470	13.312880
1.697104	52.931468
0.582492	3.072821
1.812002	38.821260
1.586081	11.231696
1.319413	7.065254
1.607192	75.421930
1.673759	9.042972
1.611209	24.880175
1.474811	97.575211
1.809431	16.307704
1.119622	27.705683
1.333938	42.091999
1.950306	120.504861
1.041710	5.667909
1.609962	83.948711
1.071913	29.545587
1.190802	10.050825
0.984351	26.462531
0.665941	22.766611
1.954863	104.232318
1.156392	38.275650
0.893365	26.391435
1.453027	22.202628
0.575520	20.294738
1.300115	71.658438
1.345746	8.669811
0.748432	31.969154
1.934577	56.342741
1.376285	52.788644
0.796537	33.519527
1.736007	20.255185
0.938626	122.716720
1.578242	6.651232
1.426368	3.352879
0.679160	15.794843
0.536348	14.521950
1.395351	8.409106
1.485863	18.565274
0.620184	5.788353
0.704648	7.351826
0.410682	18.854127
0.627525	35.464948
1.366480	25.985764
0.757028	11.575671
0.908711	41.199229
1.317720	30.460217
1.106108	28.462299
1.754224	3.101729
1.341207	27.381893
0.622341	11.257275
1.060385	4.750306
0.858954	17.722838
0.859327	28.137495
0.855070	6.610669
1.112558	16.908449
0.622341	28.444997
0.848149	21.544566
1.535485	33.234300
1.726757	16.637102
0.247892	8.159125
0.508382	12.327533
1.769457	7.214924
0.782378	14.013394
0.946913	13.969640
0.986653	32.341082
1.786301	26.882574
0.685240	83.138449
1.703841	33.993065
1.187079	34.198007
1.658927	37.535703
1.515388	19.123632
1.581543	13.453233
0.582192	23.082627
0.941436	261.304831
0.804544	25.607231
0.609076	8.620766
1.442529	93.270482
1.525989	58.285843
0.642195	67.993975
1.636627	28.415417
0.905699	3.027024
1.048760	63.764475
1.989002	41.642166
0.741089	18.851889
0.591839	36.149174
0.875337	12.090851
1.890094	52.160121
0.596145	6.397779
1.407883	59.629604
1.674052	5.913545
1.875101	36.200052
1.202592	95.027850
1.172042	27.167620
1.727014	52.558391
0.748218	48.593433
1.178764	18.097813
1.440293	29.180774
1.533426	52.525217
0.577623	7.166297
1.788305	21.598245
1.712608	13.263488
0.954741	5.214151
1.200118	8.967893
1.059954	21.879446
1.969255	52.218110
1.360412	54.578578
0.878604	9.302275
1.602446	138.048597
1.717827	14.081604
1.572547	18.031861
0.508551	46.772093
0.907192	9.112129
1.026454	11.266451
0.786342	17.971784
1.207561	19.568971
0.958665	10.192443
0.361322	38.486892
1.461619	66.799179
1.139256	22.221404
0.326052	43.834824
1.891835	5.044734
1.460108	17.619288
0.482840	42.728407
1.823076	24.840303
1.116336	34.337959
0.826222	50.357837
0.396714	6.666720
1.600745	24.822470
1.950210	14.595721
0.728625	19.775360
1.110329	132.378899
0.822598	27.448323
1.343300	57.246576
1.794752	35.817526
0.619410	31.059154
0.924313	23.294798
0.688980	15.534496
0.807199	27.102094
0.617759	39.988135
1.435678	57.815868
0.387823	17.566831
1.576844	17.151018
0.643534	6.034413
0.872271	13.910660
0.999581	30.634529
1.055341	20.013745
0.705049	34.907596
1.218734	27.388803
1.831509	62.854117
1.173601	44.027533
0.324887	10.374032
1.027958	18.148113
1.089304	31.014806
0.899969	41.515773
0.920669	4.975888
0.753896	28.510478
1.929857	30.793716
1.279345	4.583534
1.290231	65.528432
1.123543	9.547217
1.409333	42.321954
1.119993	11.178622
1.516753	62.367813
0.520648	30.920501
0.333078	40.329639
1.328381	20.609107
1.584553	12.764958
1.486926	38.248805
1.082412	5.155940
0.145613	60.401717
0.597830	3.419081
1.072259	16.317434
1.479974	28.131126
0.946702	17.036173
1.282552	27.002372
0.710047	43.755045
0.698553	32.408434
1.597650	16.048261
1.142930	9.174518
1.917603	6.951394
0.776367	13.695846
1.157081	6.179137
0.734198	41.661102
0.854200	7.418381
1.443756	48.956401
1.854932	129.149828
0.614515	28.956286
0.617018	12.666886
1.923098	15.121222
1.587842	17.897916
0.947954	22.053492
1.095101	41.476400
1.667664	59.306241
1.531519	45.981432
1.398329	39.895244
1.784496	37.776795
0.947288	4.534990
0.776285	21.540349
1.099457	27.814468
0.197571	5.418384
1.246330	9.800144
1.030809	23.251566
0.622054	3.584852
1.801293	10.559801
0.745589	94.896029
1.542233	38.290374
1.541871	87.936808
0.384528	14.032060
1.126636	37.847276
1.200109	53.055872
1.711494	57.249423
1.420519	45.454499
0.452384	7.261573
1.158601	64.696073
0.928612	16.074828
0.701233	9.495881
0.887889	29.169093
1.746485	2.548770
1.413911	7.327103
1.138432	14.280955
1.564055	26.913240
1.948438	75.955196
1.882715	8.578785
0.542190	11.414751
0.979035	40.424709
0.948443	63.176224
1.315634	20.477010
0.526221	19.523504
1.874067	64.884939
1.657952	17.044989
0.602163	39.880363
0.851340	68.338139
0.645481	21.792697
1.202029	28.418567
1.824214	60.221437
1.450559	87.102726
1.392401	40.280648
0.484345	40.273736
1.849666	50.555960
0.895695	19.190925
1.839955	39.390235
1.166526	25.639861
1.278356	19.924248
1.391618	23.001298
0.908462	9.795994
1.739274	4.428756
1.932544	77.544021
0.900220	14.643087
0.048984	8.177476
1.273641	21.707039
1.373568	26.658695
0.452884	66.095967
1.492722	46.340026
0.914289	27.965534
1.933054	104.888413
1.656257	65.449761
0.479052	33.249013
1.926153	47.625278
0.804663	121.347690
1.682068	48.549899
1.448554	61.756719
1.289545	214.996276
1.891460	67.454236
1.392919	56.839305
1.775169	2.895860
1.727153	47.485724
1.491647	36.023630
1.221059	17.670770
0.545354	27.300109
0.667792	35.889953
1.284351	72.385918
0.978919	41.486026
0.770140	81.436129
1.946607	63.952403
1.774995	101.916040
1.130645	28.003523
1.794429	47.317698
0.440705	48.431971
0.547949	29.371958
1.916006	8.294843
1.516505	13.518351
1.630256	28.879158
1.735160	39.174514
0.421012	17.805982
1.560040	6.974818
1.017653	19.395271
1.712229	33.653732
1.065578	13.703939
1.635270	12.737059
1.841777	29.774873
0.990136	190.509816
1.189592	13.551547
1.291218	19.197754
1.515073	58.238523
1.752493	39.920577
0.774726	19.859260
1.912167	74.915045
1.662607	69.921482
0.638136	103.136133
0.984678	98.266936
0.846397	2.023296
0.677848	16.755691
1.450718	32.703065
0.459676	45.332751
1.382364	16.779521
1.727175	46.781749
1.025609	49.463059
1.220022	47.604989
0.647712	3.801541
1.563938	45.954803
1.853536	83.690474
1.582542	31.066829
0.602657	19.469100
0.999864	17.314098
0.705579	12.627018
1.368497	50.524794
1.567090	22.409611
1.959890	10.274642
1.239810	14.247459
1.439614	55.647286
0.565415	5.118780
0.670321	2.287403
0.812483	2.974079
0.424585	9.164690
1.097001	12.755046
1.921055	104.158148
1.462913	20.485313
1.139355	22.281853
1.226310	5.703132
0.652821	29.532383
0.541910	14.218517
0.859404	14.624898
0.937750	18.273221
0.602338	10.725184
1.520409	25.595038
1.876380	19.431406
0.707861	32.969436
1.743250	88.270921
0.924498	19.800961
1.394439	154.931214
0.521884	19.096952
0.825695	6.469681
0.675971	28.745276
0.682320	13.594198
1.892738	46.523374
1.028646	47.498929
0.748672	41.406868
0.701901	14.128561
1.492774	122.588860
1.561048	84.455090
1.967082	26.908243
1.422953	36.429540
1.173722	23.286106
0.799239	40.010126
0.372437	19.661546
1.809583	5.664437
1.667599	61.689720
1.678765	6.533371
0.962750	25.160935
1.018890	13.814012
1.659656	49.003348
1.514659	55.345584
1.457979	33.597880
1.316893	35.723708
1.035679	59.546296
1.595364	19.036968
1.024070	37.152225
1.585468	54.070845
0.738189	50.927576
1.370017	19.904546
1.018469	47.159363
1.728508	13.386810
1.263338	26.905702
1.419883	48.139325
0.507862	13.891218
1.228343	19.759618
1.655216	17.001826
1.777134	15.136913
1.565082	38.528255
1.112855	18.104022
0.856777	16.030313
1.067830	4.283086
1.327152	34.508682
0.180130	12.704591
1.858689	85.019689
0.997121	12.493614
1.679744	22.832244
1.286832	40.366808
1.476739	64.866435
1.622956	67.034847
0.907478	48.117868
1.393228	62.278010
1.611064	6.274116
1.640301	17.283719
1.108941	5.317975
1.576141	44.566623
0.930309	23.142414
0.605456	25.212845
0.580082	4.719367
1.243966	45.609414
1.058750	21.981861
0.813799	16.751726
1.070949	52.673133
1.102599	10.124381
1.315227	1.993628
0.435941	8.680685
1.852391	62.431616
1.041639	8.277210
1.407044	27.576797
0.937597	37.952161
1.626259	112.847490
1.173557	16.905074
0.962339	0.826227
1.941325	30.316151
1.785258	5.011544
0.719209	27.727290
1.534246	25.560715
1.615111	38.649657
0.353695	7.560915
1.936747	16.717718
0.814712	148.413707
1.852948	45.380741
1.464631	45.331550
1.253523	17.854922
1.662997	10.359686
1.495908	31.398002
1.593836	56.158306
1.773898	54.643344
1.192319	29.314204
1.123734	42.317829
1.839394	24.118705
1.681347	22.761006
0.281591	16.233816
1.464256	41.530105
1.845896	24.964606
1.508700	18.891091
1.315030	32.744939
0.710747	55.964692
1.920074	50.076723
1.423356	51.832608
0.552276	24.054606
1.883476	3.683502
1.260224	54.108706
0.674267	25.218131
0.803442	31.066687
1.947775	53.015032
1.140263	25.117761
1.114530	18.970639
1.214777	16.258167
1.534066	16.518226
1.030479	72.523384
1.116612	29.541618
1.602705	19.803257
1.177318	5.257655
1.553658	17.478913
1.938764	8.338650
1.939259	37.150140
1.155940	63.147027
0.816888	48.158134
0.846175	41.328909
1.714106	3.409103
0.498519	9.938388
0.376502	9.509323
1.505460	37.241950
1.855696	18.255087
0.810926	23.671940
0.425373	21.351171
1.832329	31.746624
1.013522	4.641684
1.309502	39.254069
1.740342	2.449639
0.844079	11.520821
1.386005	55.027426
1.986162	12.527160
1.595439	57.563794
1.080414	8.187784
1.635883	24.292844
0.295259	8.547127
0.783604	3.643792
1.600528	4.831066
0.864811	20.673283
0.609494	32.949647
0.916313	31.407753
0.701981	23.757634
1.116008	39.791484
0.606058	55.609737
1.742592	14.182920
1.654065	24.076047
0.938521	51.380104
1.265173	22.028961
1.769438	45.171598
1.885666	21.134935
0.527915	11.156917
1.566362	101.661411
0.629562	6.698856
0.285958	8.758840
0.496445	23.651589
1.348365	22.702422
1.049254	36.997014
0.593079	21.553628
1.197037	8.932346
1.247739	94.508431
1.665371	32.980329
1.478937	21.021131
1.184488	7.970692
0.966397	59.777904
0.123147	5.581880
1.733850	48.001550
0.872786	33.871892
0.779808	31.049821
1.585314	7.904552
0.476444	28.435959
0.865455	9.408258
1.137879	40.443208
1.147749	33.572891
0.675509	30.559766
0.375404	6.028876
1.191346	40.021487
1.018692	113.021776
0.902446	21.266603
0.878878	20.662085
1.241690	144.991264
0.294697	9.716760
0.564261	10.274154
0.967781	65.635508
1.205263	18.725410
1.524035	45.368095
0.915991	18.307735
1.483986	14.205298
1.064748	6.080438
1.646068	15.331529
1.206468	45.930936
1.297117	51.922785
1.137897	28.177439
0.624109	52.170177
0.701657	24.606471
1.085249	47.234768
0.546963	14.272099
0.639509	2.417018
1.419467	27.192096
1.433609	170.304589
0.612371	23.523453
1.767550	11.970952
1.772064	39.549771
1.053296	13.966295
1.232409	8.308225
1.686992	21.490053
1.627822	70.855869
1.026940	10.569109
0.954819	19.005003
1.479952	36.644916
1.028142	48.309535
1.517481	21.080096
0.617105	34.402570
1.491444	20.335827
1.661942	20.065495
1.847000	33.949578
1.169773	50.726886
1.325228	25.787290
0.909120	37.097545
0.660716	63.631758
0.705407	36.783274
1.753218	46.087262
1.297242	15.493849
1.048007	20.560055
1.783301	7.760970
0.582085	51.252560
1.375621	43.622957
1.670492	23.068517
0.606883	21.898759
0.597251	5.969226
0.348846	1.142838
1.906285	10.805468
1.521570	13.889955
0.475856	28.568304
1.490277	22.975633
0.933084	3.514409
0.571835	33.610789
1.987318	8.489026
0.718363	14.818741
1.682393	78.695024
1.810548	14.485669
1.280660	55.190385
1.961005	48.323836
0.595738	6.993315
1.936596	17.359320
0.473656	10.161887
1.201555	30.551401
1.769426	60.191989
1.314660	48.641330
1.359623	40.383981
0.681739	4.060829
1.974524	187.290602
0.811488	22.010684
1.775490	95.007490
1.929663	41.239577
0.895732	3.365552
1.579153	33.906804
0.500261	24.368509
1.595644	58.855559
1.212036	27.216773
0.591422	20.878023
1.831313	23.170387
1.501636	61.452423
0.696660	14.269092
1.284350	46.957186
0.968845	24.275688
1.549138	23.807356
1.425011	20.827961
0.736547	19.464555
0.830549	20.551320
1.540102	35.837440
1.496110	34.819876
0.947022	62.081466
1.202906	6.083880
1.186334	10.105306
0.605842	36.602713
1.415486	34.391738
0.868512	45.355631
1.175362	45.902288
0.476756	11.672496
1.405057	71.425953
1.745521	28.704947
1.339027	133.918056
1.379449	26.297811
1.493339	15.854301
0.749137	29.355623
0.468342	41.780928
1.767831	65.198241
1.756368	57.043474
1.301953	29.061607
0.750487	28.998827
1.711066	45.688747
0.792336	51.044683
1.778578	36.738801
1.120755	50.518262
0.434594	5.912409
1.710497	23.530216
1.325708	17.804090
0.956839	4.741319
1.164876	80.559648
1.818061	6.753646
0.761628	2.785093
0.558857	66.294755
1.661400	13.772041
1.416418	24.283029
1.792681	77.547253
0.948894	15.426046
1.326636	26.757932
0.383913	8.466979
1.756476	21.888438
0.739599	7.773352
0.583946	10.981577
1.212358	69.175522
1.600884	5.702093
0.773605	26.639585
0.815583	25.480082
0.952407	13.739088
1.701620	23.693926
1.604573	3.321335
0.877585	16.433002
0.852808	15.244089
1.849891	25.587689
1.406208	26.622988
0.800710	36.104145
0.639909	42.432627
0.460728	12.973756
0.837833	30.270752
1.563368	20.416250
1.040793	25.200710
1.943286	40.912062
0.966271	19.410769
0.660121	23.918932
0.712094	5.272993
1.218197	75.849817
1.899101	18.125919
1.840185	36.068087
0.724863	1.702916
1.615360	92.974969
1.612174	4.538228
0.690240	21.057743
0.924290	10.180410
0.488587	20.062454
0.485358	26.801848
1.148538	20.887849
1.211568	10.528767
0.346229	3.096544
1.945224	12.891515
1.214989	43.237733
1.666050	7.699599
1.436125	85.371167
1.412891	3.703039
0.932308	35.575447
1.819491	17.677637
0.926797	51.684303
1.921567	19.603471
0.372744	13.698237
0.584128	6.732472
1.573206	47.031220
1.397113	17.932573
1.558907	21.753999
1.446074	34.216965
1.276010	11.391943
0.339633	19.940096
1.698277	51.390450
1.250598	11.083839
0.563634	13.988820
0.742022	74.562487
1.476462	19.023185
0.491237	21.904061
1.791921	69.299091
1.670469	66.729388
0.937466	46.072423
1.813849	57.713304
1.816457	37.759195
1.742806	12.649726
0.939624	12.063706
1.467303	16.880158
1.162602	3.032398
1.293388	60.987606
1.099313	17.467393
0.157290	8.119946
0.219838	27.199255
1.643222	38.591798
1.913358	269.575799
0.808831	9.792376
1.301474	33.850712
0.937014	271.565751
1.201862	7.651667
0.591903	33.887568
1.571460	43.555200
1.259699	39.974409
0.941349	43.246302
1.478798	44.376329
1.252232	78.319786
1.091049	29.540879
1.284927	16.225965
1.925043	72.567238
0.469743	23.419731
1.877654	51.381187
0.609973	17.384337
0.767468	41.550384
1.966148	63.611975
1.700015	4.108365
1.009689	22.396426
1.091720	0.922086
0.925785	19.875409
0.801043	14.706974
0.445028	6.221828
0.350066	35.617798
1.237840	16.398268
1.280329	17.922657
1.626087	12.728271
0.537953	8.563237
1.257404	5.726999
1.878419	46.757775
1.765750	11.981573
1.286971	13.892443
0.625688	3.232200
0.671919	40.038888
1.201552	123.250995
1.409979	18.934718
1.965235	6.237981
1.732694	45.897709
1.106449	18.588453
1.007262	23.428176
0.246062	28.395093
0.199936	35.400998
1.197206	43.415058
0.469761	13.318846
0.672540	36.950956
1.968088	5.767058
1.559177	2.822998
1.163850	26.925727
1.773862	28.228108
0.713663	20.779238
1.068085	15.426025
0.918675	12.851088
1.992600	19.964084
1.841482	67.758835
1.274343	37.880807
1.121167	54.551649
1.996915	18.583681
0.767394	16.632050
1.096557	45.985955
1.550948	78.037955
1.539036	28.637535
1.345935	26.523669
1.922176	5.038951
0.838546	20.914566
1.337594	47.672900
1.700678	101.151646
0.813822	51.483923
1.794521	24.696033
1.442370	22.589610
1.055369	108.982361
1.455126	5.252958
1.884140	70.076937
1.980740	84.195239
0.896815	82.651591
1.854054	211.878296
0.369584	17.430785
0.195657	12.956369
1.386592	16.768600
1.208006	54.469765
1.189319	16.061036
0.816617	45.916440
1.380419	50.135031
0.268232	12.483796
1.135992	4.027663
1.033462	144.495974
0.743070	22.087623
1.251488	14.393593
1.518691	61.715830
1.704500	15.321079
1.178901	17.880439
0.826715	22.303785
0.773837	26.767531
1.353273	23.876208
1.067986	124.627072
0.955554	36.000385
1.269714	16.804623
1.319462	12.241810
0.816203	39.440078
1.051091	1.874969
1.544839	20.905482
1.065130	5.764642
1.151554	14.312513
1.443710	10.991071
0.738894	12.701587
1.787731	10.129401
0.988728	46.619586
1.514794	73.389252
0.922682	13.305743
1.455797	78.877904
0.890047	13.964552
1.605625	99.006269
0.561373	15.581735
0.939351	6.241740
1.335927	19.312700
1.433531	10.442423
0.635275	11.386915
0.958723	9.104785
0.554100	35.195716
1.737407	60.842947
1.973409	5.929997
0.900720	6.223716
1.210206	62.726905
1.245196	24.185523
0.688570	18.409396
1.484832	30.475051
1.260487	32.175598
1.256122	40.208027
0.437990	3.780791
0.499051	36.659996
1.942103	56.637597
1.902695	7.682143
0.275806	11.483454
1.295732	30.073835
0.456903	9.203293
1.674151	13.815120
0.407873	8.461971
1.308895	14.309051
1.412829	28.299283
0.540234	36.610717
1.375830	22.706111
1.905835	38.503465
0.543375	71.113774
1.510322	43.728935
0.879919	21.344881
0.883856	6.966677
1.301184	23.835739
1.883792	58.150183
0.810785	6.548325
1.989131	66.179992
0.528828	13.534015
1.903442	40.754545
0.273576	14.169252
0.684094	13.331450
1.961625	16.801394
0.871335	10.334364
0.193951	13.255040
1.816284	15.235638
1.861798	29.865705
1.600127	36.090279
1.902447	6.391924
0.870584	15.274502
1.451566	39.877221
1.597009	22.921582
1.957127	30.473137
1.836822	29.332484
0.439478	15.228740
0.989755	17.183364
1.406661	60.887935
1.769984	44.656811
0.893882	22.266136
0.203103	26.433905
0.731712	38.867742
1.123141	77.131325
0.445849	55.601071
0.383573	30.146480
1.086970	15.099030
1.455399	48.190251
1.549051	4.805107
1.284343	46.065874
1.139113	25.156386
0.279363	11.115131
0.865406	10.453696
1.488212	34.123093
1.159786	15.854249
0.867985	35.191117
0.808501	4.146573
0.270161	41.854634
1.723095	7.587843
1.805300	8.580148
1.031493	45.140579
1.535173	11.775824
0.457236	12.905219
1.822035	6.283651
1.850438	63.571971
0.673501	18.790385
1.655026	7.566998
1.195415	1.953396
1.504867	24.470317
1.197578	25.723424
0.495686	3.373474
1.746205	54.273184
0.514304	13.229676
1.022890	40.023755
1.977140	21.669217
1.125183	30.790134
1.715750	62.165858
0.697307	10.765011
1.730802	59.670195
1.177344	18.211970
1.250273	46.510638
1.949135	26.445081
1.817964	27.926977
1.003500	25.151185
1.918198	68.673521
0.557273	44.512129
0.317150	27.822832
1.284099	3.840488
1.638737	63.851777
0.793568	17.081406
0.500050	7.302737
1.754665	84.017312
1.977721	11.000676
1.524767	31.230247
1.959810	8.831009
1.734829	28.923045
0.847231	44.567568
0.572872	41.903592
1.698292	73.985004
1.472875	27.241800
1.704377	140.090120
1.560868	53.609331
1.243154	32.157745
1.904473	50.604963
1.613961	15.646765
0.207413	6.941585
1.539675	90.689390
1.301207	7.732840
0.635547	23.771107
1.137983	36.197831
1.271491	40.525744
1.188225	96.888700
1.136849	26.575471
1.430547	40.350176
1.471384	28.415960
1.529578	4.982120
1.625897	40.573267
1.735559	45.074449
1.345821	28.762182
0.480019	4.913736
1.030076	39.364350
0.154451	14.390079
1.377071	8.149306
1.959473	61.794450
1.726208	65.985281
1.214875	27.273332
1.545581	6.700722
1.596298	82.713902
1.376520	15.820021
1.817095	33.907688
0.962412	59.775402
1.493452	5.027589
0.456312	46.912213
0.635444	19.058649
1.900695	11.555052
1.299619	12.168622
1.615208	21.512395
1.791618	54.650511
1.893805	10.995036
0.524553	9.754105
1.536026	31.851539
1.428555	46.817773
1.384392	10.426740
0.650366	2.515082
1.643746	26.780785
0.952385	19.070139
0.795801	22.775590
1.544196	22.077453
0.783635	19.779600
1.233563	39.286362
0.955500	27.584161
1.720653	25.346472
1.926162	30.451370
1.722411	35.157380
1.079711	16.926689
0.685305	4.238396
1.530845	12.705698
1.845568	15.428989
1.086738	13.166760
0.377843	16.378730
0.605645	24.715909
1.057829	10.039814
1.234374	16.063364
0.911831	10.541946
1.216766	8.706697
1.933269	18.676813
0.491321	17.381758
1.689998	9.362190
1.168485	11.693250
1.464067	12.421636
1.950295	10.310857
1.174850	55.536218
0.540175	21.276601
1.727483	21.148434
0.868976	1.389358
1.847958	23.608019
0.504401	53.905185
0.805990	11.076382
1.948191	71.622227
1.808757	75.662167
0.789817	4.266453
1.648722	66.139286
0.515734	6.793136
0.675522	26.731943
0.722903	15.311916
0.386686	13.652747
1.212405	64.433690
1.070135	11.547909
1.368730	38.724349
1.516387	10.182482
1.377268	70.000783
0.891915	11.486167
0.506239	10.071783
1.581421	12.238637
0.941986	0.654217
0.839040	11.538491
1.519062	20.347318
1.148193	20.427620
0.764111	6.265514
1.633648	34.084268
1.694394	9.930907
1.976048	26.676590
1.187523	48.623842
0.362152	28.028527
1.261195	9.319357
0.302866	17.033650
1.915281	27.231861
0.708682	23.883275
1.879904	19.637871
1.919180	20.929888
1.647188	30.120484
0.518337	57.991016
1.322347	5.822743
1.013684	3.676269
1.715631	25.920427
0.930818	4.326735
1.162347	4.066730
1.345114	46.556802
0.356784	3.249317
1.397386	35.085090
0.997981	14.873687
1.278947	4.622981
0.606690	25.918843
0.984648	2.178758
1.357155	22.832839
1.341978	9.346560
0.675737	61.122486
1.106951	51.127398
1.264541	37.265147
0.502517	20.660207
1.383257	51.613261
0.812526	7.855833
1.871671	3.766186
0.875395	19.721897
1.665318	89.580609
1.357692	47.811259
1.511339	55.140471
1.842519	36.028346
1.758236	20.918311
0.613040	22.599732
1.893182	15.478784
0.636334	27.875186
0.953683	7.404616
1.269949	31.028835
1.892553	5.742666
1.424600	33.921561
1.800458	23.623028
1.905904	44.455163
1.606282	19.486834
1.208398	53.047764
1.066079	43.396549
0.886437	51.554322
1.245295	25.286054
0.403731	58.709709
0.806278	11.761093
1.020046	14.078842
1.766870	33.035030
1.047690	78.209855
0.826083	8.949987
1.658203	39.839460
1.908202	75.489296
1.646165	24.754773
0.608745	21.266737
0.959997	36.398378
1.388487	25.131805
0.748544	12.079583
1.438579	25.793673
0.820027	56.421204
1.299081	10.436177
1.543430	17.948841
1.664483	50.390019
1.685481	65.418923
1.646123	26.445445
0.633030	12.215022
1.982606	17.817345
1.642164	12.467356
0.559671	9.527184
1.529639	42.285466
1.190547	16.113242
1.127128	36.226845
1.498279	17.841032
0.695307	15.396219
1.999068	59.460019
1.301718	32.442239
1.376221	106.108173
1.122920	74.444297
1.392988	32.901647
1.479460	11.777570
0.999920	32.532851
1.178654	5.301384
0.853593	6.996856
1.641859	60.172338
1.589498	12.641980
1.701377	46.029324
1.537534	32.528163
0.286329	9.935186
0.739533	22.599111
1.067001	32.546812
0.816824	13.137715
1.282700	28.643175
1.836784	23.342229
1.590521	65.270820
0.872051	35.251594
1.080765	86.995312
0.416858	20.169919
0.184975	14.223220
1.122830	22.870442
1.575268	74.032433
1.778411	8.684070
1.132452	18.835595
0.719068	53.705190
0.863360	54.581450
1.153632	11.979791
1.457951	77.336946
1.299259	19.625397
1.747092	82.230558
0.277491	11.004979
1.987166	65.984058
1.885959	37.632641
0.658971	21.209540
0.404179	11.986769
1.410428	34.512424
1.565434	126.681568
1.198460	36.790195
0.891574	13.636633
1.442409	34.111048
1.437471	133.256433
0.656314	14.979003
1.683840	29.331721
1.607834	15.003188
0.511947	22.765102
1.179222	52.535727
1.074380	20.145275
1.179236	10.337766
1.177463	51.350066
1.271312	7.815846
0.889815	51.861839
1.189997	7.134749
0.548594	37.026753
0.712274	65.400556
0.520188	8.777144
0.730242	67.203234
0.162035	3.984182
0.366674	14.500132
1.679480	18.847421
0.754266	49.072270
1.265267	27.236701
1.038796	55.374984
0.973871	27.972931
1.772648	45.993425
1.214866	7.403710
1.260522	5.049591
1.174174	7.496492
0.876054	61.110217
1.508204	14.146753
0.400788	23.831141
0.896880	23.652459
1.475735	34.758061
0.349025	29.942543
0.314882	6.977340
1.042514	26.664771
0.846083	39.797138
1.534727	46.180411
1.617570	42.780911
0.360444	11.013075
1.139902	31.979043
1.908291	21.969788
0.948178	39.789602
0.750281	58.367448
1.267216	12.634960
1.161836	28.293494
0.791032	19.613104
0.803856	35.903234
1.513374	84.607027
0.964136	23.380593
1.977252	34.387112
0.910578	17.529205
1.306779	69.312201
0.480563	16.715075
1.293301	19.964279
1.176435	36.056312
1.005975	41.496683
1.129645	43.363192
0.715668	10.543170
1.715657	72.996214
1.874184	51.963022
1.742272	299.001944
1.692083	29.833936
1.307515	32.199058
0.981205	34.623848
0.703144	38.498860
1.714912	95.625487
0.387682	14.929522
0.720507	35.878725
1.087145	20.684994
0.745973	19.339864
1.358931	57.997341
1.569594	7.522689
1.854080	141.195601
0.774822	30.651647
0.893807	50.106462
1.558406	94.712763
0.786645	8.261597
1.059617	27.893171
1.613814	49.480022
1.047281	26.083949
0.652182	11.727358
0.876925	36.330827
0.501554	8.854136
1.494626	2.566101
0.396088	2.721347
1.345654	51.677078
1.919230	55.839589
1.776957	21.926653
0.480054	25.367181
1.555027	48.857438
1.518447	51.840705
0.924600	25.154616
0.571811	14.168211
1.767945	48.958077
1.316314	47.023284
1.530906	7.172816
1.172214	8.516743
0.796078	25.096602
0.861630	28.286764
1.287354	4.226143
0.817449	36.834622
1.082461	40.602694
0.484106	11.432351
1.992668	48.967702
1.408982	46.311361
0.651654	29.069139
0.618144	121.634954
1.210461	40.256084
0.310344	22.477534
1.102895	9.546431
1.911010	22.581136
1.720471	29.231380
1.887156	35.400954
0.575941	33.379664
1.039481	22.098433
1.317343	18.480714
1.563726	55.027049
1.072912	28.471688
0.957788	13.447297
0.935436	6.476017
1.668514	28.969945
1.056528	94.943064
0.264395	8.967166
1.639220	104.303901
0.682433	71.477059
1.426125	43.187111
0.332127	1.261618
1.064495	5.611059
1.169395	108.858274
1.956284	21.445676
0.520540	28.039082
1.610868	9.697674
1.942844	57.220013
0.889326	36.632767
0.801890	12.091393
1.922463	71.003633
1.219850	31.503245
1.719284	13.595588
1.676416	48.047883
0.969053	64.556292
0.732676	29.620971
1.537620	42.266445
1.237400	82.036699
1.221257	91.818024
1.304277	3.367972
0.314618	45.515076
0.171505	23.162328
0.950034	2.167156
0.965358	198.380594
1.561414	72.908520
0.968517	14.931913
1.021955	18.768100
1.309242	22.971358
1.371726	40.890498
0.980641	27.185649
1.321961	5.732529
1.410670	7.462858
0.863141	50.876097
0.819537	21.440043
1.824704	5.302463
1.454765	59.297489
0.945137	16.422586
1.311059	28.052990
1.544398	44.614556
0.299688	8.649549
1.871076	12.609679
1.559157	116.259382
1.072603	40.590389
1.890822	22.794872
0.429428	25.673799
1.614903	11.869038
1.274646	43.213398
1.480620	37.568902
1.192632	5.208437
0.654062	25.641618
0.862379	36.567942
1.180095	50.521018
1.869504	25.278327
0.467002	17.197880
0.561030	1.378374
0.665200	75.000643
1.431941	15.382626
1.032479	16.924829
0.658174	21.415784
0.600390	35.074443
1.494613	97.645966
1.179414	13.258818
1.797032	3.838961
1.090655	45.987669
1.467123	30.987666
1.678272	41.384436
1.925045	10.474231
1.791634	49.546955
1.646959	18.357779
1.104193	22.330484
1.972021	86.354119
0.868985	54.781585
1.475406	11.721331
0.619237	33.895515
1.392997	24.729706
1.518136	15.029603
0.525918	17.724652
0.918998	46.201901
1.445939	19.324989
1.387362	40.664451
1.485728	22.287562
0.605846	8.644540
1.258293	45.201366
1.883417	18.978749
1.925193	34.180305
0.610835	16.613812
1.830929	23.345077
1.349252	36.448718
1.612990	28.123375
0.661026	10.896529
1.590241	53.295725
0.474836	9.706287
1.433275	4.615041
1.485515	14.489794
1.480534	63.938396
0.438225	1.985005
1.060186	16.318199
1.600101	8.171173
1.679760	20.157534
1.108187	45.677619
0.683780	29.618171
1.234628	26.649619
1.458958	12.112370
1.871978	29.076402
1.505352	22.879578
1.719396	42.726162
0.869032	25.870539
1.735698	34.687739
1.401978	20.993407
1.308414	87.189823
0.872582	14.244741
0.762974	4.554861
1.300814	42.969663
1.826282	17.095347
0.818898	45.038733
0.892282	49.966084
1.915818	57.163702
0.319129	6.362080
1.213611	9.261023
1.278337	6.023815
1.496951	50.103034
0.744796	21.632296
1.341730	27.621163
0.572141	2.251997
0.872824	30.762189
0.256821	9.700658
1.165597	1.799025
0.709252	19.169682
0.541941	7.472332
0.998052	43.279889
0.497177	12.059871
1.480058	22.845451
0.757453	24.095015
1.548702	31.866753
1.745920	77.417045
1.595423	19.684555
1.628041	77.247070
1.449276	77.333125
1.047992	23.488168
1.004714	33.922676
1.338060	12.427231
0.840739	27.895701
0.998585	26.681036
0.670414	58.728766
1.654311	31.932057
1.586858	111.240683
1.240315	40.750732
1.037559	6.107319
1.528301	99.185336
0.511560	16.456012
0.402748	29.613402
1.532937	5.393086
1.310010	21.399487
1.583258	45.958675
0.893743	28.324905
0.569429	46.470684
1.130156	12.573970
1.125195	39.512381
1.622280	36.988118
0.600767	20.492077
1.912865	41.817991
0.429899	2.862594
0.948136	29.167586
1.537792	98.321511
1.559506	35.721797
1.335260	35.512236
0.474466	10.819218
1.771497	24.790612
1.435822	13.357590
1.621937	28.827488
1.063330	21.549731
0.832718	8.191584
1.563464	19.801875
1.708412	34.178804
1.703812	65.011965
1.559076	43.977966
0.636910	23.908445
0.795073	45.031656
1.236108	132.478685
1.246425	38.744502
1.218321	52.955255
1.724596	11.962563
0.607896	33.544702
1.672803	30.134046
0.298167	33.746483
0.964382	22.280905
0.749437	4.798194
1.275178	25.254649
1.271082	43.641829
1.245222	20.890854
0.908968	6.693117
1.267967	24.874084
1.541954	50.696602
1.074934	24.602519
1.885061	14.300158
0.467422	10.727061
1.978994	4.742362
1.625820	93.191832
1.374057	47.543304
0.761970	36.664391
1.424781	5.891965
1.687814	23.439581
0.850282	3.231694
0.374558	36.660136
1.149518	72.539601
0.934417	23.184298
0.904584	32.124506
1.570556	35.215684
0.655702	108.480312
1.459954	22.106398
0.446220	5.518691
1.871164	56.621838
1.363525	5.699092
1.888783	41.676162
1.789417	9.388106
1.792468	49.646234
0.595477	10.654623
1.527115	24.481747
1.085096	28.730474
1.174177	66.853258
0.892954	13.687866
0.638776	9.166623
0.937463	29.987077
1.309212	39.382615
1.099833	11.518317
1.539123	19.783658
1.744643	46.542162
0.775310	2.648405
0.430815	21.781452
1.985076	33.239803
1.812493	11.095117
0.869659	49.909585
0.684963	17.311431
1.920809	24.155587
0.813781	6.144391
0.795250	33.582771
0.573007	19.285752
0.907463	8.914223
1.747699	68.380624
1.339377	12.867034
0.530162	18.832165
1.947135	14.688582
1.294304	17.158010
1.110001	27.589657
1.660570	19.379018
1.325296	7.137566
1.833085	27.529365
1.536813	41.173507
1.485761	31.460505
0.987695	82.459800
1.983404	87.094539
1.461427	4.999868
1.148197	25.293940
0.654630	43.887134
1.318298	44.915845
1.482799	7.113494
1.040499	3.253616
0.456143	21.278925
1.682194	53.044579
1.464491	23.173486
1.510168	47.142701
0.835598	6.309685
0.619419	13.214624
1.163590	47.153518
0.829130	22.515229
1.655587	7.424315
1.283089	2.262385
0.622284	163.969930
0.748989	28.251479
1.819084	44.063456
1.431192	3.660194
1.085344	5.162027
1.564490	55.752987
1.698217	37.767518
0.583499	7.444633
1.749205	37.208865
1.913617	12.932879
0.525205	17.529272
0.965979	27.986529
0.695383	4.067105
1.130143	33.298038
0.792113	11.843044
1.026387	46.782222
0.830294	4.288829
0.151538	2.343887
0.280502	18.785761
1.257690	76.147695
1.255717	24.939272
0.359786	35.819822
1.532483	6.146844
0.320418	24.854509
1.215378	53.115663
1.077148	26.607946
1.813048	28.089025
1.349233	25.611298
1.719028	35.919607
1.997281	124.981244
0.713639	20.253274
0.450674	3.763342
1.645697	44.200608
1.431159	20.518815
1.434952	15.091672
0.953471	41.944550
0.555663	32.805692
1.565141	3.706748
1.300008	23.424001
1.237692	35.692606
1.587386	107.264457
1.981456	28.950030
1.593803	27.263885
1.894528	29.455568
1.082244	6.535634
1.836721	35.835854
1.574383	15.973446
1.040825	14.149706
1.248778	88.185081
0.760244	9.096731
0.502818	17.488465
1.186692	24.668935
1.988938	64.402813
1.793429	48.315756
0.266247	24.870280
1.951050	46.579017
1.188951	60.357708
0.716523	8.209688
1.863237	7.591707
1.879044	73.208045
1.756851	17.009747
1.415822	38.296312
0.820997	11.535636
0.828567	18.588795
1.944175	9.892097
0.892473	85.901038
1.118816	45.065981
1.612853	18.900955
1.720682	15.732692
1.101906	33.356987
1.077789	75.089935
1.017947	29.453707
1.066634	8.105916
1.621150	25.713513
0.448249	1.396590
1.684869	60.926762
0.782679	101.037478
0.682700	6.640648
0.597749	27.637464
0.819234	4.420006
1.736670	18.584835
1.292034	2.224441
0.876100	24.707669
0.729813	27.636214
1.638191	18.319736
1.243660	44.817899
0.596657	3.477598
1.046294	33.262387
1.152860	99.867103
1.013195	35.654840
0.869770	22.136300
0.973889	20.908863
1.591904	19.004537
1.924031	54.846249
0.315534	20.733124
1.424054	64.331464
0.479623	24.286192
0.759835	33.469636
1.301595	72.516919
1.675341	76.313283
1.138666	3.894385
1.807523	29.280522
1.556953	3.221032
0.744347	27.451158
1.512631	22.650180
0.956888	74.134245
1.633896	17.026214
0.810577	64.148408
0.648446	7.750013
1.440315	2.899624
1.408890	38.616572
1.344846	24.420066
0.832410	16.984145
0.766762	8.625885
1.859375	80.967420
1.284130	11.077245
1.094496	121.062983
1.714474	55.712588
0.412989	17.178234
1.497355	35.136744
0.654448	8.505699
0.802737	13.887170
1.442871	51.152608
0.893932	47.724404
1.651105	6.141370
1.263166	14.113958
0.964232	44.567689
1.784363	23.646896
1.427054	10.819775
1.116946	10.645979
1.165609	12.521011
0.875442	53.225681
0.569846	23.143850
0.931415	16.172262
0.868301	11.594751
0.984456	20.149572
1.189295	46.889592
0.451522	31.715819
0.564066	60.567503
1.577524	15.399219
0.725018	10.433684
0.989632	56.715532
1.439124	6.542117
1.962528	34.143106
0.624318	22.921746
1.619730	252.264471
1.222424	4.756097
0.534590	16.182430
0.697424	38.863899
1.524667	42.311376
1.807507	20.415881
0.236417	14.604815
0.796922	2.191075
1.019473	4.394913
1.981753	6.584667
1.461839	44.866586
1.023934	87.873772
0.758945	15.340136
0.803865	43.976789
0.408641	29.406047
1.991293	112.451667
1.971099	143.020467
0.229423	21.016520
0.879163	59.065788
0.288203	14.999818
0.930047	7.343301
1.841721	72.808317
1.800181	24.304502
1.510737	7.285190
1.979061	25.019333
1.602543	79.167759
0.829353	12.965638
1.738327	75.146114
1.247292	34.747952
1.241374	94.486234
1.735216	63.851329
1.286631	74.715889
0.971074	48.355632
1.885226	43.298056
0.481800	45.185143
1.470158	42.989415
1.662381	38.406794
0.414513	14.471243
0.817146	25.558838
0.797638	43.429518
1.822879	38.146371
1.459026	33.780113
0.786473	13.423458
1.855172	15.213290
0.833276	3.638275
1.476486	55.627867
1.164112	50.144720
0.544033	33.722756
1.613490	31.531982
0.971744	10.054249
1.022671	106.912908
0.782227	48.074708
1.691160	38.731525
0.679837	7.086772
0.788741	32.932268
1.094719	3.894662
0.657317	202.715415
0.579814	9.812670
1.267801	62.698859
1.924855	44.414458
1.687347	31.015232
0.713079	11.366300
1.365768	8.218026
1.674784	40.369306
0.649352	22.907148
0.504339	53.822515
1.825757	28.238408
0.835590	36.046370
1.232285	25.899180
0.771762	5.224096
0.402430	19.927866
1.255164	24.283681
1.137913	15.009116
1.573081	26.867840
1.773136	95.237562
0.642496	26.911602
0.702587	47.374056
1.919553	11.570300
1.111904	49.882366
1.923485	43.915699
0.988772	31.767513
1.003386	8.123959
1.543762	41.147840
0.542459	20.763112
1.104314	24.218256
1.054459	9.601962
0.356858	6.891613
0.947623	47.795665
1.082206	151.151382
0.436165	52.951509
0.286544	33.647395
1.383989	12.776780
0.766504	39.699572
1.026664	4.199866
0.499424	12.015401
0.551967	17.052012
0.668686	7.387881
0.333652	109.878155
1.627332	19.864800
1.849447	59.846739
1.268474	51.326033
1.709816	59.149368
0.629761	30.673644
1.159364	133.631145
0.645336	4.114912
1.992313	13.949517
0.436597	18.866475
1.151393	22.826923
0.578548	28.595170
0.467977	25.829528
1.585887	5.909000
0.499605	15.459101
0.306360	27.020876
1.918582	50.140216
0.727594	14.169611
1.753008	33.741477
1.923926	26.769850
1.611559	39.773494
0.558908	7.073871
0.700316	6.358361
0.716937	18.737244
1.464439	58.797408
0.717759	18.789196
0.334383	29.602212
1.173350	32.352518
1.367965	39.936084
1.176130	7.062009
1.219233	27.464440
1.170739	13.531329
0.870188	28.116709
1.928602	82.893850
1.743182	5.061814
0.964028	21.276807
0.373717	11.849182
1.774041	133.760822
1.596827	19.703044
0.502581	7.456520
1.530310	64.238504
1.164398	37.219861
0.618666	7.488690
1.570416	41.060498
1.015935	20.279290
1.856210	57.478161
0.385607	6.152927
1.898891	3.796747
0.520052	12.442137
0.360094	16.082059
1.357152	80.024385
1.399876	22.036733
0.751552	2.737761
1.802078	36.580205
1.687727	79.011179
0.898704	34.458694
1.150004	53.657737
1.659151	6.818288
1.735887	96.756639
1.678922	122.823419
0.874354	46.211010
1.631784	25.743950
1.432660	18.456858
1.274569	29.973879
1.940963	101.322825
1.381267	18.780073
1.790761	75.947602
1.612112	63.596711
0.393471	32.051645
0.872697	1.903792
1.397803	20.255239
1.142779	35.560453
1.927958	28.665393
1.359857	16.793186
1.885765	29.145008
0.766595	4.963238
1.836220	10.306434
1.290798	21.279424
0.781343	12.940197
1.069487	17.192618
1.949416	62.631616
1.934360	36.686667
0.296335	11.717270
0.939227	44.728033
1.838697	80.687916
0.345285	24.212393
1.930273	12.731543
1.066028	39.619682
0.584379	5.520784
0.929080	15.524520
1.697127	59.277927
1.997454	117.944763
0.626062	8.177684
1.440041	8.377953
1.879766	33.493389
1.839290	56.309278
1.058901	36.851995
1.786141	16.309873
0.740350	17.301375
1.431944	25.221139
1.381219	25.994446
1.658495	23.233710
0.807763	32.425024
1.427077	12.080933
1.399680	53.495813
0.510383	29.963012
0.976356	84.147761
0.769400	20.960919
1.999334	20.041725
1.984681	25.028513
0.848218	12.621918
1.697676	27.637033
1.709866	31.336276
1.896622	58.436417
0.616125	26.525060
1.484809	25.261051
0.766589	5.012769
1.469982	19.379319
1.796127	11.074248
0.502568	15.771362
1.439194	52.851316
1.291488	44.587483
0.710185	7.045868
0.822678	20.830351
1.266029	5.900453
1.777919	13.890333
1.496139	13.362453
0.323034	36.007963
0.609672	21.120962
1.812518	374.614837
1.462487	11.365981
0.274850	19.799989
1.378465	45.569953
0.696633	4.635659
1.871226	17.057650
0.601394	46.062059
0.491134	4.045880
1.450827	94.636621
1.673537	48.025799
0.884180	44.220616
0.929401	7.423942
1.017637	25.138509
1.632528	167.156733
0.864397	16.411088
0.520492	23.849816
0.942072	18.037441
1.944909	8.853694
1.137090	17.862785
1.324744	26.529876
1.627209	38.061051
1.322590	15.149540
1.468772	43.533001
1.808897	37.832164
1.042818	32.135416
0.576782	36.474182
0.536315	17.864685
1.658133	53.889229
1.465900	25.233021
1.334397	23.550161
1.887218	44.406775
1.424091	32.205621
0.402516	52.528354
1.188522	46.358179
0.782800	3.161528
1.415847	33.472866
0.733087	14.851938
1.451096	16.153130
1.813563	33.863204
0.491655	23.769272
0.859311	1.667456
1.493618	16.683356
1.550117	27.778111
1.364578	6.246952
0.637217	23.948634
0.831448	42.352372
1.851332	24.002220
1.714120	46.845442
1.919184	32.119442
1.098374	12.343309
1.144692	25.829906
0.859126	52.800465
1.272031	24.326987
1.730471	3.663558
0.840110	53.474185
0.640439	62.529055
1.609377	41.013483
1.523393	17.752232
1.729499	100.494353
1.610902	15.407561
1.113956	25.357268
0.673408	8.333496
1.555085	105.177737
1.805852	132.167110
0.665398	15.797763
1.263293	20.598174
0.973600	5.989160
1.264481	33.033447
0.340232	100.356586
1.012525	20.403384
1.211872	56.657985
0.661478	24.498378
1.095950	6.174310
0.711003	13.699022
0.784171	22.998879
1.963692	24.032593
1.386879	36.039367
1.068237	53.322426
1.267184	19.773496
1.058450	15.895545
1.386920	10.204285
0.074655	16.528770
0.820189	51.880363
1.981948	45.946615
0.578764	27.298352
0.496407	8.455845
1.225241	71.113994
0.912267	7.660891
1.285809	27.687408
1.936365	13.528276
0.609611	53.221047
1.145318	21.796673
1.621917	13.091293
0.681257	8.684047
1.551452	32.933469
1.084799	44.685254
1.415112	16.113472
1.273642	79.015932
1.161294	13.825124
1.204095	25.165304
0.654092	76.494301
1.136554	26.351931
1.613225	29.370226
1.834474	82.103630
1.423856	52.566002
1.726548	10.086533
1.246737	28.622853
0.785075	0.599551
1.569265	43.284374
1.536059	18.801518
0.195623	3.919281
1.204779	33.861732
1.897959	29.899016
1.974541	20.829857
1.170884	6.490549
1.566012	7.402917
0.272401	23.046589
0.874627	23.606873
1.565978	28.568851
1.463030	3.671115
1.474320	37.786145
1.528032	29.250327
1.129219	17.759292
1.899795	22.153297
1.032232	20.768734
1.843031	38.521839
0.443259	65.119401
1.760369	97.657294
0.932553	20.843464
1.473117	1.438901
0.426665	16.882483
0.499390	14.008588
0.433032	6.202918
1.212879	30.783944
1.109227	117.934534
0.958115	30.270979
1.154356	21.347579
0.949171	44.003097
1.795045	1.753056
1.328941	26.309961
0.943765	4.417831
1.167519	89.185097
1.788291	23.274582
1.098445	20.192263
1.125925	17.620003
0.987617	31.541745
0.861828	22.440471
1.193177	62.789429
1.588312	35.106735
1.035077	16.712150
0.803885	1.249010
1.473475	37.628317
1.697736	65.795364
0.295437	21.309348
1.432382	22.406836
1.841203	16.707885
0.521147	22.547149
1.838576	86.526109
0.591028	3.676156
1.994832	2.786107
1.252991	37.657008
1.578347	24.026139
0.450763	33.649512
0.555740	4.132342
1.940509	36.213757
1.981328	54.760233
0.889705	46.638600
0.994286	24.085411
0.219848	20.512977
1.928795	101.923395
1.867610	39.969893
0.586968	8.651458
1.030542	5.403533
1.945910	14.006076
0.608786	34.512189
1.798554	6.281163
0.758966	10.962412
0.467019	19.134109
0.643645	11.806829
1.548094	49.126270
0.633452	8.380681
0.153697	34.556956
1.647548	15.308253
1.466764	28.491194
1.805463	278.923024
1.351043	10.370335
0.395192	7.050998
0.294274	25.829587
1.662187	4.486573
1.823905	43.163765
1.685068	4.618397
1.044485	40.500947
1.476561	46.945843
0.493357	50.865482
1.560670	2.791769
0.843374	61.357575
1.894078	76.431453
0.987635	46.551902
0.990136	24.463975
0.904875	84.065790
1.434011	6.653081
0.542234	44.078600
0.421905	11.221530
1.527478	3.789497
1.912121	23.408309
1.599089	96.158708
0.843834	9.296497
1.026016	14.018455
0.762031	16.128010
1.509464	54.659172
0.822315	60.582337
1.341563	28.431955
1.745319	18.823406
1.259933	71.897328
1.374513	31.377480
1.948295	32.631372
0.958193	12.558594
1.680682	51.778199
1.513528	36.189354
0.580641	34.331295
1.983305	18.934751
1.517673	22.063098
0.249140	7.023556
1.566858	31.480919
0.626237	33.634842
0.916323	20.753921
1.004445	109.530541
0.943030	15.422305
1.600182	3.662225
1.613515	35.600366
1.277894	7.871072
1.335203	2.959863
0.949217	69.546287
0.302605	13.644445
1.009697	27.384713
0.215235	9.493485
1.784607	76.272127
1.444821	19.541711
1.966295	17.297443
0.724113	114.275225
1.470231	95.354981
0.733519	117.863148
1.442151	13.057768
1.223174	3.453916
1.480458	38.188369
1.571329	62.062141
1.269498	57.599300
1.226121	9.425768
0.470956	7.902296
1.028490	1.925389
0.930400	27.061438
1.422211	38.141196
0.887768	36.297327
0.813655	1.702092
1.759581	42.390836
1.728311	1.379131
0.973102	10.394273
0.514252	3.351481
1.231853	6.700792
1.162348	44.426564
1.792481	9.594746
1.305362	37.454154
1.907583	23.169225
1.210552	19.576868
1.484354	27.803140
1.205103	18.042112
0.961251	26.556788
0.323066	47.243862
1.674430	19.553274
1.844688	21.093752
1.583792	27.652549
0.881764	39.353920
1.710621	40.696167
1.403303	18.092432
1.507739	13.293586
0.461060	3.645648
1.357209	39.697065
1.326481	5.001602
1.475962	115.861862
1.641372	20.823887
1.091587	49.098531
0.669761	26.878984
1.877478	47.590627
1.648881	42.660118
1.295598	5.328689
1.014100	12.139576
1.973913	49.987106
0.533827	6.867086
1.894568	52.247641
1.090841	20.174110
0.542112	11.351907
1.052437	38.381522
1.608051	4.733875
1.122281	32.045644
1.225049	17.535120
1.720625	11.075379
1.407255	28.354400
1.485532	36.399132
0.667838	19.746497
0.848257	35.521484
1.101705	11.642808
0.572984	15.949770
0.892971	5.854055
1.736085	25.983715
0.297155	14.282738
0.413488	10.922908
1.513883	28.749750
1.063193	49.210013
1.643497	30.810448
1.890154	75.124645
0.872355	3.702086
0.363390	2.144094
1.169383	29.615351
1.941991	59.348064
1.303121	19.655543
1.049764	10.387059
1.312895	1.449436
0.690364	26.674383
1.610608	54.397694
1.504019	8.760989
1.569526	130.260662
0.930949	51.510493
1.705342	270.360908
1.828719	13.327777
1.928019	52.183735
1.441506	68.879299
1.004134	9.412468
1.065294	5.784726
1.333140	40.653863
1.347742	41.017992
1.673019	32.617170
0.512213	30.567771
1.334572	28.499326
1.004744	7.092700
1.736792	44.585914
1.010245	8.768248
1.187277	33.356344
0.805408	33.682245
0.920276	14.441370
1.318255	15.692669
1.124006	20.862964
0.758619	21.772532
1.196362	1.577408
0.690320	7.411449
1.811058	10.279953
1.878005	17.332843
0.803258	42.379107
0.418050	8.610338
1.882504	21.438056
0.946557	23.469787
0.733584	24.321914
1.870259	82.725808
1.812466	49.359233
0.420820	29.434658
0.769784	21.198267
1.703885	19.446254
0.873140	21.982782
1.486070	14.779417
0.375122	7.685978
1.748672	68.366657
1.118408	6.897560
1.190636	12.604629
1.697286	38.511130
1.166748	5.678188
0.559635	29.220905
1.241964	2.261926
1.170631	20.193727
1.160503	13.147497
0.742511	39.889716
0.687665	4.637332
1.650862	29.005585
1.412683	23.832184
0.186194	1.838803
1.738867	26.586006
0.599094	170.477810
1.589961	15.324170
0.540254	10.785085
1.953529	54.104908
1.840548	30.459217
0.724301	2.996284
0.206535	8.092807
0.441288	2.879409
1.698015	44.778559
0.490610	14.131292
1.651280	41.506102
1.714999	5.958762
0.938420	46.383566
1.586100	61.201448
1.715770	36.636760
1.655056	104.946837
0.740306	61.072509
1.159383	61.793146
0.466776	10.225831
1.273208	25.227264
1.148869	21.220197
1.843868	9.403647
0.274973	16.921724
1.280532	105.492137
1.581854	18.971305
1.181463	47.588962
0.823600	39.403120
1.398818	454.776247
1.979001	30.237311
0.378686	5.546459
0.748595	17.554206
1.221417	3.674875
1.380624	6.469016
1.420085	53.997484
0.442995	13.484379
0.602501	11.362999
1.910635	32.167521
0.486695	1.300315
1.113674	5.788246
1.350404	56.799025
0.950105	9.628753
0.853732	30.106035
0.911246	5.002491
0.898757	3.653545
1.052780	35.112280
0.587248	39.367791
1.767106	9.835353
1.622816	35.641126
0.351849	9.707488
1.625632	2.100713
1.727702	41.883012
1.874546	73.566006
1.403430	16.207941
1.766025	26.978786
1.622360	26.898908
0.313468	25.956454
1.701517	45.056742
1.355994	78.579204
1.459393	14.667586
1.816074	66.050553
0.223471	27.841051
0.568492	20.298038
1.345269	36.007759
1.099240	9.328145
1.112043	35.677735
0.946959	122.514861
1.713061	29.890717
0.558315	49.929597
1.284593	35.684581
1.172837	27.560315
1.311867	10.163239
0.412251	6.753047
1.494017	21.840313
0.246301	11.029513
1.276943	35.332463
0.870313	7.318797
0.948320	4.222228
1.591050	28.955517
1.977021	46.874592
1.198572	11.493349
1.487673	14.687553
0.841439	16.181011
1.315869	9.596562
0.549786	6.256370
1.761988	16.460136
1.169077	35.458970
1.024940	12.892624
1.255438	38.461796
1.860173	16.020541
1.648701	57.970996
0.665233	1.406838
1.635857	39.313924
1.073535	56.370883
1.076844	34.348889
1.620397	47.201990
1.175037	11.428463
0.478747	35.971011
0.838549	9.311454
1.831281	24.221961
1.372231	2.631924
1.780599	14.626948
0.935576	15.343316
1.516738	8.980127
1.662164	23.522366
0.724061	18.758630
0.303189	30.198409
1.435364	29.273515
1.349857	9.062840
0.374321	37.006015
1.100993	4.539241
1.329853	28.003547
0.777758	27.232729
0.541418	19.653628
1.686611	18.808053
1.879307	18.318631
1.156675	33.774288
0.626407	27.439367
1.116997	23.255161
0.892999	10.469001
1.221260	22.903139
0.211834	16.358773
1.787995	67.718119
0.436507	3.571503
1.130008	14.740359
1.475174	4.541251
1.460273	52.876151
0.924308	5.493171
1.234813	72.285376
1.230831	62.145720
0.620623	69.000116
1.041965	82.696610
0.594431	13.778625
0.433343	45.563924
0.428787	4.705788
1.137764	19.347742
1.577788	30.183347
1.974847	23.854714
1.341444	38.559081
0.926153	22.396719
0.768795	14.526890
1.525533	39.514289
0.416272	43.903614
0.864914	13.851834
1.516129	52.574340
1.152945	73.110805
1.235771	18.207708
1.960162	29.187737
1.091568	29.475172
1.376958	7.379565
1.997734	75.676028
1.512868	6.509929
1.257026	5.275154
0.965686	52.618998
1.961737	125.777901
0.917166	25.350543
0.586675	11.201272
1.880637	11.207550
0.957861	5.136884
1.367685	54.893988
1.452461	22.757715
0.862572	7.870578
1.120203	15.746075
0.670784	41.278764
1.815468	33.995271
1.361209	14.101660
1.824446	34.712763
0.856177	26.577781
1.434725	4.331649
0.788274	12.293767
0.909346	9.180924
1.024447	9.907906
1.309062	136.768489
1.318502	89.354498
0.756468	20.659919
0.396935	10.595462
1.642081	46.710040
1.274295	20.583281
0.948645	32.477888
0.419501	21.283325
0.560763	29.273789
1.120466	13.370494
1.211282	41.600976
1.049806	18.078079
1.334449	33.614505
1.706176	15.072230
1.499047	7.819882
1.788087	53.482906
1.407685	115.850129
0.561798	19.916139
0.659604	26.165139
1.069931	29.822498
0.900873	39.333211
1.461910	43.938867
1.422586	11.479286
1.179421	23.606252
1.449082	17.474562
1.857359	50.331520
1.223073	13.990866
1.002710	27.581222
1.199904	37.453103
0.649703	27.881139
0.543472	12.265209
1.100603	44.010153
1.876736	7.735546
1.781676	81.391968
1.500763	32.774639
1.561665	10.013389
1.778017	66.169839
1.864116	92.423638
1.472628	54.061516
1.062906	105.308186
0.654567	4.821048
0.192122	21.895044
1.455472	142.911622
1.081142	43.311698
0.498411	1.230974
0.892233	68.611769
1.188645	39.244935
1.659572	63.986252
0.951120	23.063505
1.467862	24.526657
0.386659	20.507338
1.939025	49.278633
1.954024	2.775584
1.277671	4.074081
1.469822	39.485834
1.630647	12.790579
1.951921	23.925685
1.301919	64.982567
1.616679	61.366556
0.741792	42.595732
0.667887	20.517552
1.552074	55.908273
1.877585	4.485912
1.336099	12.505089
1.286875	16.576648
1.341307	26.737070
1.807626	12.970880
1.684696	23.710725
1.687183	20.069676
0.565247	61.267149
1.623330	15.002248
1.636311	90.750121
0.622536	37.493066
1.192779	21.060221
0.544675	32.221818
1.079924	75.961929
1.445167	45.472767
0.788877	14.731436
0.622598	13.706175
1.441125	14.171819
1.725695	26.768780
0.668414	2.794756
1.846436	26.763849
1.588975	55.079921
1.500418	23.415624
0.598178	3.718044
1.886814	40.401621
1.195748	7.257560
1.288510	7.656824
1.254303	33.180674
1.281763	38.265396
1.719714	18.744871
0.546937	18.873743
1.211234	13.400954
1.404877	34.825292
0.591011	32.183345
1.355994	52.232742
1.249123	19.046927
0.796708	6.645178
0.856600	17.310206
0.515500	21.953316
1.541413	15.109046
0.656330	28.472875
1.667756	59.501790
1.823509	25.867028
0.828818	1.053009
0.861600	14.260158
0.602906	23.287806
1.296355	26.044942
1.941975	23.234627
0.833330	39.650281
0.679433	19.001637
1.393309	60.164005
1.771763	26.631267
1.793112	27.206055
0.999808	6.676746
1.664480	12.495920
1.372805	12.331985
1.582754	28.814063
1.498653	15.936923
0.612866	39.833599
1.018744	21.948182
1.628426	28.715114
1.623584	21.951965
0.600655	4.198923
1.178651	39.718833
1.791142	93.340890
1.671751	28.312215
1.355857	24.030321
0.767582	80.092460
0.966718	35.481083
1.464028	78.166416
1.656248	52.347468
1.404466	34.666770
1.077403	22.164685
1.349474	128.519653
0.154915	18.729869
1.586853	15.219038
1.752279	8.087702
0.396993	38.377672
1.083661	19.605535
1.759697	20.485208
1.379930	73.618106
1.210618	16.870614
0.517699	10.070825
1.589240	49.450881
1.517210	55.144658
1.368948	12.235522
0.443710	16.125602
1.447759	7.859291
0.415940	4.890817
1.718619	59.938340
1.791602	8.654651
1.281490	5.530900
1.759196	35.061133
1.085689	36.769266
0.910970	12.362294
1.211688	36.300919
1.322965	54.019010
1.633511	25.866134
1.387260	14.932354
1.770706	72.613801
1.896495	84.368129
1.268256	34.968320
1.559827	122.080387
1.207815	4.742524
1.849301	7.592678
0.336799	35.231953
1.561231	4.319280
1.229989	22.934333
0.445802	50.857201
1.602053	85.961604
1.073477	22.135400
1.276027	39.598734
1.552508	3.533916
0.847601	49.442312
0.908163	6.973961
1.017438	109.443144
1.604969	70.914657
1.970418	43.340270
1.027273	11.387590
1.400234	77.435915
0.965940	28.276192
1.803322	57.456737
1.895989	37.502124
0.736692	4.491685
1.464668	152.508076
1.849120	7.154235
1.198027	117.188397
0.983890	8.421291
1.848652	52.525097
0.857444	26.968929
0.768789	19.757119
1.809193	8.944470
1.434158	8.317113
0.728113	3.384709
1.447942	26.637376
1.802431	85.981000
0.523427	20.643117
0.855448	6.897846
1.390447	76.006479
0.584785	15.593201
1.848333	24.305183
1.373720	17.154364
1.361890	24.174550
0.429571	18.562162
1.117021	39.935206
0.746527	18.711564
1.697687	8.499381
0.985133	10.418553
1.089135	32.465671
1.444647	26.039124
1.559444	46.814095
1.669315	61.840806
0.708777	20.604270
0.865344	16.840047
0.531166	1.550694
1.771632	67.439879
0.952152	33.179735
0.609569	36.376139
0.945589	31.715977
0.433567	14.142111
1.740861	24.765712
0.906043	4.268043
1.007114	1.304516
1.903699	40.219501
0.736149	5.064115
0.763130	59.035778
1.325471	9.725974
1.954981	70.606739
1.841603	5.966694
1.373624	6.336614
1.703366	7.219117
1.216952	31.887130
1.137228	8.839918
1.085205	22.882503
1.167283	39.225310
1.543681	222.357482
1.717558	24.722449
1.348543	47.157171
1.791087	41.563625
1.441744	33.159035
1.688813	14.683874
1.517717	10.455260
1.644644	16.130773
0.280516	21.534870
1.788396	14.920917
1.817647	99.508581
1.748170	13.798199
1.578614	32.546016
1.665568	11.963137
0.720911	24.276695
0.402323	34.640754
0.910486	33.681527
1.149054	16.593497
0.879127	21.588213
1.793765	1.997440
1.942284	54.716521
1.640098	10.537723
1.200459	14.767026
0.651052	24.391662
1.795914	25.296383
1.749234	38.380705
0.684336	8.297211
0.406014	17.354957
1.838111	39.703946
1.718287	5.799474
1.893991	43.657305
1.019340	5.834025
1.470385	82.016389
1.783687	76.030566
0.993511	12.472201
1.197338	59.088262
1.282681	30.136622
0.331273	6.041407
1.728204	54.578315
1.909225	12.569573
1.110663	18.799823
1.400761	13.445687
1.297460	81.367864
1.003696	44.283867
0.505695	3.149172
1.265486	5.710062
0.833986	4.604076
1.462057	24.264910
1.290918	53.125114
1.370121	33.800640
1.386773	66.830811
1.817248	62.620552
0.654451	26.732854
1.693296	4.730712
1.926723	76.603506
1.565299	84.933234
0.637124	13.612827
1.761998	15.519727
1.672089	22.756320
1.781424	22.524525
1.215037	9.544371
1.715679	90.813945
0.667830	26.385483
1.349543	29.580529
1.312500	132.559713
1.834604	7.466504
1.781682	23.456963
1.557368	39.783996
0.708749	10.599252
1.694953	15.286433
1.405365	32.478223
1.710070	3.636425
1.900534	13.992829
1.160590	17.588031
1.600268	38.856585
1.956074	14.320768
0.780584	33.842840
1.756974	147.337476
0.643137	6.920659
0.269359	9.742108
1.757018	37.333733
1.934997	53.377129
0.343989	37.218683
1.752984	27.821647
1.532377	52.874023
1.532970	31.088673
1.174949	13.155632
1.110611	71.052452
1.042907	30.159840
1.056554	6.349643
1.898620	10.963565
1.708813	29.136960
0.949391	42.549922
1.594313	35.645050
1.468229	22.729725
1.755402	39.442735
0.529990	4.550756
1.533496	29.862260
0.835405	46.620208
0.829661	8.287945
1.541889	18.568350
1.831788	16.181410
1.259368	21.952030
1.183834	29.345557
1.707783	19.189035
0.313642	30.452856
1.543884	10.019782
0.430308	23.179008
0.834515	10.842574
1.484018	28.438666
1.054016	4.888374
0.919448	32.260840
1.241892	19.559060
1.761420	50.408087
1.124143	2.753345
1.284459	35.729252
0.675758	108.897181
1.152370	12.424954
0.265793	4.654016
1.743258	39.150547
0.768307	4.563203
1.871165	77.839521
1.019057	25.159472
1.739768	104.288691
1.068550	32.926194
0.665249	6.271712
1.241016	46.110983
0.862035	50.189836
0.964264	24.586737
0.953262	13.895912
1.000461	31.413112
1.232651	29.874869
0.612919	12.624305
0.857046	25.119552
1.432237	30.845437
1.617205	27.736907
0.833470	23.373713
0.864433	23.607153
1.202592	9.130593
1.969254	5.183060
1.310210	22.858130
1.705309	30.382482
1.869247	18.351098
1.439030	7.877984
1.264024	6.550928
1.630617	63.877457
0.957675	41.086843
1.955520	36.748605
1.198608	35.287928
1.884508	30.625981
1.623397	9.415646
0.776740	33.162610
0.793138	44.922186
1.006732	18.496027
1.041393	17.994809
0.256113	21.899171
1.770616	21.288831
0.827679	82.311485
1.722642	96.985612
1.209846	59.104929
1.372356	9.051795
1.289770	34.047224
1.910637	70.255533
1.111942	20.697012
1.067233	51.934815
1.406327	41.684340
1.056573	17.933033
1.395253	12.509602
1.343161	80.731129
1.646556	29.074993
1.983621	61.563448
1.963132	11.500830
0.604365	4.480217
1.163650	36.974392
1.118613	16.413268
0.738648	20.569212
1.599101	14.481538
1.948958	109.609168
0.665040	14.467331
0.881575	12.696491
1.769417	18.127292
0.935754	61.813221
1.147262	43.901210
1.594002	55.161886
0.609272	13.000205
1.275915	26.796582
0.572608	4.216135
0.935918	43.254941
0.821573	45.520004
1.578728	10.685449
0.661071	17.511521
1.476355	12.551719
1.347961	45.572942
1.497071	17.472594
1.803002	93.279027
1.286306	55.435033
1.564234	35.523710
1.691593	468.094194
1.526731	96.024175
0.957971	14.262072
1.937551	54.153059
0.444616	20.714830
1.041802	12.802402
1.717320	75.217358
1.006854	7.599497
1.303860	12.165718
0.627510	46.227491
1.772279	65.636234
1.889068	8.006390
1.973993	4.911885
0.491459	4.259655
0.754332	7.945577
1.227972	36.668888
0.882186	25.835162
1.447577	12.263000
1.754551	31.349177
0.611578	13.823865
0.145160	3.780538
1.989777	32.105797
1.161114	52.624905
0.467377	7.717419
1.367107	50.452755
1.613414	9.442264
1.686529	21.465549
1.338577	35.780576
1.502615	32.916654
1.199936	23.373955
1.413552	4.818112
1.921693	4.275735
1.979677	73.465865
1.425163	23.254473
1.360308	43.204239
0.999936	25.704422
0.966246	34.946857
1.878473	36.751439
1.481159	51.403723
1.173380	49.407283
1.482352	35.954285
0.598064	24.763107
1.908653	52.070619
1.268746	18.185023
0.981897	31.370114
0.244707	4.051888
1.499105	21.122083
1.950612	52.028297
1.322606	51.548819
0.979670	13.975701
1.112487	187.990742
1.337680	24.706465
1.516440	30.537302
0.724893	5.290914
1.895370	11.704956
1.106368	82.197302
1.420541	9.949519
1.857776	45.788132
1.352034	43.097286
1.508646	13.868592
1.433531	13.977746
0.840722	24.532886
1.939941	145.603146
1.194171	25.792013
0.545930	16.727611
1.996714	50.974977
1.458597	25.255029
1.396789	13.605520
1.865927	19.789994
1.297830	23.961665
1.023276	28.093171
0.708544	105.453239
1.700838	39.149763
0.977014	40.457434
1.259919	19.527739
1.248710	14.349856
1.594061	41.215375
1.509587	31.729053
1.120465	10.697543
1.124202	14.982648
0.878381	13.811399
0.992704	4.351446
1.550498	7.290141
1.328249	70.020989
0.413874	39.562762
1.247669	38.156702
1.927237	27.114020
0.571747	11.884019
0.561490	26.838829
1.485050	34.003627
1.931578	21.664749
0.319588	70.531301
0.998405	32.104737
0.463191	15.087839
0.870827	21.313894
1.316630	77.783675
1.148561	18.263357
1.027841	34.530946
0.775241	22.042975
1.413098	10.158107
1.348180	58.943495
1.478074	81.911808
1.674247	32.059341
1.577576	158.624693
1.930816	62.958687
0.698266	39.793304
1.921400	63.913988
0.703540	40.199994
1.750532	37.524397
1.666971	22.553868
1.482527	62.110547
1.542657	60.043310
1.520585	71.221773
1.280043	10.874790
0.345857	4.378363
1.353833	28.290148
1.067794	21.412959
0.881777	26.073861
1.220695	52.402157
1.758694	58.726819
1.352037	15.624161
1.942856	58.796117
1.115893	13.691197
0.696057	15.922628
0.950904	24.609420
0.648796	10.585946
1.510636	19.548381
0.678835	38.628270
1.262677	22.463244
1.876761	8.578529
1.136068	57.949242
1.088661	39.332772
0.761584	39.084117
1.614308	13.785935
0.934119	2.726152
1.984360	89.089813
0.693091	35.553426
0.128044	14.318259
1.294184	32.916150
0.467916	6.457954
1.037694	7.698685
1.162941	53.081686
0.841212	26.580319
1.964437	5.011154
0.998872	23.049419
0.648867	54.728961
0.364686	11.898438
0.942477	11.426182
1.716937	24.014123
0.837117	47.241139
1.382276	44.752309
1.982269	21.280343
0.996918	24.086954
1.407952	2.880702
1.383488	4.967650
1.375720	43.534369
1.924580	25.464287
1.663137	49.638572
0.210048	4.304670
0.325113	26.195462
0.375100	7.063931
1.029827	19.813517
1.144802	63.800043
1.695665	142.601947
1.438148	17.620525
1.999961	36.275735
1.675516	38.249573
1.798176	35.954756
0.722343	5.715030
1.445795	27.629342
0.657709	2.230634
1.495825	33.041165
1.699421	17.639253
0.927662	3.078188
0.693980	3.463204
0.822427	17.802954
1.701386	24.892962
1.305546	16.937556
1.289789	37.752839
1.349674	42.116689
1.223963	15.739813
1.782436	67.523585
1.246569	36.050507
1.378192	28.430187
1.967146	26.846263
1.168474	32.959147
0.732053	35.176233
1.329191	32.549877
1.540218	35.503221
0.607429	13.225688
0.683709	2.597423
0.308403	18.103330
1.600077	63.864508
0.759780	23.271689
1.841452	24.318378
1.258489	29.754998
1.927547	35.841288
1.058438	37.704097
1.928478	25.003654
1.963628	37.708504
0.617991	20.863535
0.606935	48.091864
1.120361	7.903332
1.105723	21.380147
1.458444	26.921207
0.579471	2.434567
1.618152	25.503402
0.800633	8.301358
0.660965	6.523571
1.676256	57.576111
0.500050	16.215078
1.550687	47.799256
0.576014	25.264066
1.593552	103.214860
1.670167	17.073994
1.361411	45.852810
1.009836	26.010577
0.820370	19.070297
1.698279	9.800644
0.565933	18.306953
1.958522	9.408982
1.652762	15.600813
1.518868	3.427807
1.981479	10.929096
1.516400	83.982319
0.559267	8.249837
0.963623	18.967557
1.362541	33.141890
1.347670	30.754397
0.220518	20.259021
0.861006	21.201640
1.587868	4.803616
1.472878	20.734448
1.835857	21.412150
1.935523	25.521811
1.791988	50.851990
1.314579	27.436554
1.299463	18.656213
1.037438	39.545408
1.837846	24.445832
1.731695	60.477073
1.652586	17.515071
1.651694	29.740853
1.759849	22.199365
1.869592	54.138411
1.716900	64.405626
1.707682	2.721148
1.473944	43.717296
1.172671	45.248892
1.311240	36.239041
1.288082	14.407089
1.721769	32.480156
0.871090	4.822247
1.027579	54.925096
1.320580	94.567400
1.975503	136.671528
1.219574	10.521469
0.610218	22.641624
1.494481	10.492336
1.408452	34.689125
1.756344	66.073726
1.769198	9.155414
0.859558	12.201390
0.394396	14.849984
1.661747	31.641573
1.462113	17.372211
0.641946	11.909969
1.976457	33.215308
1.880748	10.641864
1.568027	35.226084
0.422584	6.358892
0.779999	46.933436
0.966773	15.911067
0.429607	9.190147
1.726670	40.027824
0.490165	18.101741
0.765696	53.924976
0.957741	45.883838
0.978489	45.823980
0.869634	22.584476
1.965206	50.781727
1.936517	87.815576
1.414358	86.435057
0.607311	25.134509
1.543303	50.824746
1.960088	33.450523
1.997283	20.702827
1.408865	29.644093
0.734758	11.455651
1.733294	22.871765
1.418021	23.573956
1.163666	44.103723
0.659657	19.944214
0.826541	24.168132
1.352505	90.920124
0.862147	23.523362
1.202362	142.504747
1.556678	21.148803
1.979419	17.040361
0.389300	21.553851
1.679687	97.460455
0.613301	45.345263
1.908800	14.079145
1.638833	2.583888
1.081200	64.376696
1.254235	37.567272
1.498412	64.492541
1.326295	15.266761
1.967550	36.056384
1.997757	15.562187
0.433208	10.157237
1.575194	22.481595
1.603708	52.486842
1.669549	11.663709
1.866715	7.964079
1.374338	31.980192
0.851806	16.176743
1.490891	139.250947
0.964190	22.229343
0.995245	31.134723
1.403445	6.222363
0.909358	19.703859
1.525052	11.772845
1.766460	26.337328
1.976361	46.287526
0.696285	31.337395
1.168516	38.905981
1.594470	56.192525
1.350606	38.722659
0.456155	39.919855
1.003932	23.872859
1.675044	55.302257
1.224731	38.042750
1.524850	16.339954
1.444442	13.816066
1.908500	23.519899
1.774301	28.362394
0.997250	55.954245
1.232016	31.210925
1.200111	72.498029
0.892705	2.657263
1.415522	22.039613
0.861950	36.841790
0.679132	46.018942
0.574059	62.031018
0.905099	22.517371
1.195375	24.084452
0.586300	25.563913
1.497050	34.780858
1.793101	28.087764
1.125796	25.240902
1.797800	96.863522
0.661708	2.265701
0.492605	11.425025
1.705871	12.162051
1.959008	63.148276
0.992241	48.705553
1.469463	13.966146
1.465291	57.762762
1.511570	33.310287
1.343010	18.496938
0.855008	21.578341
0.501470	13.969844
0.247007	27.646093
0.719161	9.337770
0.595991	4.126261
0.368190	28.148715
0.526290	14.753831
0.406216	33.111840
1.307104	75.497357
0.433545	5.411444
1.993785	101.490020
1.238063	9.901426
1.841508	67.956530
1.217238	99.806625
0.630450	34.336942
1.747120	13.586524
0.822980	29.776271
0.376637	5.512688
0.739271	33.869975
1.383438	32.328279
1.137277	192.894656
0.682996	15.431326
1.284622	120.998973
1.924043	19.746531
1.573272	68.458991
0.469640	7.412648
0.959124	5.786132
1.521888	104.809804
0.639400	30.792140
1.293044	36.784108
1.304145	25.326778
0.521235	5.699870
1.393295	9.009316
1.839858	12.142231
1.461126	26.784986
1.864185	79.118536
1.404322	40.997036
1.611298	34.236713
1.828125	24.494785
1.180550	34.578304
0.675780	38.893456
0.594456	11.056680
1.924759	51.090840
1.305345	23.401483
1.507976	25.606878
1.401706	40.467235
1.332110	4.424181
1.323909	28.753107
1.195110	36.384578
1.815267	49.662106
0.598009	5.856757
1.557085	40.884827
1.504465	13.849327
0.449620	10.657301
0.786665	11.008702
1.665851	47.930944
0.816111	4.811123
1.351121	30.114951
0.509054	17.256004
0.797005	8.737145
1.825385	34.844205
1.025454	17.754419
1.693627	76.718553
1.203247	39.703064
0.963099	26.169848
1.334526	46.034680
1.286087	4.956605
1.975224	22.187712
0.998243	54.306084
1.464074	4.901282
1.517622	55.125263
1.423338	46.558011
1.204390	34.869011
1.659397	110.818146
1.636135	52.886040
1.933648	36.547268
1.962558	29.231474
0.783442	22.010813
1.465188	21.516045
1.771674	19.838219
1.938912	21.678692
0.644824	10.130513
1.917682	24.807181
0.801558	4.556018
1.343271	5.101131
1.464956	27.651986
1.807595	18.929769
1.690252	24.287334
1.894430	23.304657
1.665334	27.236852
0.989260	7.807718
0.716396	9.032788
0.671130	18.120519
0.518925	6.119903
1.891042	24.366621
1.214820	24.198305
1.943834	204.072030
1.646320	25.321628
1.925206	107.229586
1.790499	63.018435
1.359431	24.695551
0.802209	30.647965
0.850965	32.879005
1.040362	1.241030
0.308055	55.278056
1.483679	20.506484
1.317601	11.123491
0.552276	4.472538
1.722817	20.523500
1.719417	19.021555
0.592845	29.664974
0.762963	15.713201
0.844735	16.991853
1.273689	37.831551
1.911012	69.066169
1.481352	51.208027
1.504969	19.860278
0.913196	21.510112
1.420074	1.869936
0.776366	120.349642
1.549851	24.282282
0.817996	25.118408
0.249441	3.317877
1.270780	33.225393
0.923965	26.685882
1.427249	18.065174
1.602624	20.632197
1.705759	9.389534
1.969869	11.929285
1.318205	24.322696
1.209250	26.359868
0.836482	16.922467
1.603823	11.067161
1.209593	15.275632
0.970722	41.114381
1.133389	7.386367
1.038984	36.042313
1.965053	2.280631
0.803120	14.684075
1.106683	54.028473
0.939044	8.608308
0.702562	10.294698
0.926375	65.321753
1.219488	55.431174
1.431187	231.588752
1.409265	34.313900
1.642960	4.615794
0.475390	9.524542
0.950422	15.642081
1.011052	101.319186
1.521614	12.168833
0.769517	5.115827
0.781750	27.994525
0.538141	13.101553
1.285075	18.886905
1.573504	24.702331
1.529764	77.116881
1.597686	97.547027
0.698566	79.753032
1.364220	4.855416
0.533491	54.440564
1.945950	67.128751
0.561929	52.342340
1.804608	18.607177
0.368802	7.468269
1.281862	78.572391
1.765904	56.419857
1.435658	119.635357
1.226218	14.708478
0.612228	18.706121
1.472334	24.605096
1.387650	27.465201
1.173499	2.853502
0.818131	32.948900
0.792100	12.724882
1.951325	43.280853
1.943339	42.742387
1.898315	99.659183
1.259313	32.320754
1.980903	137.447104
0.923044	27.943902
1.125489	15.311691
0.707756	5.809379
1.181695	64.543112
0.728085	6.850620
0.460981	4.972252
0.219884	1.056123
1.051340	3.052228
1.835969	60.370428
1.141412	38.219868
1.452031	33.589202
1.712068	13.887467
1.314303	18.176685
1.329525	24.355065
1.271429	30.564967
0.607252	14.112288
1.437197	35.376835
1.568100	29.242399
0.061873	23.950321
0.508100	11.207018
1.297551	3.680966
1.744510	45.643886
1.284818	74.249173
1.137095	15.725464
1.898031	12.112500
0.489310	17.925782
0.635343	25.595912
1.511027	2.521557
0.570656	7.209002
0.628877	13.321933
1.795738	80.852175
0.774374	36.835876
1.417531	46.975249
1.079522	44.816035
0.632236	28.634220
1.063112	39.912396
1.109307	52.815423
1.426755	2.659091
0.666776	25.041211
0.364817	15.789864
1.393090	8.752671
0.458545	26.571302
0.667535	2.862680
1.969857	29.063849
0.300385	14.590568
1.447060	35.880415
0.636651	18.048103
1.717113	27.590313
1.357106	15.542091
1.194256	7.919335
1.176130	24.724146
1.489809	15.384196
1.744105	21.338249
0.192218	25.916738
0.287145	17.614963
0.881918	25.398064
1.590839	27.896847
0.744418	9.073141
1.094793	17.840432
1.246788	23.499921
1.042777	30.378026
1.182489	37.708018
1.682712	32.107743
0.808119	8.437931
0.970230	97.485618
1.275078	72.716396
1.785082	62.473270
0.765404	25.201940
1.272364	9.740597
1.801745	40.198245
0.579128	51.532598
1.565480	55.871704
0.798501	25.665959
0.706365	15.153063
0.820585	23.597634
1.239733	43.509807
1.389234	2.452832
0.745286	41.116820
0.577891	28.465110
1.164474	36.114434
0.434305	18.782062
1.293467	34.648627
1.507634	63.892717
1.912409	93.625693
0.645226	34.054037
1.135233	10.438532
0.855472	8.889219
0.788175	24.474433
1.264574	14.363454
0.646259	2.919168
0.258784	13.004017
0.684014	26.203221
0.984165	15.565308
0.227776	27.137816
1.772698	28.476402
1.359789	49.977684
0.321689	19.875782
0.807094	9.337580
1.479931	64.914857
0.334220	36.140475
1.049022	35.086018
0.541724	10.203170
1.071596	73.059016
1.948114	41.126097
1.168004	73.093215
1.404545	4.956617
1.097408	187.669458
0.951487	14.612738
1.399970	8.716681
1.415001	29.578640
1.406975	47.927118
0.320112	22.875491
1.528085	62.460760
1.497116	40.788863
0.472169	34.870514
0.737706	31.675433
1.265806	18.184341
1.023868	43.174409
1.348568	10.297547
1.624344	3.186221
1.307035	18.776374
1.173981	22.948094
0.867185	18.402544
1.407211	29.737474
1.726416	52.223857
0.865086	27.305577
1.666509	88.299775
1.111384	44.337615
0.577656	36.264927
1.856517	9.156299
1.505785	1.190825
1.747700	7.030738
1.465879	18.109893
0.603849	66.539067
1.297460	4.181800
1.434186	62.869822
0.863094	16.381419
1.430125	17.738335
1.334863	43.205638
0.294285	5.358141
1.812350	35.698416
1.285903	33.427448
1.360973	20.838996
0.662412	30.557461
1.690727	52.426501
1.282363	45.369613
0.521482	38.652534
1.534664	30.525656
1.218915	102.359442
0.982810	36.276570
1.873850	47.110224
1.717268	101.491027
0.385271	31.942623
1.531229	82.049115
0.703527	27.135266
0.266631	4.504735
0.789485	4.157351
0.402767	0.912710
1.441041	29.750659
1.619861	28.888522
0.715057	48.661165
0.772855	7.271315
0.626599	35.221371
1.328293	30.553851
1.219518	31.229456
0.184025	13.546355
1.037651	48.185324
0.520224	26.420788
1.352978	36.714227
1.196228	3.124317
1.173851	32.269041
1.586119	42.015648
1.174568	59.318549
1.214796	2.796152
1.432703	7.023905
0.929425	8.490102
1.899013	7.329239
0.896888	34.624584
1.861485	23.944794
1.705594	17.122779
1.849590	58.710378
0.724793	4.851992
0.811731	3.964339
1.758244	1.749524
1.930653	4.498564
1.613430	64.727561
1.440699	21.637724
1.699033	37.109797
0.380894	15.337668
1.768363	43.745392
0.896309	5.611253
0.431982	16.423811
1.505731	39.355475
1.612790	10.599649
1.424595	62.577335
1.007219	38.187603
0.589786	42.156120
1.637360	26.970683
0.401399	30.193348
1.623259	48.444367
1.931098	32.016168
1.994801	36.693570
1.078827	9.715013
0.570281	1.583229
0.536486	17.773505
1.222801	32.626796
1.672024	35.202802
0.403191	3.750402
0.696147	22.948785
1.367282	34.310098
0.513579	3.707253
1.805866	18.762075
1.240080	32.094994
1.064264	10.628327
0.244303	5.331360
0.580235	10.044872
1.727014	36.613221
1.531732	13.538689
0.287875	37.541784
1.957723	13.828761
1.012103	59.992254
1.393685	16.825749
1.567237	23.038193
1.929602	17.201633
1.824702	220.643897
1.380349	6.556455
0.637751	57.025907
1.753911	14.524381
1.710311	31.002893
1.442391	50.885719
1.982456	28.687573
1.277637	2.877874
0.780730	52.309562
0.850490	28.886561
1.094607	15.536032
1.119137	13.955903
1.732484	40.220417
1.819231	42.626863
1.057946	14.000192
1.911627	84.562126
1.884176	31.074575
1.100663	47.790439
1.789719	47.452799
0.579851	41.227872
1.252217	21.250907
1.552309	20.498718
1.000035	33.267860
0.302040	10.155559
0.428210	21.575543
1.831187	136.678711
1.263036	3.430381
0.664366	54.332085
1.843078	65.626540
1.906643	6.232372
0.969161	69.430645
1.363374	42.412163
0.968726	10.253037
1.571242	4.378717
1.915834	150.851314
0.324904	59.090067
1.191852	16.654670
1.683210	4.700745
1.517064	9.841893
0.722821	38.927802
1.072510	33.193289
1.187967	11.624934
1.600972	3.737869
1.174165	22.738930
0.949822	27.413546
1.107417	26.147243
1.946289	17.775636
0.399368	75.366621
0.981437	65.491037
0.752154	13.948919
1.085263	24.474833
1.363029	85.259705
0.745344	3.784178
1.124896	39.516109
1.727389	11.729260
1.446831	7.649227
1.502209	23.015402
1.903738	26.936900
1.098199	3.782413
1.996752	60.007052
1.056873	34.975621
0.723669	32.206700
1.696096	86.959557
1.250334	19.722541
0.999060	24.238574
0.837786	3.273534
1.717597	109.407608
1.330716	10.075030
1.420475	30.433063
1.178928	7.857013
0.782047	30.191060
0.987436	2.920468
0.615119	4.663499
0.993134	25.135389
1.859784	15.683410
1.346854	11.869389
0.397396	31.952666
1.630012	62.155740
1.635340	49.071672
1.622948	27.569516
1.408760	29.261277
0.341021	30.979310
1.057793	8.099611
0.967896	38.797039
0.291905	72.797345
0.514118	1.352046
1.115672	7.690985
1.809546	35.875445
1.937997	32.294734
1.598635	51.653222
0.801851	13.417665
1.874071	50.278974
1.964204	18.288028
1.130588	14.673085
1.268108	57.013316
1.000719	43.273110
1.764801	7.218806
0.923455	3.282392
0.570386	26.732408
1.169500	26.012287
0.698489	25.831884
1.131660	7.810459
1.362547	51.100328
1.688609	12.049218
1.521277	100.430360
1.591281	22.966240
1.370105	29.444418
0.502892	22.054724
1.808396	62.291114
1.530507	9.537081
1.669178	48.277773
1.904639	67.301507
1.948295	32.903457
1.940812	117.716033
0.877139	18.092896
1.764142	37.445806
1.933050	6.211152
1.542766	7.104364
1.557190	39.826421
1.814926	76.603736
0.906884	1.713010
0.740866	48.605997
1.140759	8.497012
1.918954	3.191408
0.443783	27.230966
1.149152	27.056427
1.519499	8.952862
1.460461	15.808031
1.699792	47.217166
0.877170	7.466356
0.816421	21.413489
1.726762	53.154933
1.724095	42.986733
0.842072	13.539589
1.145765	157.343910
1.162979	9.656130
1.255254	32.087916
1.740608	29.278398
1.389222	30.512121
1.262617	37.528429
0.910062	40.802722
0.376473	6.338769
1.868350	60.494786
1.557618	11.832381
0.484106	6.065377
0.923231	58.658243
1.454154	21.430741
0.772439	30.221413
0.561921	34.097465
1.310393	17.187915
0.973893	40.160606
1.727217	55.162762
1.920293	61.270336
1.365863	24.729738
1.552642	58.316722
1.973033	31.415078
0.802420	22.539735
1.847407	94.971457
1.323797	33.621152
0.732989	15.850007
0.909543	18.883674
1.515431	45.059581
1.874472	22.571605
0.593740	59.911154
1.442560	25.889163
1.048901	6.814327
0.962181	52.103419
0.718667	20.549994
1.821134	23.357191
1.029288	32.603100
1.150324	56.888215
0.769293	92.789527
1.395844	12.471485
1.145657	89.847186
0.742975	9.292342
0.944184	20.677891
1.070931	68.189204
0.491147	14.381119
0.416558	5.411679
1.987751	15.516701
1.883585	12.342239
1.374023	90.148410
0.835127	22.635223
0.813737	3.730963
1.146150	40.078636
1.063215	34.056880
1.582945	32.530819
1.095371	55.854172
1.927765	14.934394
0.849031	33.901014
0.319302	31.522850
1.389101	27.604005
1.980347	29.544087
1.763819	98.183683
0.173278	4.852480
1.347362	21.828071
1.166172	26.319685
1.636411	81.494320
0.848709	5.553877
0.833357	21.479135
0.954194	28.594616
0.837510	6.897422
0.296120	5.301802
1.426095	57.940787
1.403140	27.648941
1.764392	18.083200
1.529908	106.404521
1.444962	24.590446
0.813180	66.839165
1.593659	72.393991
1.769972	44.452565
1.151261	13.290382
1.295800	35.175518
1.660708	202.657412
1.183969	10.356716
1.483194	12.006733
0.782683	65.728870
1.360800	29.927459
0.364135	20.689968
0.772170	49.655713
1.872726	5.747738
1.377086	21.544005
1.168757	19.188867
1.268220	27.075836
0.028773	12.030021
1.174915	8.569151
0.647381	12.528022
1.774251	41.722680
1.105163	24.969543
0.813032	19.094919
1.253135	16.658134
1.031565	19.253888
1.175585	34.042510
1.571977	9.565798
1.249227	11.166282
1.863350	49.225416
0.855676	40.738798
0.969152	12.103073
1.650366	73.423231
1.659263	64.787460
1.961959	51.155087
1.426395	23.370850
1.345325	49.764350
1.367625	4.816266
1.024717	20.092752
1.061370	41.060002
0.894203	16.738402
1.379558	41.307350
1.746515	32.141441
1.433972	62.186205
1.194420	86.890623
0.453294	12.188445
0.840071	35.943801
1.753902	6.783045
1.078680	44.495997
1.817067	69.549929
0.831571	17.686459
1.348129	24.954790
1.941212	8.282744
1.320096	17.496515
0.772079	5.487897
0.808729	23.331022
0.675188	24.598101
0.292400	19.344179
1.521937	8.032305
1.658800	57.091816
1.715698	49.480571
0.482225	32.217958
1.906774	14.570173
1.411634	18.039709
0.520993	1.647893
0.512107	80.417863
1.250080	41.696072
0.834303	48.864766
0.825339	38.041552
0.233794	46.673526
1.209052	48.779886
0.516506	1.403999
0.490558	7.811433
0.677100	38.287236
0.225318	19.504116
0.558173	22.156628
1.375786	29.664931
0.855465	89.835487
0.468432	20.078233
0.629613	25.648359
0.386532	14.102698
1.649472	12.933594
1.326986	40.757509
1.196748	24.865997
1.797831	20.615840
0.498342	9.181183
0.364099	28.917716
1.121247	11.580965
0.867810	102.364083
1.199273	71.398331
1.845148	21.549665
1.154812	33.711820
0.701718	22.077279
1.681311	26.773705
1.067277	9.370705
1.616211	17.405564
0.642010	48.297101
0.986762	114.792141
0.299562	11.137953
0.818994	5.285066
1.454116	17.063557
0.916053	52.032431
0.637455	24.262646
0.430668	5.480408
1.388283	22.944557
0.491449	26.480762
1.682791	41.488817
1.018250	14.138542
0.935241	1.915439
1.421045	23.027693
1.319753	28.209460
1.979786	43.263285
0.414500	50.964985
1.763750	15.264133
1.383406	1.792189
1.812452	32.272633
1.524162	98.029475
1.627280	56.205590
1.664311	9.860514
0.257122	7.258219
1.743498	13.548843
1.502404	2.450943
1.914958	10.630423
0.624747	20.087257
1.873840	49.523965
1.768572	15.898350
0.803088	16.500654
0.605026	21.191291
1.426720	84.290525
1.497297	8.702205
1.549671	28.053418
1.754738	6.544371
1.319884	25.474406
0.900980	29.421348
1.772593	3.613650
1.135355	7.557798
1.137202	72.831365
1.224223	27.005035
1.739273	18.383908
1.952562	26.976353
0.701526	71.047585
0.600787	10.032570
0.907319	61.605761
1.846434	28.831420
1.277378	33.053776
0.178512	15.695372
1.357335	38.239340
1.308368	14.418966
0.498814	14.704470
0.657603	46.523097
0.532773	21.846316
1.267003	39.512571
1.281633	27.350053
1.175728	47.294776
1.161929	94.504622
1.355150	19.376075
1.476690	45.600603
1.941283	19.893370
1.302682	6.116175
0.870612	3.585552
1.958737	47.369710
0.563511	15.246857
0.947695	41.337404
1.843563	48.080162
1.909332	29.262880
1.451124	24.388093
0.253664	19.388168
1.149243	22.498115
1.891605	41.155648
1.823551	57.424288
1.829952	69.797897
0.917208	6.556930
1.722712	23.926251
1.491852	8.468248
1.829841	10.639286
1.440564	16.997208
1.046213	34.883830
1.435336	37.814527
1.019279	32.249099
0.133019	26.049858
1.710336	49.495463
1.760644	56.630976
1.605667	58.168813
0.805132	25.803968
0.630478	17.190861
0.699273	7.796236
1.236924	11.309716
0.868213	7.611919
1.805718	19.879624
1.301548	70.061520
1.160702	21.473001
1.795211	10.728532
0.502117	8.345136
1.794260	80.320467
1.687888	107.707078
1.513940	88.491855
0.575675	40.283288
0.418304	13.254205
0.691823	10.991318
0.878327	15.630482
1.408315	10.069414
0.500163	22.170874
0.724343	12.033382
0.756628	44.887968
1.489448	103.280184
1.000984	31.154559
0.886582	18.782340
0.330465	6.319027
0.536044	79.148668
1.309512	6.639235
1.433766	46.875642
1.596865	34.039380
1.231700	92.195010
0.876196	28.212804
0.914909	13.024331
1.459799	3.094460
1.124746	42.972911
0.676565	8.408919
0.155822	9.937764
0.861035	11.398910
1.616990	54.663747
1.480532	116.910954
0.543966	19.878543
1.151656	26.112707
0.648678	29.902768
1.194952	11.781633
0.574949	14.360058
1.502511	21.180463
1.360375	8.691824
0.859380	5.503731
1.987649	3.883199
1.367316	10.258113
0.875721	18.289907
1.019130	11.553671
1.865265	6.137223
0.761697	41.150214
0.762742	33.848677
1.340469	82.577274
0.978810	36.356291
0.934014	20.945420
1.100259	21.931527
1.732425	51.171348
1.747706	3.700737
1.482229	41.024275
1.350469	17.451289
0.260142	20.050580
1.332361	25.340541
1.925703	52.824418
1.742010	17.404870
0.648280	7.866424
1.957726	39.446328
0.785915	8.406052
0.604466	5.199270
0.909165	29.598519
0.641494	27.006616
0.800177	15.867864
0.941477	4.333002
1.370495	16.575974
1.404673	9.839321
1.286774	20.616411
0.924250	38.576790
1.924607	42.808719
0.922015	11.017325
1.086070	37.720937
1.118473	70.982381
0.298764	10.593840
1.128370	104.494964
0.988646	54.031675
0.473782	35.236209
1.701697	41.354189
1.550872	44.142774
0.900142	5.510358
0.862064	16.642769
1.847191	34.638034
0.735783	87.615516
1.798491	11.991872
0.493394	1.499349
1.745444	11.880340
1.297500	21.675909
1.647797	1.945600
0.532530	4.416203
1.115079	57.570107
1.160966	25.466288
1.258299	27.828902
1.425514	21.662252
1.068198	7.236998
1.156591	18.248265
1.038637	22.122547
1.531270	19.663044
1.853009	12.134088
0.583262	22.536624
0.906820	23.579337
0.791455	19.161550
1.902142	17.387849
1.375969	22.014925
0.645128	21.278800
1.081311	6.718625
1.196084	56.860210
1.418344	7.686760
0.783517	3.710191
1.238489	114.948750
1.686941	19.230866
1.473452	9.316043
0.559840	5.691554
1.859138	31.212886
0.988978	20.852541
1.121934	33.574515
1.521863	8.563638
1.177422	1.373917
1.366358	250.785179
1.202160	15.864790
0.939861	67.158105
1.146778	9.932586
0.945961	11.803677
1.158407	18.765444
0.760461	30.441330
0.444435	27.954140
1.531448	9.849135
0.609100	54.511034
1.718822	7.104986
1.028775	44.320088
0.842232	5.125036
1.099448	12.775832
0.658933	4.408215
1.760092	14.200982
0.693068	5.586982
1.226226	5.643923
0.683742	29.133669
0.395647	33.115583
1.681155	16.974358
1.320917	24.656931
0.494203	10.013847
1.828586	32.114105
1.073090	55.543798
1.124296	12.106361
1.227807	1.966564
0.800093	3.661709
1.311067	47.344614
0.844016	39.720720
1.739987	4.206383
1.724781	27.487909
1.201169	60.617475
1.282857	90.994936
1.988378	25.457969
1.677534	50.537462
0.451108	16.913881
0.704428	7.818339
1.378395	18.732290
1.040823	33.714706
1.690670	57.426857
1.445239	1.747749
1.984822	58.996939
0.241869	16.055413
1.142909	20.998460
1.095982	51.771574
1.136617	23.577919
1.816510	46.883100
1.093669	28.038570
1.678996	88.929469
1.432718	8.307509
1.217101	71.619608
1.522550	25.912882
0.807919	36.840659
0.643882	21.075648
1.946755	26.138327
1.071484	30.840974
0.933233	10.063515
0.870023	16.778097
1.417349	36.057565
1.994182	60.558023
1.831698	32.673841
1.085195	81.438702
1.832345	36.618134
1.171151	50.072678
0.571769	11.755026
0.733407	17.821325
0.832052	2.307575
1.867737	46.212976
1.965829	26.298808
0.804452	10.640328
1.089166	10.215628
1.969984	3.812855
1.757279	51.600402
1.149645	16.258257
1.164414	37.755928
1.806176	47.391277
0.331592	39.990477
1.888301	48.766870
0.523574	12.079631
1.841999	12.816044
0.454590	25.063469
1.949863	56.173482
0.207655	7.217208
1.943124	100.717745
0.448803	15.195530
0.607404	42.629088
1.939904	32.462449
1.672044	24.874180
1.745850	47.362245
1.132469	14.845791
0.499775	3.603761
0.657475	33.285754
1.877215	36.270619
1.060560	24.300409
1.617167	27.302485
1.518532	6.778213
1.196242	8.573920
1.778077	41.361895
1.465278	51.841337
1.593172	23.568931
1.741333	22.108600
0.796584	26.619663
0.916268	15.973757
1.616925	20.301562
1.729475	41.024172
1.380665	30.556886
1.989064	39.302782
1.805252	24.216318
1.685437	34.601910
0.836120	25.074503
0.980216	21.757978
1.023801	24.956481
0.532311	62.633308
1.580549	32.142719
1.103133	10.879159
1.415404	35.239601
1.547472	10.239986
0.205925	9.529290
0.402993	25.327655
0.983514	5.299990
1.466834	23.675430
1.202923	9.355488
1.901383	55.069734
0.855779	15.282815
0.559055	7.590271
0.583352	25.634789
0.800811	8.586362
0.820368	5.507807
1.052077	17.429530
1.330846	37.911731
0.842685	34.650014
1.258374	19.080570
1.202264	33.564215
0.941932	25.120833
1.136362	7.954382
1.058889	43.818728
1.919223	91.933309
0.468580	7.838473
1.634285	48.741912
0.942459	6.662128
0.728781	10.561400
1.793821	72.808501
1.189852	4.410630
1.250584	71.763990
1.108634	13.571683
1.091415	16.805905
1.522576	58.446803
1.622820	9.747158
1.667904	7.460980
1.273030	136.034516
1.536279	37.953924
1.650451	43.157174
1.508319	17.071714
0.744171	18.872325
1.550959	27.799498
1.455808	5.209650
0.540632	13.292340
1.452909	13.815814
1.800673	13.855430
1.104736	55.881189
0.625525	28.614198
1.399994	1.835835
0.825148	29.396182
1.302557	35.342638
1.487297	24.352624
1.250800	15.253723
0.941132	20.005852
1.772554	30.395937
0.630541	12.261632
0.385294	7.942125
1.728761	8.830191
0.352119	22.053665
1.216307	3.150353
1.291817	57.168832
0.988678	101.222111
0.887583	30.497759
1.593857	131.751886
1.032544	32.390123
0.604274	35.738271
1.180305	53.953903
1.572913	45.738128
0.940370	38.796509
0.622420	10.743343
0.993006	18.261404
1.303181	13.668204
0.553960	5.670945
0.817444	28.336061
1.952644	21.241254
0.763458	57.362201
0.452941	4.490287
1.133487	27.628903
0.482518	22.880564
0.246508	5.544838
0.259265	6.658448
0.921442	99.148745
0.482419	16.295082
0.742781	1.716087
1.455965	72.821384
0.908213	11.973042
1.347786	12.718867
1.101785	13.995019
1.815754	61.446349
1.527919	12.414042
1.765518	74.185184
1.263630	27.884982
1.655924	60.885529
1.407339	106.056559
1.599393	24.016871
1.510228	20.172727
0.928053	19.094383
0.607972	29.564650
1.694470	11.606552
0.492113	50.213441
1.391868	47.663488
1.981723	108.044512
0.723696	35.270993
1.598727	8.719645
1.924210	7.497310
1.228705	30.350578
1.344100	37.593920
1.034592	42.776381
1.148024	55.349113
1.428939	120.272072
1.794998	33.653200
1.922886	20.099813
1.299847	89.853437
1.657543	16.896565
1.588142	28.715459
0.838981	45.692748
1.178319	67.399171
1.508595	36.524334
0.615523	14.258579
1.814568	55.602612
1.088386	17.409372
1.165726	11.553137
1.792328	40.284824
0.703773	33.602138
0.357617	33.957970
0.904396	12.736914
0.660179	14.687751
1.976536	37.569651
1.333941	49.123884
1.331498	19.041991
1.675624	16.408024
0.858536	40.680824
1.269271	13.306983
0.643580	61.028037
0.533916	34.643431
1.144906	94.248072
1.860092	46.413855
1.146971	55.089396
1.163066	32.795172
1.785093	69.990069
0.904407	47.076548
1.220320	23.445140
0.688487	54.409731
1.755700	8.736563
0.364196	19.081946
1.104535	31.186638
0.888781	72.869206
0.856421	3.608920
0.834115	26.971078
1.037488	21.701403
1.842096	120.934874
1.546439	9.364882
1.823130	3.226773
0.749335	5.928166
1.760270	31.189647
1.129999	37.179612
1.969202	11.801146
1.374761	34.978942
1.216576	33.595599
1.879611	33.083556
1.055760	5.125682
1.606676	92.387712
1.195604	2.491442
1.583823	51.278274
0.887295	18.470305
1.094722	19.122826
0.999662	5.022960
1.790897	86.340878
1.884934	3.510276
1.586703	18.988886
1.717746	31.668357
1.013099	42.298829
0.661042	16.487197
1.513190	27.323119
1.439657	38.479153
0.867384	20.204415
1.859280	10.177462
1.018826	26.936470
1.707958	147.268714
0.615949	4.838011
0.905547	26.200675
1.405617	9.273455
0.830240	33.341263
1.929570	34.826710
1.312240	10.387506
1.580570	37.776051
1.326997	54.970521
1.094840	33.956329
1.718608	16.031936
0.299691	24.265803
1.125352	8.561587
1.810103	9.609025
0.512730	2.957727
0.769425	4.597488
1.936202	19.962902
1.933537	56.638110
1.060740	19.499261
1.612000	90.580903
1.422543	73.097243
1.225013	35.733787
1.705980	24.986741
1.459852	19.260962
0.527844	18.696148
1.745553	17.681250
0.885221	7.840922
1.433190	99.485339
1.647170	7.922568
1.836036	7.035215
1.879677	51.930061
1.880546	60.033109
1.469262	22.245775
1.420127	22.197124
0.254557	122.454655
0.511227	7.082272
1.073112	19.166280
1.673699	42.175016
1.372402	48.835664
0.818669	103.749795
0.602419	23.835680
1.187849	14.228754
1.860169	38.865284
0.420713	27.963977
1.179494	17.418468
0.439389	10.771394
0.844213	37.068048
1.925244	5.783961
0.560954	17.197355
0.413197	3.886082
0.517980	6.666949
1.520828	39.282041
0.236625	9.248197
1.074758	22.681976
1.924507	18.300531
0.468571	6.312965
1.890513	19.730181
0.590553	53.948945
0.613129	41.863011
1.391366	60.638808
0.833692	36.153279
0.142886	5.114901
1.607784	36.927077
1.039547	9.128494
1.852555	12.203309
0.891280	116.645104
1.487366	26.948817
0.969650	13.729439
0.656322	14.658414
1.959119	7.368282
1.366627	48.370368
1.745718	27.313949
0.844387	17.260854
1.074068	32.619309
1.200878	15.850380
1.428243	146.511021
1.076620	44.402287
0.839607	68.212987
0.737171	16.287174
1.383104	28.970897
0.840067	10.679058
1.079289	56.399002
0.354191	7.266059
0.855023	4.892120
1.210036	18.844801
1.678585	6.067803
1.042955	3.392057
0.919343	17.469775
1.259437	13.456360
0.409579	10.883799
1.013119	36.984688
0.629177	29.627807
0.850076	40.811636
1.070148	56.127469
0.436291	5.456582
1.680403	15.552135
0.885710	6.642562
0.814468	23.387542
0.996858	34.636587
1.034876	22.541000
1.704075	33.031417
0.902294	82.200597
1.176340	23.093025
1.232716	29.966912
0.936330	100.054504
1.659164	12.163640
1.419842	66.542842
1.564822	25.070761
0.425364	18.633478
1.714557	69.103045
0.827564	51.696163
0.529717	26.044369
1.475033	24.590227
0.788322	13.774112
1.094451	29.733399
1.545156	28.440491
0.556173	8.252341
0.613017	6.440862
1.480784	21.589892
1.159883	9.625938
0.794039	9.734844
1.259008	77.227529
1.411870	38.823865
1.092251	28.726026
0.705068	8.343372
1.454864	129.024324
0.598713	23.207080
1.463833	24.992631
0.879229	7.487191
0.108293	17.363465
1.184248	7.028497
0.943367	21.502208
0.808486	55.089768
1.233204	98.089507
0.985932	160.378005
0.919114	18.667732
1.627630	32.125642
0.507255	10.350211
1.081223	90.041848
0.838665	28.680270
0.903276	1.689220
1.148161	15.872332
1.875573	50.333605
1.472291	146.509476
0.743175	98.124766
1.343236	2.737763
0.667459	64.956209
1.816624	53.001068
1.120884	8.123944
1.918625	15.303684
1.476999	17.592812
1.736164	69.180777
0.717231	22.522363
1.769269	36.054926
0.736551	76.138544
1.961259	45.660645
0.894276	7.940215
1.509399	23.089765
1.304701	29.916848
1.203399	49.381280
1.128139	84.659105
1.059319	37.338254
0.932443	18.715425
1.380037	12.250695
1.974300	9.109923
1.491633	88.475477
1.619088	76.432233
1.464891	72.482700
1.258900	13.145339
1.710865	45.813054
0.964526	9.250090
0.883110	21.776612
1.059644	25.003533
1.352640	28.966668
0.043072	5.819387
1.738649	34.957222
0.932373	9.027104
1.385355	56.950172
0.418488	7.476902
1.132680	44.535586
0.465765	42.534030
0.230084	11.789797
1.666688	10.362763
1.091827	5.057928
1.707202	60.039577
0.987019	29.367652
1.455245	13.447410
0.535879	21.479366
0.738292	16.003198
1.192502	22.852754
1.146141	26.037028
0.745181	97.306944
1.793944	20.403694
0.901468	17.869414
1.126185	39.526102
0.987075	33.600214
1.992601	39.693304
1.001734	6.007839
0.868719	12.636375
1.850446	23.009220
0.674576	18.838094
1.868485	96.661254
1.337432	20.550566
0.797527	6.267801
0.847472	35.292859
1.549728	67.358168
0.372566	19.908927
1.556489	8.296759
0.943265	3.040088
1.697264	24.051116
0.606955	17.997708
0.842623	25.251796
1.143865	33.707691
1.807113	32.793799
0.901205	3.041133
1.752001	10.120504
0.554732	29.553158
0.706318	27.043926
0.675727	5.615240
1.403483	78.658570
1.067086	30.920860
1.782538	28.853769
1.214289	9.236645
1.742989	67.272687
0.827483	37.528042
1.889301	21.757462
1.436056	44.614033
1.243880	32.616077
1.397320	18.203451
1.866736	22.694653
0.995276	33.083315
0.836938	28.378542
0.836237	42.634485
1.955713	54.311004
0.987299	25.766795
1.814439	72.635774
0.633770	11.852674
1.131153	57.487394
1.412797	9.992647
1.940850	36.792181
1.499304	19.401847
0.122071	10.436719
1.623934	34.298794
1.458275	45.863212
0.728326	25.004709
1.414585	24.617270
1.880282	47.053264
0.164509	3.989506
1.958413	62.337203
0.921066	18.280186
1.395341	65.675912
0.890429	97.799862
1.579714	48.957257
1.259079	37.242240
0.865970	19.108450
1.240559	38.431462
1.009566	13.626845
0.843498	8.454755
1.373489	21.418073
1.441059	21.214869
0.640127	50.715777
1.885883	67.385147
0.189358	3.325922
0.889369	15.185191
0.996536	43.535398
0.461560	35.839587
0.525186	16.872473
1.757654	16.449236
1.025519	5.042076
1.030837	45.069988
1.516216	28.332137
1.569767	67.601507
1.544566	22.642358
1.188925	28.426157
1.543312	69.660097
1.877604	25.692644
0.628217	123.773460
1.346812	43.452907
1.806370	5.894258
1.944378	81.197875
0.519974	27.314747
1.918867	35.860787
1.573037	4.361878
1.570311	16.220157
0.654761	56.501129
1.348290	5.907938
1.020423	12.712096
1.362747	44.443653
1.589531	32.937230
0.725014	33.618889
0.665698	36.535510
1.017719	9.076856
1.447125	82.730698
1.494078	22.722909
1.397306	66.761509
1.760810	91.791329
1.585702	28.613206
1.242480	39.182752
1.209316	11.112253
1.681114	146.732369
1.814565	13.619847
1.760206	52.565709
1.229996	4.099539
1.353284	69.203866
1.663721	10.507039
1.353550	51.175087
0.800503	23.269090
1.819004	51.346383
1.225539	19.646543
1.970824	62.655978
1.314743	5.841954
1.064419	38.571417
0.779939	0.888378
0.998990	24.640057
0.792987	35.567610
1.873928	12.322937
1.384924	12.372188
1.715591	15.290166
0.770948	1.059830
0.448654	21.305809
1.113359	23.196221
1.897146	7.153704
0.580390	26.424557
1.667201	18.822846
0.439901	63.296110
0.690008	39.317882
1.578301	126.088221
0.775796	29.857264
0.296614	14.576180
0.790836	19.945863
1.582568	5.695608
1.283405	76.830913
1.305796	36.013451
1.100444	4.973735
0.651180	9.874591
0.783977	12.534317
0.728315	14.745940
1.544053	23.853280
1.757118	31.293874
0.822626	14.967361
0.704277	29.891318
0.846971	54.989611
1.901222	33.230073
0.780527	15.098807
1.518257	33.465345
0.588739	12.200742
1.473868	53.527329
0.834689	9.309673
1.741779	26.655715
0.302718	24.285707
1.235839	25.551466
1.478421	10.490623
1.598754	3.281393
1.840299	9.939893
1.422616	16.620022
0.614903	39.901328
1.568615	82.411016
1.277266	63.846187
0.548890	5.220243
0.639847	13.155454
1.728195	91.728904
1.333003	46.517368
0.675463	9.507287
1.667006	66.102993
1.364107	50.965676
0.694308	12.361962
1.160115	10.534049
1.885528	9.044794
1.610819	28.862616
1.064282	11.951834
0.174066	10.588708
0.802440	6.448228
0.720183	39.890545
1.050158	57.074407
1.812282	108.865668
0.718567	29.232524
0.409519	28.545926
0.620770	49.510783
1.154744	4.517494
0.464574	50.648722
1.319616	6.187433
0.884333	4.807433
1.045822	32.627821
0.671942	29.903921
1.602112	26.080723
1.055812	9.868731
0.585093	41.618630
1.025066	2.241367
1.973192	23.691743
1.554227	41.158692
1.791630	38.769122
1.827098	13.156064
1.308176	8.767610
1.320136	4.093502
1.850240	5.967016
1.797847	46.584098
1.557852	11.497004
1.718318	39.330595
1.595572	24.955060
0.939915	57.586025
0.597779	18.972093
1.559109	12.738654
1.848613	37.615013
1.965097	13.133584
0.406579	7.930188
1.438967	33.927219
1.409975	66.982627
1.036917	77.405000
1.313723	48.574479
1.169192	2.083269
1.878619	9.772918
0.925850	17.640228
0.717271	14.450361
1.493079	45.181703
0.904069	13.453262
0.428949	4.954118
1.686907	39.368635
0.966766	19.802312
1.987770	51.940071
0.946682	14.407167
1.318348	25.352662
0.681999	15.555136
1.284448	6.038212
0.869516	7.850245
1.506580	82.247693
0.327485	1.526154
1.531893	26.376213
1.261870	54.770722
1.053739	6.247632
0.456082	32.822303
0.449678	24.841267
1.672661	15.056683
1.594466	47.165928
1.184022	28.687411
0.191829	5.035052
1.704659	39.589200
1.481765	55.426318
0.490696	8.602732
0.888720	19.597290
0.465498	18.555248
1.792475	24.146192
1.241081	34.806092
1.044809	7.941446
1.431356	35.327781
1.602246	15.482036
1.463091	29.632892
1.728910	22.572148
1.375895	30.437707
0.142954	1.508474
0.631016	71.218554
1.788342	20.699418
0.613210	50.341473
1.413310	13.808498
0.766799	18.047665
1.935949	46.789237
0.801380	28.364247
1.025558	52.741082
1.644561	187.880781
1.470676	13.180728
0.962058	11.418402
1.530251	44.340137
1.967354	21.659475
0.649410	28.184126
0.827660	24.790906
1.159023	19.316344
0.948946	3.543724
0.954441	121.464586
1.128754	5.498374
1.668859	103.511798
1.017933	34.191285
0.855601	9.783789
1.311158	66.130175
1.795338	3.694688
1.532477	17.799067
0.991460	25.050228
1.954800	6.861020
1.519520	14.486717
0.635479	31.132615
1.525165	42.130036
1.848895	21.894916
1.195036	8.332410
1.577523	27.140639
0.661315	37.534797
0.574747	65.170941
1.425842	34.544852
1.085006	28.311246
1.174564	44.898711
0.939241	14.530938
1.168915	33.862295
0.547492	88.114691
0.568704	13.919613
1.151651	25.370574
1.165158	1.963203
1.794939	33.889320
0.976006	19.984148
1.498647	26.137427
0.932279	31.137763
0.939979	9.596033
1.546559	25.759726
1.327786	171.902959
1.042764	10.116966
1.210499	30.406007
1.752996	38.897963
1.602378	51.525205
1.894617	16.379097
1.803459	116.810051
1.487713	47.635878
0.737478	17.503498
1.025681	8.429206
1.316788	28.329224
0.350743	30.919453
1.505235	19.526667
1.967548	12.805649
1.726888	66.025842
1.515129	35.253353
1.500190	33.750408
1.835076	14.941596
0.943930	32.154709
1.155408	26.935832
1.474030	4.016796
1.343613	86.385767
1.752492	4.281146
1.032426	9.311222
1.109364	39.385456
0.842772	28.847271
1.441552	22.281385
1.069605	32.492572
1.307841	76.982852
0.444119	5.939653
1.539867	10.769509
1.284039	21.463009
1.596829	28.215367
0.844111	36.346410
1.770129	30.290210
1.793925	86.207699
1.140929	16.801658
0.538273	13.481099
1.246184	180.727616
1.454126	62.215331
1.383371	3.128728
1.836073	51.805259
1.868552	67.891616
1.417096	21.202318
1.447036	8.973167
0.617523	10.780136
1.074268	21.228410
0.975617	29.716644
1.000441	35.582310
1.574440	18.163807
1.217510	10.840036
1.239274	69.605565
0.840179	2.361870
0.693856	12.471192
1.098816	47.058066
0.435295	12.571220
0.678823	22.572105
1.713071	89.241844
1.141441	40.920400
1.961598	53.812120
0.162464	8.928718
1.872256	63.981298
1.462202	35.155731
1.418563	22.994264
1.746723	20.376671
1.424007	24.261440
0.354906	5.503678
1.848125	61.864876
1.797676	19.716152
1.265193	20.987793
0.609139	32.907266
1.717563	2.944645
1.279827	23.540593
0.969431	9.043049
1.989092	30.168470
0.688698	22.762692
0.688842	15.946186
1.383743	101.341468
0.872777	25.330967
1.102966	23.647854
0.827836	7.835618
1.658094	29.356451
0.885567	45.458812
1.749560	21.995459
1.587323	4.179194
0.923611	34.901806
1.683139	49.507144
0.957486	25.864130
1.094601	12.280240
0.494652	4.721236
1.337776	32.125505
1.709610	18.036649
1.418356	21.559428
1.312455	34.723117
1.836488	23.297363
1.147335	11.323166
1.993096	13.429387
1.176615	308.112389
1.448563	115.672591
0.398053	63.833758
1.531054	23.608252
0.958600	44.222714
0.613028	16.661744
0.655935	11.489480
1.247830	61.523050
1.368672	29.566437
1.538219	57.315821
1.154592	4.350149
1.784546	28.705606
0.467610	28.167344
0.599247	12.862076
0.805795	18.386356
0.553993	22.140395
1.617519	6.149739
1.027179	37.106446
1.390512	22.846537
1.631157	43.194291
1.305771	24.915342
1.285311	15.473895
1.160956	127.356122
1.526565	17.243296
1.279595	32.929068
1.089957	47.938526
1.410622	30.081406
1.937653	98.684137
1.697096	51.875296
1.156073	17.447503
1.395532	42.803352
1.071218	50.155537
1.265637	74.470771
1.583866	17.565404
1.742916	16.811942
0.446060	13.322561
0.689089	10.604117
1.355030	26.373999
1.538572	63.666805
1.474690	13.539444
0.843273	26.924848
1.465193	12.308915
1.178394	28.647774
0.835370	57.619832
1.815641	57.007736
1.280184	71.936138
1.780960	25.762282
1.111927	65.889445
1.433144	21.831753
1.710627	35.927132
0.973518	38.379302
1.773378	31.578012
1.009374	6.733811
0.759604	13.068894
1.593643	32.433621
0.983086	34.126732
1.924599	44.193982
1.691465	51.873871
0.810426	83.349094
1.978072	75.749209
1.028405	13.700872
1.321671	21.074510
0.481696	12.532675
0.380978	22.606494
0.920052	49.930840
0.237894	18.202674
0.890507	93.149769
1.268663	61.890799
1.519642	22.204942
0.846310	57.996513
1.095750	48.575138
1.058199	28.559052
0.971561	14.931535
1.066969	78.534050
1.217648	45.036771
0.753118	63.805368
1.182429	30.077367
0.861830	24.871803
0.453173	18.574994
0.780435	47.682084
1.893679	17.998380
1.243287	6.216613
1.971653	54.056918
0.801111	12.309871
0.914243	19.967739
1.444313	77.305974
1.015381	5.219044
1.024519	29.391413
1.752198	29.503173
0.330944	18.485446
1.482709	14.282387
1.808852	16.688365
0.707618	137.609477
1.089830	77.201422
1.698611	38.242151
1.287715	20.366306
1.019066	69.109849
1.422720	9.890308
0.967002	1.101539
1.423296	106.462409
0.649543	24.662818
0.801458	59.615767
0.254076	12.478321
0.727072	18.862197
0.619464	9.684450
1.381364	9.429801
1.910155	30.398941
0.783650	17.343307
0.616430	20.287580
1.288037	28.741910
0.720629	60.500019
1.297486	9.355193
1.242103	9.209220
0.282516	22.625098
1.942185	22.947591
0.758438	1.939564
1.831621	38.893736
1.058471	40.153472
0.676562	25.263924
0.565905	49.788042
1.251391	55.833530
1.025535	20.733998
1.867392	43.828442
0.758501	26.224896
1.568807	36.958322
0.729522	40.485190
1.795391	22.761700
1.251057	11.739427
1.732556	5.697480
1.141593	17.598439
0.709520	36.482437
1.294054	128.455953
0.882081	25.288081
0.727321	15.541416
1.845703	32.027232
1.312058	19.272315
1.685104	29.537573
1.647968	76.412655
0.098864	29.300802
1.817549	54.691866
1.644005	19.548241
0.875736	21.258499
0.808356	40.829544
0.432519	34.809517
0.531443	9.054438
0.745878	10.363136
0.149737	4.773585
0.952786	6.288453
1.874883	43.115268
1.317707	11.522269
1.355378	16.563652
0.821378	32.793624
0.800955	21.009994
1.034035	19.534734
0.864700	37.229964
1.774672	66.644106
0.713769	25.077971
1.495665	42.058876
1.219938	53.915158
1.499209	14.354417
1.737947	121.003328
0.993412	15.750314
1.296134	40.986501
1.233807	35.206390
1.043259	23.533345
1.702930	181.222360
0.222154	9.990869
0.943581	35.096504
1.733940	28.266817
1.796038	90.168338
1.523794	106.457417
0.992480	80.594793
1.718878	56.155224
0.509928	27.563106
0.870119	23.712660
0.531436	35.764876
0.574113	24.277632
1.373857	24.335371
0.477695	23.711837
1.503092	30.374311
1.005168	160.005554
0.428972	26.218504
0.903693	28.602870
1.083416	41.623701
1.032872	14.680968
1.250571	44.102390
1.239614	50.724144
1.022057	2.899571
1.838517	156.624373
0.791929	32.877693
0.991708	26.004646
1.315363	13.584770
0.835977	4.254722
0.660176	17.741435
0.185879	13.046662
1.911624	18.396663
1.660513	63.773615
1.822222	37.246227
0.375796	6.472253
0.481310	39.132862
1.312866	10.914965
0.302341	4.094048
0.880163	27.496580
1.955545	11.697605
1.018680	6.186893
1.966500	37.883317
0.592731	38.503641
1.061613	68.419229
0.180226	12.416710
1.371590	46.300660
0.994025	3.189452
1.241396	44.014473
1.676552	20.621355
1.311679	43.174070
1.481341	8.983726
1.193837	40.312428
1.605402	11.447408
1.387915	16.793593
1.786252	19.595184
1.617491	46.820594
0.813091	34.033973
1.271955	67.979257
1.800458	11.686934
1.775443	27.327759
1.201249	11.823722
0.949491	23.914841
0.775157	7.507605
0.745467	12.414017
0.647086	16.555693
1.999395	17.460408
1.477344	96.886336
0.950772	57.829734
0.916241	24.423994
0.936078	36.724910
1.796583	36.140357
1.255135	46.451328
0.880315	6.804620
1.682196	34.512053
1.608918	64.196250
1.186944	17.633285
1.516438	39.520226
1.590663	42.757925
0.408797	36.986265
1.801359	92.718663
0.905962	24.587037
1.969263	29.271881
1.852686	12.889219
0.281878	12.230335
1.415298	30.922915
1.943431	5.488511
1.332161	59.526456
1.407419	6.679017
1.888781	9.923667
1.343733	76.870527
0.834473	56.358351
1.175952	4.506469
1.006990	14.710266
0.693796	36.377351
0.781417	45.309436
0.445681	20.495389
0.696977	3.742658
0.859836	10.819369
1.621155	25.829431
1.031983	47.924256
1.519750	26.090534
1.993730	36.611593
1.357059	20.920899
1.405198	10.742335
1.313199	56.179487
1.077599	20.554634
0.729440	16.197065
1.963442	74.002798
1.202495	15.110773
1.896590	13.425337
0.860749	15.572103
0.570007	4.712788
1.439018	59.917200
1.763701	15.030605
1.476775	67.931215
1.597738	24.454356
1.396710	41.445693
1.603085	123.754406
0.998318	25.407050
1.068313	43.586386
1.654493	79.561443
1.686875	100.256571
0.506083	7.119997
0.268222	23.107089
1.483212	7.786835
0.510929	27.367215
0.702114	3.466446
0.750747	16.486516
1.249390	21.997981
0.757903	17.078983
0.720257	8.063107
0.225206	12.132732
1.633646	19.071091
0.630454	11.094327
1.337789	20.871620
0.926736	17.281775
0.724244	2.545111
1.002058	6.888037
0.856759	3.747709
1.135128	55.803900
1.518548	31.576496
0.413468	20.720944
0.724753	7.944208
0.499994	25.836382
1.947777	12.666603
1.345447	101.273840
1.715828	2.253967
0.872264	30.581891
1.832505	11.582230
1.427276	20.177437
1.093638	58.023752
1.385027	9.522691
0.612442	6.863128
0.948475	17.847017
1.293907	21.754820
1.444335	29.720496
0.786138	3.497017
1.986743	31.146736
1.735449	44.476507
1.354446	27.368880
1.956667	113.410350
1.254259	44.046404
1.914600	19.999590
1.611233	9.115333
0.787184	20.161706
1.092953	11.394121
0.865793	16.016188
1.565987	71.619811
1.633773	25.603002
1.509612	56.593622
1.303356	14.293932
1.087664	30.774979
1.974402	59.672938
0.325617	32.264466
0.604560	7.798319
1.382317	5.539486
1.617388	45.855940
1.931345	65.000346
1.221211	15.827025
0.870937	104.884757
1.782329	32.255304
1.146237	60.897480
0.615898	22.393077
1.268379	33.498799
1.273505	26.194546
0.808158	30.466724
0.643237	30.803006
0.644302	29.687609
1.720451	94.162679
1.237005	149.370638
1.587958	26.203152
1.939180	96.561423
1.672394	17.051833
0.673764	8.600741
1.114864	46.574849
1.229575	11.197584
1.535183	108.631580
1.943085	72.867256
0.902782	8.580442
1.779040	60.212178
0.477869	52.692007
1.795805	28.786894
1.525206	4.124283
0.327993	70.555788
1.400175	28.712394
1.889365	16.750776
1.134096	30.595415
0.589945	12.056613
1.981455	77.482921
1.110022	15.357187
1.276947	46.323267
1.946961	18.591015
1.361615	17.622975
1.497622	61.636554
1.548216	16.074928
1.613850	9.156647
1.684876	86.103267
0.485128	38.456488
1.894128	37.645741
1.303010	38.605720
1.285914	17.003748
1.739223	10.267410
0.938181	26.553293
1.467390	44.619638
0.954680	48.272879
1.625018	70.521800
1.134685	9.757505
0.731095	30.338824
1.853752	5.231018
1.613580	42.124753
0.250798	32.811243
0.455858	51.607003
1.052253	54.989435
1.654263	36.776540
0.887742	20.088292
1.984947	137.970954
1.869885	44.199611
1.784364	33.342630
0.212857	6.338492
1.941654	8.494655
1.371456	14.029944
1.371281	4.532167
0.546553	11.874057
1.398203	15.035520
1.278219	40.264709
1.297170	8.911428
0.740058	57.503978
1.299722	5.435527
0.478353	20.957131
0.293231	16.495496
0.779736	3.256333
1.687220	42.449451
1.389450	15.689064
1.830787	57.522800
1.067579	50.673663
1.006755	43.200814
1.533360	22.009682
1.095326	19.953639
1.055604	8.762874
1.184611	24.940800
0.584195	21.953598
0.761028	4.020602
1.389126	18.419461
1.396753	34.701623
1.369694	10.419372
0.755501	29.711644
1.138667	6.086598
1.872938	87.500379
1.778634	47.040974
1.321040	13.983863
1.841063	6.025563
1.495883	8.014469
1.103235	8.643323
1.648652	11.226989
0.930505	34.466390
1.768848	78.696315
0.974622	17.744486
1.676306	8.829774
0.896603	15.278954
1.866456	77.253226
0.727750	8.290408
1.561810	36.590671
1.097769	138.395790
0.277141	3.278077
0.978352	17.126484
0.760693	9.835809
1.317700	30.034161
0.860827	37.186895
0.479156	39.408989
1.924099	83.452548
1.754083	64.606190
0.394366	7.950426
0.880188	4.668685
1.429495	42.453043
0.961645	33.807718
0.897425	84.883219
1.378042	11.928350
0.745456	1.867363
1.456369	14.965376
0.523428	29.668589
0.967380	39.007546
0.586124	3.458198
0.921696	52.884287
1.507531	68.708432
1.629623	49.403966
0.649483	26.351980
1.602861	20.384666
0.510546	30.555096
0.785759	56.640604
1.235942	75.871768
1.953348	193.594641
1.957051	51.865443
1.203062	22.053653
1.692261	9.459361
1.314907	8.277331
1.611143	48.153171
1.463163	14.202078
1.529043	19.490611
1.144765	17.057587
1.735509	26.258895
1.153900	46.317195
1.541939	30.606343
1.793115	31.717330
1.466879	13.424306
1.250027	34.520920
1.277667	25.378403
1.546514	16.615397
0.530604	12.023552
1.438540	51.042186
1.045868	6.158018
0.629064	8.959020
1.859519	73.110623
1.231910	12.675431
1.170986	23.149958
1.298624	11.745260
1.417696	63.956190
0.745995	25.342449
1.422080	185.976057
1.010844	6.815908
1.555416	42.853993
1.641729	50.810550
0.197717	9.994595
1.557818	46.255068
1.010928	145.960036
0.933249	11.271632
1.042719	15.425356
1.348006	15.339386
0.583781	17.027237
1.530663	1.917609
1.153164	7.143063
0.679467	51.456801
1.249452	5.753333
1.345716	21.920334
1.001169	32.920038
1.839167	27.894824
1.529132	10.258183
1.475445	146.147860
0.421402	21.482477
1.237888	14.332652
1.762846	39.978414
1.485861	4.479652
0.814497	35.372338
1.779048	81.091135
1.037511	11.805234
1.863455	63.805117
1.253757	38.695894
1.664176	113.669983
1.401952	6.437123
0.913170	97.813114
1.464258	15.906836
0.216452	10.419515
1.738728	70.051554
1.944582	24.448313
0.768688	43.699264
1.814045	9.577131
0.695190	10.721093
1.222725	65.446882
0.915158	54.120431
0.740810	12.810634
1.617183	3.638664
1.694737	20.414443
1.744004	28.333572
0.207014	30.703514
1.758280	67.452815
0.415212	37.194658
1.158067	11.195965
0.709582	7.647403
1.850329	39.709106
1.349611	29.519195
1.188226	19.099335
1.151669	28.270786
1.091289	19.776986
1.196443	64.994190
1.333133	52.948971
1.710797	101.156137
0.822895	38.263456
1.691322	59.138444
1.731449	67.616930
1.763569	9.153595
1.905663	42.225971
1.929712	7.719089
0.568566	10.134892
1.804771	37.962760
1.754600	6.290975
1.049702	11.546321
1.520333	27.429324
1.881988	44.732737
0.528536	25.836438
1.014086	17.138415
1.957780	38.332557
1.307216	21.823994
0.529629	11.291383
1.936866	48.349004
1.844060	11.597726
1.694473	18.197196
1.674799	73.586391
1.214466	40.991946
1.800920	12.096154
0.936450	7.800810
1.020431	48.167432
0.784809	10.733481
1.089283	50.296540
0.815892	21.866395
0.990981	3.802839
1.518869	88.063159
1.130366	18.900830
1.635338	58.573091
1.204046	30.156096
0.637487	24.220077
1.596628	81.422036
0.460073	6.021094
1.907057	178.516217
1.747671	89.708555
1.940174	98.256965
0.841771	38.823457
1.207378	64.006691
0.743052	50.048280
1.118777	8.328039
0.833263	35.294989
1.765919	91.571426
0.599543	17.922827
0.800909	8.952680
0.867911	28.871727
1.590729	33.608450
1.429339	61.759130
0.631264	33.184172
1.392577	61.766956
1.756094	30.364190
1.163809	10.187525
1.401771	20.706450
1.283111	3.069960
1.019247	21.688376
0.134459	4.588436
0.730466	87.508935
1.914601	8.466749
1.014283	32.229790
0.922545	22.729187
1.404845	24.422782
1.845726	2.916312
0.931220	8.676628
0.797371	53.311788
1.842835	45.519293
1.644222	131.157481
1.537178	10.292556
1.320604	21.329987
1.123467	26.255553
1.440471	62.741140
0.786404	8.115519
1.711237	60.061955
1.109539	114.005945
1.615749	60.634159
1.702528	78.560062
0.486646	5.981433
1.496540	38.229953
0.931690	37.662134
1.020772	19.733615
1.583564	17.124802
1.931016	2.436042
1.690235	7.478454
0.913685	9.267284
1.545062	104.312861
0.971843	26.990654
1.144741	11.553987
0.602791	42.141726
1.737320	50.914654
1.453944	22.631536
1.781770	30.367597
0.798110	16.826538
0.616467	13.429462
1.708317	13.552392
1.806750	33.746100
0.703125	28.978841
1.446495	34.882537
0.689772	41.870909
0.253122	17.076126
1.298515	16.145516
1.919666	14.712340
1.370070	38.689756
1.128892	64.979982
0.897835	46.599649
0.896889	41.868107
0.866228	20.103596
0.772516	1.371775
0.461821	33.299068
1.619299	10.654299
0.952025	23.469965
0.671944	37.231442
1.390427	99.005104
1.894157	54.538083
1.516039	57.874676
0.740741	59.058591
1.106076	8.163150
1.723247	68.007325
0.412521	18.199367
0.985835	56.678755
1.065804	38.876379
1.164412	64.205553
1.322766	73.082987
1.226017	4.385154
0.685085	16.675159
1.110368	46.083343
1.036704	38.139999
1.886142	8.656414
1.597724	82.295777
1.786619	35.347701
1.547759	38.672966
0.432665	8.370383
1.196634	33.714766
1.651032	44.642501
1.371476	21.024925
1.621511	22.415792
1.938308	58.595760
0.839606	14.026822
1.972969	10.344666
0.597212	13.595528
1.871393	13.289768
0.743323	21.282603
1.562401	43.076505
1.659123	58.421002
1.701689	24.461229
1.141900	4.491674
0.698178	29.101834
1.678561	4.044133
1.450307	18.204733
0.857501	7.314882
1.073112	32.608905
0.923352	8.298162
1.863092	29.055846
1.690292	44.679152
1.812312	46.956720
0.415698	25.874717
1.474998	63.975848
0.873820	19.044194
1.605849	20.968628
1.825731	96.533798
1.632703	45.971861
1.856871	21.770088
1.082538	22.033400
1.420101	54.129580
1.197830	15.470591
1.730822	75.473358
1.329332	88.278496
1.548094	16.290174
1.430158	23.071840
1.780475	17.425065
1.277641	19.049881
0.570656	47.484371
1.917370	23.504632
1.318738	117.188812
1.658350	28.593275
1.501896	37.557380
1.132714	33.670458
1.921222	25.306020
1.582679	37.274991
0.812171	31.584535
1.993170	9.458379
1.999776	35.845587
0.910112	17.032040
1.975886	25.699901
1.410018	11.010053
0.728458	9.747941
1.964640	13.783498
0.554371	7.624221
1.439810	38.400913
1.741677	33.865686
1.729587	14.916025
0.184587	26.904145
1.122897	40.057120
0.522035	38.119538
0.860392	45.584984
1.900007	17.094531
1.815286	127.112057
1.472289	62.737780
1.837238	15.992287
0.953443	6.458357
1.727838	131.704542
1.510746	73.874724
1.584392	49.825941
0.514330	3.955250
1.005381	49.557540
0.406040	17.714978
0.660731	72.029973
0.880325	9.483838
1.362926	29.926793
1.623538	29.117641
0.569849	4.620750
0.425750	21.982990
1.814047	16.905364
0.618755	10.268985
1.157902	35.359458
0.579679	15.990053
1.287681	7.279221
0.564687	22.990743
1.627188	10.615049
0.513896	60.811788
1.130522	60.023198
1.115900	69.503160
1.872563	32.429163
1.129922	21.566478
0.474451	21.549662
1.300126	13.257716
1.570779	19.215125
0.987069	36.938414
1.396933	59.113048
0.599711	24.938957
1.123116	11.129402
0.691444	33.913606
0.883916	24.477407
1.445174	13.152644
1.614033	40.805591
0.945838	14.245887
1.983402	366.613978
0.902351	5.215172
0.660009	21.273179
1.788763	52.936158
1.458135	32.874069
1.502683	21.648894
1.675925	46.871109
1.999169	11.814023
0.901248	33.805310
1.307020	43.274243
1.539671	46.161616
0.651983	54.121590
0.938282	10.419058
0.937995	2.421229
0.971375	68.660896
1.560625	39.700416
1.373107	49.841117
1.557143	36.064213
1.253911	12.658844
1.927906	36.067445
1.266258	24.592864
1.389451	37.093344
0.924448	30.052366
0.438543	14.263070
1.708387	35.405397
1.771638	27.736803
1.762964	41.719017
1.687161	11.672269
0.875503	191.992918
1.346778	41.866170
1.707506	41.148923
1.421985	23.996156
1.932887	81.214849
1.499893	22.665322
1.325782	36.424176
1.992490	22.471388
1.286935	26.890549
1.946406	16.075801
0.236568	18.166028
1.310032	63.071959
0.909240	41.975728
1.077795	80.303942
0.519920	31.526861
0.868142	28.713860
1.339113	13.089555
1.565309	4.607345
1.856038	21.908838
0.812588	53.272994
1.677637	5.262617
0.309240	19.208195
1.830023	17.130197
1.376393	118.078118
1.755034	31.939981
0.852917	8.078767
1.042895	29.772454
0.542762	19.105565
0.496250	18.095201
1.725248	35.124365
0.922334	23.016492
1.011136	81.711320
1.281061	8.481382
1.489405	65.983295
0.398924	24.410791
1.345913	151.793830
1.399140	7.176800
