# z 	 DM_ext
0.065748	63.200151
0.089074	107.589702
0.222212	92.801507
0.164077	144.903353
0.284410	315.434864
0.330052	328.539597
0.108960	92.243546
0.138810	146.318469
0.173693	255.750965
0.004347	13.633686
0.146875	157.903978
0.023439	49.034804
0.115070	214.341835
0.079535	98.716166
0.338291	606.550359
0.145106	120.964094
0.528147	422.655338
0.250277	321.687683
0.379005	241.062559
0.207877	373.356655
0.078186	85.865124
0.476670	593.707184
0.185367	212.878745
0.084741	16.350845
0.058433	107.727013
0.192032	292.486504
0.407897	814.648678
0.225892	209.699504
0.092891	107.837458
0.217532	368.058716
0.308236	227.450976
0.011554	19.856900
0.023862	10.202397
0.282153	582.162184
0.022211	26.461937
0.114842	195.989788
0.161326	157.090906
0.038046	42.986264
0.120232	257.103316
0.163824	165.886418
0.424063	466.583537
0.386047	267.162936
0.191214	146.528881
0.068921	130.319499
0.393349	340.227188
0.405325	415.439322
0.056784	28.856969
0.174629	308.588562
0.084883	147.342510
0.197957	289.991971
0.051252	33.258085
0.305088	328.896361
0.199226	39.158805
0.051407	49.528985
0.281183	250.871622
0.068202	181.918368
0.006974	53.773389
0.036976	67.680493
0.336412	348.014836
0.581176	586.144901
0.593225	197.114493
0.073701	154.950492
0.114705	170.776308
0.086950	133.664486
0.140041	240.809890
0.020759	66.820413
0.076308	79.197338
0.175245	187.641211
0.337951	667.419020
0.191159	257.761332
0.108894	223.671813
0.038430	26.777075
0.356318	301.514803
0.016024	24.356667
0.023189	20.765178
0.254330	436.681963
0.288491	365.494255
0.109978	285.467396
0.004403	4.438604
0.117801	25.469539
0.091622	36.910976
0.481355	351.048155
0.220138	288.994663
0.227181	129.993183
0.415625	409.154324
0.429209	579.074645
0.164809	74.354768
0.065682	25.164252
0.321448	340.593679
0.307108	395.107178
0.251958	454.017575
0.164061	263.566237
0.116500	310.369571
0.430312	327.673929
0.091274	100.331143
0.061774	144.357904
0.108332	210.860880
0.049627	93.228368
0.308394	314.590417
0.164231	47.200113
0.005249	40.133730
0.221019	110.824911
0.112563	40.106094
0.144508	234.100443
0.185727	138.278689
0.078671	69.769002
0.060913	208.564143
0.252810	231.300639
0.028247	12.571140
0.042054	84.044566
0.056008	128.664204
0.351576	264.031453
0.445284	625.782927
0.055324	62.693467
0.043220	85.365770
0.162253	66.087263
0.112382	123.677059
0.313595	333.799095
0.234032	317.616813
0.621782	728.993461
0.159774	282.314683
0.173976	97.396223
0.049403	83.137355
0.219826	108.324007
0.014998	40.022499
0.202816	220.360881
0.002776	18.686304
0.252470	108.520125
0.167200	296.422859
0.027408	32.006452
0.218735	192.327030
0.045400	74.796866
0.141840	92.559224
0.569298	427.913746
0.513627	487.375861
0.240010	61.784476
0.419992	674.917672
0.004069	26.178685
0.417548	412.667033
0.099273	66.962690
0.137996	166.622266
0.090698	42.741237
0.132203	120.986721
0.081020	20.219788
0.080381	140.441101
0.096870	68.429420
0.030644	60.609962
0.277260	34.192326
0.332828	353.189692
0.224519	7.045792
0.094607	233.798529
0.153554	185.608343
0.049956	26.208526
0.439172	397.524487
0.273273	74.767016
0.058026	88.328770
0.105586	90.617779
0.068852	89.501148
0.088866	83.680520
0.019543	47.649064
0.177056	187.074320
0.103301	213.234232
0.227454	435.989035
0.014898	50.528757
0.211622	158.833131
0.470937	628.775604
0.238606	247.911196
0.626638	623.590440
0.066597	195.285486
0.001534	16.541847
0.106095	147.021272
0.367373	450.999994
0.065663	22.259746
0.170658	329.682255
0.258898	215.546367
0.458644	557.145314
0.259743	491.689570
0.254955	349.067273
0.234059	412.176303
0.386890	163.002584
0.043992	93.101015
0.026380	44.913407
0.101359	153.817491
0.379206	199.307213
0.205836	265.330039
0.603827	413.089858
0.100111	37.120668
0.074561	89.959591
0.016263	33.183339
0.288078	554.582177
0.525326	661.213528
0.294495	339.366585
0.136261	92.127500
0.044219	31.723715
0.289891	344.282459
0.045493	39.921165
0.222059	303.116925
0.141811	67.486294
0.114650	120.579737
0.141579	229.749801
0.058898	142.044677
0.103980	104.128562
0.125881	84.287883
0.284090	549.352723
0.169059	260.591340
0.053250	126.453371
0.421471	307.806947
0.076660	87.196056
0.076584	16.792257
0.604990	386.404333
0.161495	105.344464
0.334878	292.623489
0.136646	432.244354
0.052174	66.369737
0.127304	189.001583
0.127630	271.036841
0.036484	31.856255
0.098195	41.030647
0.081123	64.288345
0.147461	292.432232
0.388986	498.817641
0.092221	112.585904
0.194135	316.349443
0.249953	164.130682
0.534298	462.985704
0.173555	205.011626
0.132101	222.447636
0.035936	32.444614
0.178656	108.986766
0.382534	377.978633
0.108169	56.022387
0.109461	180.289934
0.078526	126.681167
0.104497	130.403554
0.148905	283.422985
0.161069	245.740897
0.129672	62.776347
0.024567	39.101628
0.073297	66.409160
0.193443	330.627514
0.177513	264.554982
0.233135	230.437722
0.326090	480.137984
0.013370	16.500242
0.052893	120.548252
0.213051	38.606519
0.423555	241.985272
0.515620	658.815027
0.394176	218.803301
0.327746	425.053350
0.126733	207.664851
0.244566	307.085391
0.059816	133.854571
0.145199	158.523820
0.276699	460.752183
0.273152	301.266714
0.054133	90.264737
0.030857	49.496289
0.004044	18.342568
0.012281	25.501931
0.211832	280.596363
0.105120	76.734366
0.152180	45.705530
0.050949	160.143843
0.232190	120.927227
0.228108	295.264098
0.514548	512.274152
0.310520	477.719953
0.156963	253.186918
0.141099	59.460591
0.197573	208.687376
0.336989	85.436938
0.039962	47.546643
0.060675	108.831216
0.011456	23.996152
0.116089	228.618429
0.022429	19.132812
0.154013	50.964133
0.471733	141.640585
0.064879	48.835388
0.373520	382.000933
0.277091	117.794843
0.105152	374.061737
0.304783	810.171529
0.225147	237.026968
0.002366	9.506321
0.523594	829.184065
0.259030	383.708560
0.252511	144.654055
0.037361	77.612058
0.153242	307.219502
0.581240	568.176437
0.139201	214.807626
0.048015	98.233959
0.213369	106.302462
0.175859	51.005334
0.152606	296.112688
0.164656	285.824448
0.164025	192.811414
0.436587	523.301288
0.092618	162.885664
0.432019	433.474496
0.032590	44.193643
0.277363	291.757175
0.259516	493.457237
0.068208	148.881421
0.068871	84.623152
0.332805	232.349770
0.103021	230.997017
0.329258	393.155318
0.199333	195.338861
0.088099	34.677730
0.302659	443.560872
0.624485	564.075671
0.560568	634.208155
0.081631	107.987334
0.007286	26.337066
0.451443	494.749136
0.282639	342.466292
0.192478	56.817490
0.136008	209.246919
0.472435	325.272203
0.166090	152.063879
0.165967	182.660472
0.188036	260.376250
0.253567	346.884938
0.659625	807.245358
0.139344	43.186516
0.000451	12.047762
0.187011	140.014867
0.132706	135.051732
0.346265	443.155946
0.059547	42.504592
0.052969	76.706586
0.338192	558.539568
0.203379	301.091269
0.419653	555.712998
0.117226	256.001413
0.082333	80.837789
0.075017	151.379483
0.076456	17.217336
0.096463	48.737868
0.377287	317.160130
0.170805	113.111772
0.152191	174.364546
0.033369	32.779293
0.041895	161.369655
0.285858	442.251950
0.130716	351.611031
0.610845	810.192155
0.026610	82.755734
0.031550	31.230179
0.214636	218.100053
0.001955	20.332729
0.143820	216.862018
0.054335	119.954693
0.135262	148.518375
0.132621	114.635458
0.033609	60.500670
0.038768	43.435729
0.266119	363.810888
0.141358	140.039053
0.094567	222.053845
0.134695	286.275922
0.127819	52.514767
0.036808	168.227194
0.060334	195.487440
0.461000	541.384690
0.417558	592.632193
0.376249	66.368896
0.269546	542.369108
0.265179	290.835944
0.152363	306.312585
0.010080	88.899180
0.187560	304.165742
0.088442	103.838703
0.136270	120.264834
0.412310	701.885652
0.297543	384.445978
0.254615	398.196162
0.098329	122.264029
0.217836	411.635781
0.442107	580.350983
0.074902	21.180375
0.155195	254.292962
0.197166	18.087296
0.127550	243.321863
0.143385	121.403171
0.197071	239.980555
0.388130	522.985439
0.132084	180.172392
0.028581	73.902747
0.059555	154.481158
0.058847	96.394706
0.136312	170.087612
0.177684	114.029973
0.016326	30.970386
0.546629	367.359049
0.135266	183.946075
0.218642	172.343108
0.094854	196.754665
0.207259	172.641332
0.115081	97.779391
0.101418	125.763660
0.013978	21.799057
0.231874	133.898859
0.056063	128.946517
0.034948	46.026943
0.070332	39.966100
0.054105	37.119183
0.002706	25.976257
0.458650	598.454474
0.332690	302.355286
0.112302	74.443343
0.282196	251.434648
0.298463	569.838082
0.086750	95.065215
0.467866	363.760639
0.038604	62.734146
0.031083	66.286168
0.411119	96.068072
0.193670	217.635540
0.053192	126.997092
0.144112	92.601196
0.130168	294.242043
0.114382	148.100207
0.052669	73.890814
0.051807	162.675616
0.348424	184.020651
0.102209	174.111239
0.372876	536.365206
0.009837	30.099099
0.303631	25.185380
0.034592	49.556397
0.253296	126.896969
0.040385	62.123052
0.302812	402.147857
0.024564	38.826161
0.117640	165.503252
0.013366	14.843335
0.074050	24.567043
0.359959	539.737826
0.013435	25.865531
0.354751	285.852415
0.007404	27.512191
0.354024	395.507725
0.083598	150.086538
0.048081	37.482962
0.506197	403.252612
0.119259	140.636222
0.223775	292.504470
0.079546	259.350814
0.427958	486.088017
0.238541	87.680955
0.261011	221.414028
0.134516	95.247192
0.205432	140.045136
0.134379	175.136325
0.125183	103.828408
0.348651	288.749933
0.246196	526.478048
0.075819	163.683420
0.349922	257.424536
0.225139	167.758535
0.219343	338.983512
0.127518	259.363568
0.028286	56.512833
0.323775	325.471536
0.472201	637.831229
0.054067	157.435971
0.086888	42.299342
0.053879	136.174021
0.016846	42.195552
0.612076	571.656804
0.084491	69.222443
0.343896	389.841392
0.408227	344.388882
0.037338	29.445757
0.551247	912.572738
0.096723	183.348125
0.308549	313.579173
0.414084	235.893135
0.081971	108.045078
0.035582	72.255543
0.061453	51.667559
0.339752	301.242463
0.117327	58.713246
0.089027	78.173741
0.275879	459.302053
0.023726	19.741537
0.049374	18.139991
0.012609	25.370620
0.193752	237.446574
0.133155	106.768978
0.103380	160.730020
0.022040	12.105065
0.051722	58.638302
0.133949	78.577949
0.138467	107.817550
0.276911	241.709454
0.006131	15.920125
0.326038	153.602180
0.062439	32.765535
0.198099	271.518821
0.557673	545.986752
0.123317	101.356483
0.522816	442.863968
0.149739	228.914120
0.050464	40.783952
0.207759	225.526249
0.102491	91.950339
0.157790	270.413128
0.106854	190.688663
0.005075	14.328169
0.193178	166.457315
0.071625	114.420325
0.343857	422.509684
0.452380	403.599697
0.048749	133.548540
0.019542	96.728103
0.050030	92.882056
0.035693	84.606233
0.062228	105.598793
0.121022	132.500703
0.315863	282.659954
0.504033	431.150170
0.377001	627.348955
0.025013	47.531012
0.129629	137.065279
0.049763	96.551642
0.358009	466.447122
0.178131	128.305657
0.054252	30.172771
0.316869	470.433114
0.353660	506.060532
0.103139	358.222474
0.261638	34.284844
0.149750	172.224113
0.100081	168.586346
0.103499	144.826972
0.066377	123.699137
0.180480	77.156173
0.129121	32.876814
0.245999	107.827972
0.254075	218.726421
0.251184	202.618549
0.078499	183.485706
0.044047	15.810274
0.056446	75.045296
0.153764	346.840332
0.330050	342.397869
0.319428	203.617266
0.183278	135.849220
0.084465	127.167076
0.143063	10.596868
0.282679	569.444116
0.055980	79.367601
0.136573	207.591410
0.072226	86.616504
0.054819	178.583821
0.127663	161.789522
0.085023	128.850073
0.187565	342.855747
0.086584	199.226381
0.114911	30.154362
0.015985	17.297286
0.295017	207.395001
0.300210	41.575474
0.043941	120.244028
0.049908	66.112518
0.162515	134.306791
0.075657	34.025314
0.181476	468.858804
0.478602	660.829109
0.047144	80.199352
0.316733	528.709544
0.036275	76.852400
0.056084	92.748135
0.163926	89.751184
0.245572	328.729095
0.466103	511.824042
0.610390	775.509210
0.096715	128.256336
0.134991	322.552411
0.191327	250.361071
0.128543	160.370728
0.095494	194.942877
0.069593	69.678275
0.248809	188.549967
0.469253	479.704913
0.012570	23.982953
0.104957	78.838341
0.013185	34.116666
0.234795	354.070779
0.054290	91.653283
0.414362	446.651506
0.114529	99.848870
0.237805	430.764032
0.045671	96.379868
0.156998	172.571079
0.155156	222.769292
0.203743	188.083915
0.063603	15.367838
0.383051	262.962855
0.192041	71.125030
0.449828	483.695144
0.016661	34.640720
0.158405	144.240760
0.109672	137.082217
0.621817	366.334047
0.254240	359.957756
0.130819	25.440637
0.239643	288.302414
0.081383	91.500935
0.211870	119.936640
0.068700	94.526400
0.155658	254.567144
0.051498	59.124166
0.040070	88.034505
0.319784	171.141832
0.027369	47.906424
0.208620	337.193870
0.301983	328.926704
0.085587	41.008530
0.436190	521.604912
0.403144	136.085861
0.085022	192.040597
0.020867	65.509673
0.224778	264.427110
0.126459	259.881092
0.165605	53.540989
0.222432	139.386326
0.014814	28.304801
0.079338	178.282432
0.568802	601.418187
0.170907	163.993996
0.237251	129.735838
0.156178	257.347726
0.230537	29.116315
0.395715	329.388568
0.004017	7.360818
0.283953	143.367230
0.128450	80.661606
0.330677	347.610579
0.089267	91.377867
0.085053	118.983307
0.025637	48.930706
0.132212	262.760105
0.022937	18.913914
0.119830	37.367665
0.165387	126.916606
0.057289	79.697480
0.011728	10.414374
0.006551	27.062199
0.037345	67.823893
0.005443	18.816582
0.160765	136.276463
0.024861	37.682805
0.154453	255.812167
0.189866	128.464776
0.013317	16.018149
0.168514	19.904922
0.073319	102.814551
0.538580	759.319800
0.006569	5.539959
0.074989	116.328134
0.047759	115.943275
0.197944	214.383342
0.000819	13.961097
0.524387	1058.031737
0.190135	51.746365
0.176999	123.018374
0.026985	72.143093
0.298508	230.645676
0.270773	434.245151
0.428221	385.090633
0.097206	188.713522
0.011496	39.372831
0.060638	76.117794
0.342039	355.701073
0.075737	60.385767
0.305314	146.688047
0.653814	805.229564
0.081136	173.075521
0.216057	349.189244
0.037824	107.040829
0.320709	514.938552
0.232457	339.905455
0.289370	496.391656
0.090554	53.562229
0.161367	236.636050
0.152484	243.288175
0.091090	64.143466
0.171770	332.619466
0.204235	12.518330
0.243174	236.593915
0.088424	8.114355
0.304856	329.293517
0.286529	283.968647
0.247757	312.371261
0.327293	454.709045
0.115411	204.477804
0.030292	63.600672
0.287625	120.808113
0.070738	88.984821
0.012812	31.160301
0.073260	125.087669
0.167837	225.700765
0.489426	363.499606
0.206034	171.694446
0.325507	606.749075
0.281718	449.945779
0.196214	98.484138
0.105267	129.575708
0.037621	55.011902
0.075827	94.713991
0.102919	139.672757
0.124835	171.642394
0.073389	226.779539
0.236234	402.784458
0.075014	173.100355
0.100248	166.584724
0.068021	8.454113
0.097736	108.430901
0.028085	37.570517
0.018626	53.148963
0.582027	883.086109
0.327130	313.475802
0.506755	431.561310
0.546317	498.697046
0.045123	79.613488
0.487939	400.087311
0.380696	663.761828
0.096776	103.425103
0.204010	497.144561
0.316972	150.774170
0.257130	146.115614
0.125900	143.794576
0.170455	311.290355
0.228358	187.052221
0.093327	198.818285
0.253264	255.055240
0.060733	147.424627
0.501541	408.937171
0.365084	365.090480
0.322991	240.190444
0.213473	152.497795
0.183283	173.871623
0.377545	325.604453
0.032791	83.289189
0.051495	117.400468
0.259183	221.582258
0.139005	403.085869
0.073765	267.912773
0.403310	647.825932
0.165628	215.273585
0.203418	195.838715
0.412124	344.083781
0.123826	16.420076
0.037470	60.735425
0.401143	429.405549
0.079585	117.275862
0.346585	383.982012
0.062095	32.566598
0.018249	34.796326
0.350681	297.982308
0.097430	128.791098
0.019602	19.537150
0.365695	80.080945
0.182021	323.303824
0.097038	62.311317
0.214145	254.180929
0.122800	243.721835
0.106939	73.701629
0.313697	285.190558
0.184148	176.268796
0.057076	23.947709
0.143381	142.692538
0.309432	306.059949
0.035467	9.940908
0.435618	439.815298
0.177579	82.947014
0.163784	310.391152
0.172481	238.903673
0.605868	301.804718
0.144398	251.854531
0.098543	91.784839
0.125456	85.379861
0.350539	261.843727
0.269373	324.350582
0.146794	64.703533
0.249152	72.492513
0.047603	88.401004
0.272726	603.250064
0.106837	136.768588
0.130401	120.739309
0.290242	529.764786
0.120173	83.436724
0.139306	95.383235
0.003440	22.151991
0.273250	337.239408
0.010917	10.684622
0.072870	118.662854
0.193885	316.941081
0.055438	43.988387
0.071493	76.552833
0.185084	104.271700
0.200371	245.486767
0.151568	219.822739
0.002515	18.773650
0.006424	18.314186
0.350305	441.069316
0.094591	14.276317
0.186026	213.768044
0.118174	163.233408
0.081240	94.179232
0.276526	469.847750
0.415402	374.114517
0.118882	26.321955
0.268156	343.464182
0.011046	23.741580
0.047511	197.715833
0.221077	137.162675
0.095372	102.864696
0.193404	195.465037
0.224606	374.488597
0.264174	241.851051
0.343546	470.120755
0.350996	210.064749
0.034174	43.933519
0.121584	70.492303
0.117351	290.587238
0.136068	76.141305
0.106251	109.321934
0.145834	43.665302
0.068669	185.349167
0.323747	389.938655
0.224953	464.543632
0.067773	45.588037
0.148865	83.669517
0.037159	53.296100
0.049794	84.663613
0.337252	284.219881
0.559673	699.709190
0.201357	142.089583
0.158963	205.565895
0.027579	45.785404
0.086190	152.637019
0.080843	118.525563
0.087218	20.941829
0.058235	160.978543
0.024822	54.119740
0.279133	271.820535
0.213881	275.861057
0.024959	18.607485
0.150936	168.963130
0.101488	109.673615
0.616813	574.362010
0.449891	618.562809
0.613680	449.249201
0.084650	44.070354
0.008261	56.706774
0.032513	74.992503
0.086578	13.916596
0.110252	131.456806
0.625231	541.380373
0.322021	462.187045
0.214242	215.358016
0.455705	672.880083
0.251487	235.759453
0.304753	453.323143
0.101548	166.217155
0.016999	58.015508
0.011223	34.002883
0.011613	28.346592
0.275692	236.231978
0.052671	120.570777
0.102410	116.081405
0.021305	16.478184
0.405187	595.584396
0.142943	144.027730
0.184338	89.817650
0.203431	291.697710
0.229007	404.022380
0.424221	646.082016
0.284799	326.884936
0.040019	16.561131
0.049183	100.182416
0.359440	422.957927
0.111212	110.105168
0.557879	824.317561
0.236472	85.479992
0.196360	178.566865
0.149418	76.105741
0.317507	540.472528
0.246913	56.531621
0.118638	120.958077
0.072097	164.092667
0.122831	95.275891
0.144951	57.084201
0.091659	51.499937
0.046728	49.307026
0.155817	183.944880
0.219627	295.925916
0.192156	120.113466
0.031679	93.059327
0.611009	1273.062656
0.271138	438.874517
0.324637	381.627181
0.185594	376.434404
0.208059	523.487533
0.009916	28.587079
0.131031	103.469743
0.133174	276.173385
0.104345	207.447984
0.602393	350.988893
0.149100	324.095406
0.087759	89.758217
0.011301	11.146799
0.204748	164.027849
0.056429	67.944065
0.014630	21.446404
0.269431	302.887509
0.212921	199.084347
0.231642	208.348891
0.147701	232.464043
0.063963	2.519498
0.038201	132.159655
0.540187	662.869755
0.290884	377.665518
0.363986	353.247567
0.124390	321.572098
0.053953	11.305288
0.046326	13.713325
0.159214	285.747292
0.057125	114.583573
0.007782	10.516344
0.256637	292.267768
0.363874	388.973919
0.076802	101.187144
0.174542	208.214038
0.122699	371.891161
0.094888	302.293056
0.227123	513.275892
0.165353	192.697805
0.218696	166.992334
0.157549	187.685241
0.056938	95.923264
0.051486	46.743582
0.147963	230.668181
0.340683	406.682944
0.161738	328.114510
0.066457	48.543997
0.173755	245.934092
0.181057	175.622080
0.057715	23.523660
0.325108	255.258553
0.125037	31.429371
0.205744	165.367156
0.189205	49.515045
0.495270	777.095310
0.327260	156.454719
0.235671	364.574605
0.091622	228.704178
0.145629	167.191534
0.122617	24.799538
0.068094	103.721297
0.329817	224.230628
0.117443	84.509381
0.213337	254.101888
0.124130	124.334313
0.054977	111.850812
0.007503	26.926774
0.231551	373.731828
0.150749	56.687201
0.415091	297.328073
0.077757	109.440151
0.415679	651.366988
0.457842	627.939499
0.366611	458.588498
0.313975	364.347957
0.135498	195.494708
0.409249	289.410829
0.352739	414.795326
0.167900	189.792130
0.014869	33.571273
0.111122	230.646532
0.371208	548.951885
0.202341	83.175160
0.087880	273.807328
0.156585	95.514623
0.167397	106.497537
0.052396	175.889348
0.084515	99.709039
0.154676	265.852663
0.371188	294.437674
0.151942	288.290378
0.073993	192.777172
0.101837	124.987180
0.281795	376.540513
0.265974	528.968117
0.134701	132.577311
0.191559	203.700138
0.041375	76.982014
0.299387	274.812913
0.153388	352.083657
0.178063	46.245756
0.244890	217.277409
0.040825	93.106776
0.108297	106.125954
0.042814	38.935979
0.297643	291.979727
0.024658	70.920169
0.047039	65.398000
0.333272	293.834304
0.192327	261.257230
0.640008	721.473562
0.106892	137.503858
0.128518	228.388271
0.530532	287.058639
0.419627	482.135218
0.339656	323.612146
0.061442	70.346845
0.068362	60.084161
0.140505	90.287225
0.136674	247.971645
0.062949	95.023365
0.165524	75.858651
0.012496	47.098047
0.443842	337.476664
0.026068	51.387507
0.064164	116.995448
0.175726	94.879809
0.051018	65.472939
0.403453	176.373181
0.121893	18.854090
0.198200	351.864890
0.139092	205.493206
0.224039	340.693470
0.513959	356.387041
0.140377	118.597376
0.268851	258.349768
0.126009	188.313533
0.038763	62.111543
0.199397	242.320503
0.046523	32.130247
0.114933	123.182498
0.011502	36.043773
0.182139	192.049588
0.131539	106.917401
0.173478	169.503359
0.178359	268.289835
0.241840	138.436613
0.278371	315.066687
0.605239	997.592686
0.271602	234.878225
0.108893	17.919024
0.111467	165.483951
0.046192	24.793213
0.127071	72.886414
0.198170	50.618797
0.234528	133.325676
0.281762	452.257299
0.036750	72.368320
0.080077	85.789344
0.128045	277.135107
0.020612	37.236665
0.228609	220.332203
0.064721	20.326900
0.029939	59.251752
0.344971	300.285598
0.128478	123.070212
0.208535	152.319459
0.030772	8.548906
0.312147	442.958823
0.251831	128.618689
0.165963	191.774341
0.304571	58.973469
0.080443	116.222368
0.102058	100.739967
0.097670	136.314958
0.013573	18.920865
0.122191	82.887593
0.152191	85.690714
0.073689	114.679851
0.128694	52.102342
0.138878	178.434585
0.287933	142.602704
0.302011	547.747760
0.546707	525.279940
0.080975	58.855630
0.426013	170.700236
0.363333	298.305770
0.025761	70.688177
0.388830	225.354067
0.025944	58.999230
0.170697	164.339479
0.451848	654.071743
0.003505	9.530839
0.261017	674.789254
0.031009	16.064162
0.557879	736.590952
0.352813	143.490171
0.017805	30.598195
0.087936	134.083120
0.482315	480.143861
0.214503	250.949706
0.297140	579.539941
0.101707	201.810062
0.368350	318.999731
0.038571	70.371208
0.094806	18.014456
0.214855	207.486268
0.125834	164.113528
0.209887	310.835672
0.254544	435.169603
0.126619	127.182337
0.076093	199.915202
0.170367	222.703327
0.023737	14.327850
0.066050	64.049250
0.106371	125.341108
0.155767	151.824122
0.522687	315.395034
0.009705	34.341014
0.161510	71.567503
0.296214	525.594926
0.118460	237.348958
0.079991	95.525811
0.138852	45.689290
0.082403	116.281393
0.041786	87.534824
0.057290	146.791462
0.058746	23.261143
0.190726	257.141302
0.130728	155.427635
0.044762	36.411949
0.601446	381.652806
0.280922	420.395622
0.314720	267.339361
0.532619	1300.500570
0.083126	199.176955
0.544262	604.926198
0.208468	266.640210
0.411028	255.634705
0.155659	297.569915
0.085488	98.227450
0.310980	332.579690
0.035216	92.638107
0.278665	21.687212
0.015421	31.416606
0.053599	88.574398
0.123318	56.426681
0.324956	115.023107
0.063318	112.704393
0.236751	313.781823
0.129245	106.384750
0.391512	622.148185
0.046188	43.044642
0.102861	128.890898
0.466556	320.181766
0.039269	25.577800
0.268680	245.346849
0.006595	14.457256
0.502794	653.329170
0.054373	64.421118
0.062057	52.023759
0.022767	42.343447
0.250222	217.532020
0.173343	109.734529
0.043241	118.088477
0.142937	174.550603
0.384381	273.886467
0.463525	553.971510
0.059764	149.550148
0.048163	105.905349
0.009533	35.683354
0.203565	225.451736
0.106404	183.753831
0.495015	622.267321
0.464883	607.484640
0.244420	302.428358
0.027370	24.754103
0.023846	14.453932
0.044908	139.369394
0.027330	83.058979
0.261416	392.845522
0.098972	95.038220
0.075598	32.897073
0.129511	113.929683
0.153804	228.196264
0.067417	67.754488
0.103961	189.743121
0.286911	376.195415
0.336707	402.937415
0.026549	75.437646
0.117530	251.174506
0.542522	677.779120
0.553406	411.880308
0.496908	797.004442
0.220554	150.503819
0.110325	104.716840
0.003183	24.728619
0.037113	23.144995
0.132316	225.051504
0.296235	340.516940
0.240786	304.374270
0.024009	94.588402
0.081792	161.744885
0.515648	427.835725
0.116512	46.016631
0.243939	502.535194
0.206787	243.592633
0.147406	77.345259
0.111777	156.659098
0.091877	17.802293
0.343914	230.948911
0.142650	213.781598
0.132974	134.929504
0.419326	375.956525
0.308750	382.460552
0.207621	388.018239
0.059221	108.939794
0.099416	106.569375
0.127889	179.129338
0.020234	43.271576
0.077861	160.704441
0.148354	132.369638
0.253314	117.882327
0.243181	318.545999
0.008745	8.742335
0.092340	104.594386
0.049944	67.422904
0.005296	27.853986
0.121026	126.420720
0.076614	183.380424
0.143012	274.836438
0.245419	145.938718
0.205621	384.361193
0.167529	205.444377
0.496154	352.889073
0.032582	55.094273
0.202453	123.775287
0.058192	84.659789
0.105729	236.320988
0.315684	382.552798
0.104564	187.108431
0.371990	269.920582
0.060681	62.253533
0.030672	105.922512
0.178576	160.046882
0.187009	226.172198
0.096912	114.112996
0.263363	38.438411
0.003282	18.646540
0.038801	17.535778
0.218248	292.277350
0.109584	220.785369
0.064375	123.660126
0.164673	270.978467
0.347195	454.676986
0.203496	193.957428
0.297373	526.250196
0.214076	394.857098
0.431025	411.466874
0.077465	146.050776
0.367763	371.412959
0.010281	18.620869
0.025864	23.110915
0.257860	183.146604
0.023337	55.173417
0.097096	126.444383
0.425351	634.245706
0.031794	72.105966
0.322169	268.966100
0.091363	50.799758
0.027514	51.714578
0.141273	306.032141
0.400799	591.713952
0.022063	60.334115
0.019932	46.330483
0.249968	282.240346
0.072663	46.575343
0.187183	165.672224
0.345881	383.632772
0.180697	147.208851
0.023059	47.847449
0.043485	47.972771
0.052652	31.650584
0.226801	334.111650
0.135891	215.477904
0.006288	18.650769
0.270307	575.229157
0.030960	41.901163
0.038894	68.550842
0.061473	169.864757
0.118848	74.520844
0.034960	89.642655
0.420622	530.807791
0.564758	392.294395
0.156112	213.437612
0.127953	260.566587
0.008413	19.228737
0.026568	62.017940
0.001926	9.135439
0.065482	43.027134
0.082102	131.984124
0.246812	329.933649
0.157869	336.771807
0.048406	64.816642
0.259751	197.123981
0.272609	179.865977
0.073751	28.651051
0.176219	57.631229
0.033449	70.027020
0.028081	16.184296
0.601569	841.722506
0.179175	226.230103
0.356503	548.806279
0.100339	118.810202
0.027763	46.118353
0.019738	33.887871
0.041951	151.955577
0.204326	351.400141
0.013105	24.966003
0.142284	178.061745
0.231812	180.018526
0.026105	53.527558
0.318240	651.481565
0.118235	48.332476
0.053071	87.495688
0.185867	205.686001
0.179771	308.299148
0.145716	10.082530
0.192975	106.729544
0.036481	11.601893
0.271350	146.072500
0.017325	33.496534
0.243613	121.226419
0.199049	248.354878
0.132318	256.116747
0.061514	12.231617
0.077154	15.834772
0.034575	134.603502
0.176663	236.485399
0.005474	13.425055
0.037184	37.403948
0.155257	395.281607
0.120948	73.171834
0.448470	597.256510
0.097561	71.135717
0.292251	265.365945
0.147060	310.434876
0.002384	25.499137
0.027769	44.756994
0.048688	66.794683
0.085926	121.534027
0.364519	104.662347
0.106361	101.849150
0.057706	60.344966
0.310672	78.223674
0.308549	298.246716
0.119672	298.134004
0.407351	318.912940
0.099372	146.818659
0.029986	25.309909
0.289723	121.259644
0.023393	38.037498
0.149353	159.110224
0.098107	77.048971
0.348244	415.817410
0.191309	403.588065
0.463364	230.422333
0.120147	194.210450
0.033721	10.233470
0.010152	2.606256
0.314265	169.589815
0.028799	52.212211
0.622998	324.160223
0.133805	232.318275
0.089747	15.412104
0.048107	66.134269
0.056894	117.606176
0.073603	52.686109
0.205374	235.038999
0.221095	160.843934
0.330920	244.257480
0.188520	309.972686
0.121662	122.703095
0.041686	98.570310
0.215462	129.801774
0.172640	156.101754
0.071801	25.903213
0.197536	225.185019
0.110315	104.615408
0.172689	29.087806
0.258381	269.114072
0.147638	44.447955
0.282127	425.869927
0.144778	171.514575
0.330675	430.071502
0.084547	167.206375
0.030373	18.282637
0.164112	156.005994
0.552439	190.071635
0.300975	83.971397
0.546827	237.260089
0.071019	104.628259
0.120991	123.093500
0.033144	19.421186
0.019850	22.112106
0.483526	370.810325
0.442174	374.335876
0.236352	297.311423
0.072325	122.451658
0.265093	221.922435
0.410200	562.300749
0.605842	583.252289
0.012468	17.952024
0.086598	38.124851
0.076483	57.428965
0.103413	165.166419
0.219862	483.086723
0.002964	35.017014
0.070135	24.836733
0.079467	39.002636
0.143276	151.357582
0.163625	255.251942
0.101423	52.472912
0.112751	186.958880
0.217764	247.018986
0.257125	391.091035
0.039216	68.917539
0.042554	75.970623
0.261566	197.465630
0.447005	569.044719
0.602646	822.917438
0.040992	107.679377
0.346918	85.264382
0.131420	179.811408
0.441133	863.832760
0.194654	250.393009
0.238249	141.380198
0.511319	776.478372
0.557014	463.903557
0.155586	37.938068
0.009541	26.615952
0.053969	30.878425
0.250078	113.138420
0.041312	52.630162
0.065900	107.727962
0.383079	617.201179
0.140494	213.047794
0.442094	641.875292
0.341917	312.939247
0.197224	157.435011
0.281937	318.505141
0.188699	263.688295
0.455950	504.662089
0.297106	224.439888
0.012532	18.889871
0.111313	167.683903
0.040519	10.929997
0.158932	309.859591
0.104193	118.825914
0.063522	131.453948
0.023812	13.427708
0.449287	495.225124
0.448616	722.234469
0.022099	17.131572
0.193656	172.100927
0.049382	53.333906
0.096070	111.840412
0.057805	109.533532
0.249222	226.502919
0.046937	97.835875
0.321107	333.236158
0.055095	34.579336
0.362138	641.779139
0.449159	330.265060
0.092865	120.259382
0.329968	117.208086
0.023173	72.086567
0.007681	37.966255
0.304900	267.957695
0.115458	54.337704
0.021608	53.724076
0.108658	71.844397
0.387677	498.151888
0.058764	170.342639
0.056446	83.156236
0.107025	210.317011
0.125279	75.986827
0.084765	220.552098
0.252661	269.566854
0.280646	178.810604
0.120652	268.939646
0.053693	93.740127
0.070373	143.873019
0.487814	695.256526
0.015438	39.449254
0.025175	17.927888
0.068353	115.873261
0.498338	233.167449
0.084473	57.962866
0.251547	373.418681
0.108567	236.152896
0.070575	136.582294
0.100681	89.795229
0.021865	129.846697
0.282265	551.130753
0.052475	68.915231
0.061341	37.233872
0.043170	38.554092
0.562674	534.248893
0.076714	15.534351
0.171306	194.162563
0.023009	45.331541
0.361945	378.097695
0.159601	380.814329
0.613212	612.496067
0.414037	75.197809
0.044750	62.968253
0.109055	279.937969
0.475183	250.999585
0.096464	70.433544
0.272297	356.496108
0.016044	16.223324
0.193526	285.922083
0.130930	146.364321
0.045595	102.626583
0.113795	144.540282
0.189437	70.677626
0.349706	309.820237
0.573708	534.676838
0.307714	482.698670
0.435151	499.513647
0.036447	91.443676
0.027289	33.559239
0.240386	321.189555
0.018427	15.475206
0.101376	26.344670
0.301425	238.004155
0.500617	674.628797
0.198956	238.372416
0.031441	38.811013
0.137991	274.541243
0.156732	176.753421
0.054188	84.498303
0.009325	50.017604
0.307988	324.358807
0.104914	188.421207
0.268394	269.430920
0.179370	32.601738
0.105636	207.123082
0.088255	246.717967
0.126389	145.269847
0.238596	243.168766
0.000379	19.895128
0.232246	604.346785
0.214447	404.808677
0.305308	85.510071
0.524035	693.096906
0.056322	88.341784
0.013325	16.819854
0.168598	163.309022
0.154406	85.689474
0.091040	205.750903
0.221303	30.420018
0.062281	151.691991
0.106296	261.181214
0.231536	79.009884
0.093313	192.060179
0.154910	188.513590
0.094140	250.833171
0.032508	76.186250
0.301319	394.898863
0.276593	495.920476
0.268296	149.012776
0.116510	102.981222
0.323496	489.151304
0.336851	164.073772
0.470037	760.133200
0.262994	397.569970
0.236573	232.797324
0.089828	111.366254
0.133976	63.287230
0.348214	158.600275
0.096747	96.271226
0.037141	95.183509
0.258040	287.092796
0.123528	133.883060
0.383922	327.905092
0.147199	93.288406
0.186894	476.133406
0.209567	26.746042
0.403115	344.415425
0.053870	114.578780
0.079115	104.814601
0.056395	58.615917
0.378590	789.672043
0.030168	55.702880
0.266717	204.449762
0.049344	128.036874
0.135514	65.250953
0.249297	254.862282
0.116013	218.503604
0.293567	636.185110
0.243931	221.666565
0.084026	41.865308
0.052140	80.518632
0.148371	336.721193
0.070956	130.147841
0.143284	224.112281
0.427553	358.937249
0.190274	228.489041
0.113540	235.591353
0.047562	53.996131
0.206811	133.288081
0.036797	53.888058
0.164987	159.895525
0.212820	225.131096
0.108143	38.159578
0.293908	257.765481
0.075078	158.850322
0.333074	329.330164
0.424231	824.995683
0.200765	281.073506
0.288416	269.304415
0.239669	182.357751
0.199108	273.100902
0.198573	170.097289
0.030143	91.116545
0.360693	190.186744
0.132669	20.971246
0.149601	100.136533
0.124753	171.721691
0.050452	121.685026
0.108659	52.002319
0.446610	503.848143
0.057963	28.651069
0.009739	16.947180
0.091287	23.153189
0.006826	16.509024
0.054470	75.167939
0.386257	124.136361
0.553515	675.219442
0.013411	81.262888
0.121215	161.880160
0.099667	122.447301
0.304474	425.063748
0.067433	101.594331
0.298310	517.248460
0.559310	887.506209
0.004579	24.249005
0.178483	342.791438
0.153038	351.577289
0.385461	289.044948
0.454512	956.477586
0.141296	109.439569
0.612036	225.700755
0.120437	307.425407
0.045586	31.456310
0.300629	346.957214
0.027219	104.518202
0.285435	84.140005
0.297882	211.653225
0.384829	442.023743
0.120754	200.992610
0.353309	508.386463
0.002720	16.702493
0.230922	121.125697
0.172902	145.792754
0.433149	557.925078
0.014429	32.521970
0.154455	145.238431
0.072995	57.693447
0.038891	49.443556
0.225456	400.378615
0.058596	167.783775
0.186610	34.116534
0.103993	84.449914
0.230194	211.819518
0.071068	239.665946
0.372200	646.489451
0.113753	171.101683
0.057201	11.643624
0.137182	77.116574
0.257534	243.435835
0.068330	219.981867
0.147541	52.237663
0.127419	222.937791
0.038075	32.725363
0.357633	380.970517
0.446437	584.414424
0.257062	343.935926
0.525392	713.335664
0.092812	202.884821
0.102656	91.536089
0.250065	223.283163
0.058775	141.978440
0.007745	12.661559
0.428816	442.383317
0.066287	176.442028
0.416355	643.767527
0.289083	426.189379
0.247962	37.333674
0.336254	557.253395
0.087715	210.233788
0.419460	504.650500
0.615013	525.371149
0.412544	417.343921
0.040545	83.470937
0.200839	321.027700
0.026094	24.765963
0.294271	268.024781
0.105185	195.836485
0.007808	18.672773
0.092404	108.351904
0.158965	150.767119
0.063338	113.098730
0.424669	120.174176
0.075010	21.036360
0.059971	89.354707
0.005939	8.709196
0.345548	484.547270
0.177045	272.036149
0.386090	550.843706
0.187189	350.083405
0.515039	359.514414
0.278055	200.520383
0.248093	205.155986
0.154441	247.929742
0.003985	11.689892
0.069561	56.855822
0.051617	47.969955
0.150844	292.166611
0.090149	143.119567
0.375089	404.221584
0.336274	643.514884
0.114561	219.213569
0.177046	97.687292
0.064732	110.565532
0.280251	303.828174
0.251365	425.541182
0.651819	478.929795
0.143622	142.540791
0.487941	568.364186
0.032398	95.886216
0.174033	341.955016
0.111344	132.617800
0.189232	226.138685
0.219317	370.335012
0.018512	53.142444
0.375938	574.453579
0.375499	601.211551
0.127629	231.500930
0.135308	27.726998
0.218721	162.790629
0.360455	351.391257
0.213385	283.959653
0.330842	269.535658
0.054423	60.386757
0.504288	501.057630
0.089441	247.359841
0.253724	244.896278
0.155678	67.472564
0.178955	28.530503
0.163234	101.065870
0.122314	285.463652
0.045022	141.280308
0.108741	144.926316
0.384561	458.447959
0.381771	527.504800
0.197645	53.469727
0.056368	63.170307
0.197068	245.914757
0.058613	165.014238
0.036617	80.636498
0.173612	139.747474
0.013720	45.259641
0.481287	573.232767
0.074467	157.471154
0.122744	119.920040
0.070516	12.755647
0.031606	29.514752
0.044655	134.436530
0.502690	193.838506
0.434392	484.075225
0.010591	17.623932
0.480793	463.358510
0.189355	177.325690
0.029128	12.396811
0.278318	163.444925
0.133166	30.034230
0.083077	29.210049
0.091513	31.745086
0.268439	349.951076
0.301143	138.843513
0.055921	46.509696
0.226001	283.374350
0.204734	111.972023
0.318357	529.989349
0.122202	145.536502
0.444816	792.093416
0.212029	118.518122
0.103952	23.820333
0.158169	196.356080
0.120034	103.801267
0.278180	310.778984
0.028030	34.357398
0.098830	111.201598
0.123137	251.106340
0.010548	16.837244
0.174042	190.897162
0.238060	214.710586
0.075331	141.652281
0.291438	88.191271
0.388057	427.261185
0.431959	443.376250
0.034671	126.645052
0.167205	281.159938
0.263328	139.916110
0.166637	181.281330
0.363990	531.920579
0.181212	209.892539
0.033000	33.088444
0.369927	343.933497
0.161205	165.470888
0.585093	192.528951
0.033326	67.934586
0.164368	209.640695
0.548687	456.838897
0.185362	249.500212
0.181692	151.235756
0.207815	148.449402
0.084393	146.108000
0.110007	202.677773
0.062451	119.106905
0.161370	259.302904
0.197974	187.141989
0.099717	31.016899
0.259679	300.530854
0.205401	135.184510
0.018368	49.940745
0.116096	120.083279
0.032646	65.054603
0.165165	189.609891
0.100574	198.207898
0.288957	445.037494
0.175076	46.684601
0.100947	83.509107
0.168422	307.934998
0.076500	94.104952
0.222464	244.230293
0.175428	103.952958
0.001849	13.373323
0.140968	107.411438
0.087092	177.247486
0.133393	73.656590
0.262585	216.368022
0.120233	38.492336
0.109605	149.718713
0.031265	92.283138
0.074957	40.339231
0.182854	26.073124
0.158091	200.771492
0.076603	148.514017
0.202142	461.173910
0.075568	23.609436
0.202430	319.461267
0.025312	35.405670
0.116493	60.050875
0.086149	49.282174
0.436707	723.504902
0.086789	173.368238
0.354461	287.113447
0.185325	383.225726
0.038805	19.648372
0.354779	303.807307
0.306606	370.453634
0.224793	672.231480
0.221543	238.083664
0.164419	280.669498
0.249718	458.809142
0.341016	42.177932
0.021995	34.654923
0.393888	194.507560
0.450399	597.303247
0.033966	52.107785
0.089836	42.884616
0.205975	226.433072
0.321511	340.751114
0.153522	226.935372
0.223992	333.078763
0.057965	20.974607
0.191594	214.541587
0.492063	322.891854
0.175517	271.600428
0.284684	360.557655
0.067628	126.884704
0.053111	17.201392
0.208200	232.750626
0.309054	470.946963
0.414183	519.107667
0.023043	54.915204
0.553182	423.699672
0.178642	132.844665
0.634722	633.481765
0.039183	58.452462
0.360322	271.252252
0.084786	90.555026
0.128932	190.719736
0.390460	462.052081
0.093479	30.675682
0.163954	416.877589
0.165522	190.280172
0.096454	117.503036
0.087512	249.289807
0.012050	15.371602
0.119271	154.845556
0.206204	332.760116
0.118087	115.876518
0.220346	318.439575
0.376951	600.478252
0.161095	111.223681
0.312637	214.671963
0.314679	287.152689
0.004553	41.459851
0.531740	322.447912
0.162708	106.551318
0.208519	374.404631
0.003179	30.051597
0.225561	161.588128
0.187078	440.505594
0.061760	153.940535
0.104357	89.727738
0.073295	143.626538
0.086330	224.188043
0.170424	248.601107
0.269880	212.126203
0.434273	306.447096
0.215560	155.707020
0.144923	60.284982
0.323693	345.037257
0.114007	119.801334
0.117593	16.909184
0.122851	235.450088
0.034353	60.897241
0.229607	218.093560
0.177662	406.238945
0.102684	260.442955
0.069590	25.396199
0.127527	216.648016
0.130352	228.535459
0.374107	234.110317
0.087922	38.059349
0.061849	43.045229
0.586329	495.064633
0.126262	310.865093
0.156141	244.509159
0.437016	182.068950
0.242721	359.437942
0.164890	115.974793
0.501977	451.591560
0.098324	83.222471
0.226188	162.307963
0.095108	74.650632
0.177652	274.948068
0.083663	62.522968
0.410971	567.199422
0.089680	32.496412
0.009697	24.519597
0.041733	100.335769
0.207057	74.543585
0.033369	61.552144
0.239717	276.560411
0.161700	128.490711
0.023428	29.518103
0.011972	27.480392
0.117602	99.612199
0.655487	597.572799
0.033857	75.863345
0.019615	60.535430
0.371005	311.332211
0.361103	488.392659
0.193165	416.170107
0.076888	30.855352
0.248662	292.869975
0.019410	11.191272
0.164133	281.076737
0.007454	14.877509
0.152964	125.855571
0.382283	532.237306
0.081672	153.962041
0.205234	195.082492
0.066606	133.172877
0.253508	510.614868
0.344497	553.168310
0.249945	329.384563
0.070359	221.888926
0.040866	102.508061
0.050789	95.934966
0.152673	313.678227
0.016461	59.688424
0.079621	102.938990
0.244363	252.583925
0.187338	16.952675
0.030705	9.843493
0.350232	463.037314
0.116924	152.688176
0.435168	568.936942
0.067601	194.761378
0.072413	90.081278
0.340278	143.368700
0.019952	36.812468
0.249388	95.164398
0.007321	14.606837
0.058223	79.922169
0.084032	146.707377
0.237006	195.488231
0.000540	7.213276
0.271854	206.228410
0.076307	141.191791
0.476110	486.655413
0.062152	86.462812
0.061102	51.939394
0.014900	36.260098
0.158307	521.584341
0.615942	540.410110
0.103670	192.984717
0.163571	82.510724
0.008419	21.348470
0.267134	258.621606
0.091835	127.938996
0.075566	69.621264
0.044915	107.772051
0.060352	31.373537
0.247199	469.584421
0.316261	104.925166
0.005366	19.147359
0.024196	42.085178
0.147321	287.566106
0.025156	47.399991
0.035941	32.173923
0.048504	124.422339
0.203277	250.922843
0.439899	318.373464
0.108946	136.246755
0.153252	207.925155
0.245023	312.825488
0.049597	94.716576
0.223158	463.337190
0.037352	87.421032
0.208937	258.372057
0.154427	21.357604
0.034611	76.376269
0.332562	658.052621
0.066686	68.680166
0.028541	48.452055
0.073089	157.868386
0.228550	280.843387
0.071362	192.386010
0.001417	7.722181
0.648368	692.167973
0.364164	96.651504
0.173075	327.319964
0.083089	66.315835
0.091952	276.348185
0.038485	38.782917
0.153282	124.723211
0.122293	147.445581
0.284208	359.201125
0.056254	73.995999
0.170768	145.095080
0.067162	103.619887
0.144799	337.349079
0.460744	810.282709
0.194691	156.071116
0.445494	546.881316
0.459720	590.668258
0.098652	152.714230
0.557135	367.087325
0.208633	235.919269
0.193713	407.773843
0.065513	68.548356
0.378401	319.452150
0.224366	153.450209
0.060603	161.667434
0.247487	407.876537
0.028300	42.238520
0.025962	53.244959
0.138899	119.086656
0.089156	151.513214
0.097227	118.358469
0.440922	434.387907
0.168358	327.202630
0.088876	142.644887
0.031322	25.781029
0.207639	91.880305
0.255736	511.070132
0.272735	162.180226
0.106249	171.729595
0.455911	469.232129
0.028890	31.198870
0.108033	207.104765
0.277775	468.016197
0.229002	97.506217
0.051869	17.500812
0.104974	215.492380
0.174586	183.083169
0.185828	276.866049
0.233504	244.752421
0.239514	219.138219
0.079894	61.399212
0.199865	232.274683
0.021307	18.941969
0.150980	233.294292
0.250865	276.905357
0.171845	294.907249
0.088306	222.072796
0.114723	240.010649
0.141571	174.975189
0.021462	33.813791
0.038480	36.952478
0.350138	432.488413
0.015543	39.959399
0.064446	31.809614
0.223205	613.313139
0.136097	47.622834
0.137442	178.945946
0.428026	459.386903
0.230521	267.182323
0.577448	611.800882
0.100855	26.547341
0.092804	338.845046
0.195186	454.462838
0.133576	155.478327
0.269508	166.429919
0.115634	60.147781
0.157438	42.571246
0.017549	38.639560
0.152538	164.178930
0.126404	121.593419
0.565841	606.516621
0.303647	487.697936
0.184917	49.770757
0.222998	263.979572
0.137453	214.014865
0.128287	335.546910
0.269173	371.319125
0.060180	86.887193
0.073911	139.160283
0.009165	43.889861
0.101801	226.591849
0.135517	44.279441
0.202170	234.154521
0.022155	50.432512
0.148686	228.363374
0.265056	272.668467
0.041299	36.420934
0.445892	527.670369
0.075824	82.044502
0.532965	513.348430
0.069939	185.865154
0.351533	325.082568
0.370536	450.400156
0.096894	207.061905
0.195647	241.325285
0.079231	168.409475
0.034915	12.059891
0.462456	572.929414
0.121144	401.184748
0.205426	317.206379
0.435582	539.321132
0.380687	377.161988
0.090624	56.673814
0.061077	118.643525
0.003115	11.191522
0.340905	546.309059
0.135509	116.689177
0.027931	39.216531
0.128879	76.669068
0.550615	573.409765
0.565284	691.330213
0.019386	42.856531
0.059185	127.964283
0.579521	669.595019
0.083092	87.361636
0.086387	76.202451
0.008911	29.742483
0.118157	6.814705
0.365548	477.911943
0.008726	19.830550
0.036234	102.797741
0.421761	458.183242
0.265395	106.267853
0.073822	242.542965
0.258929	90.718779
0.577529	441.919013
0.141414	138.238250
0.066064	187.457176
0.105452	91.629890
0.016575	29.783206
0.329226	349.538720
0.099663	86.526252
0.180378	245.794316
0.079962	102.767281
0.175506	207.769084
0.006797	12.882213
0.202230	412.773745
0.037062	29.963039
0.094340	144.736712
0.078461	186.008365
0.192749	80.910163
0.015412	7.595889
0.077443	66.275022
0.426625	598.851149
0.027278	58.708359
0.060934	132.899747
0.048209	69.084505
0.287831	668.694438
0.010853	18.634613
0.105962	195.296846
0.177548	166.851424
0.099761	58.215364
0.001524	12.400094
0.219691	148.456313
0.025649	11.051150
0.004656	12.109880
0.006698	28.732567
0.089047	121.198436
0.154120	22.990170
0.006220	8.484128
0.087355	241.470742
0.041100	46.276496
0.306037	165.446406
0.064182	91.805742
0.326769	468.852693
0.203566	160.375852
0.033588	50.159761
0.116338	204.619664
0.084892	65.105232
0.345036	357.971424
0.228294	89.533884
0.137827	73.690255
0.118451	66.595847
0.102743	114.150703
0.093844	179.908837
0.194955	165.849257
0.184380	171.069438
0.140610	105.559968
0.206601	176.521670
0.004802	8.912963
0.096578	214.656774
0.380230	86.643649
0.059843	94.678031
0.314205	538.194981
0.135836	141.182694
0.139652	211.977531
0.027465	42.329919
0.152261	153.575970
0.120464	59.586545
0.063946	40.694528
0.521813	242.534068
0.627627	796.018594
0.041189	57.208559
0.060074	124.493856
0.394510	325.074571
0.062463	215.432639
0.192032	146.205320
0.088236	41.937619
0.113850	132.039768
0.061526	185.963471
0.260070	234.003118
0.138430	166.039539
0.187339	228.290453
0.155731	153.946716
0.006361	8.476985
0.078053	83.645402
0.039207	60.558821
0.265537	374.891584
0.055178	73.523983
0.371408	407.265350
0.030707	65.494216
0.304196	273.158297
0.029347	45.120375
0.182117	280.405291
0.051176	91.242389
0.056162	57.751534
0.042591	96.098066
0.139632	380.407363
0.339314	234.136160
0.008085	20.814856
0.215356	255.556674
0.621142	623.664219
0.034359	90.159961
0.095518	216.837333
0.077939	60.063065
0.357668	309.402882
0.111676	227.782367
0.340535	353.721059
0.564421	491.049494
0.612739	1000.203394
0.054872	50.155199
0.274369	317.148434
0.243559	226.873104
0.166851	191.534977
0.160762	76.049917
0.123925	88.429798
0.106833	52.739637
0.112049	182.876053
0.030397	56.735549
0.392514	549.329325
0.019621	35.193949
0.063323	61.506103
0.217608	503.720870
0.118494	82.148614
0.237417	204.702957
0.082775	141.799322
0.085110	48.963391
0.089905	52.162695
0.222441	416.280917
0.164163	139.121305
0.176403	233.641263
0.005707	17.776712
0.090202	263.140118
0.025421	28.016762
0.162472	64.332380
0.285909	387.543859
0.052195	50.887175
0.276839	329.601880
0.034543	47.699725
0.054839	96.407720
0.050739	87.882203
0.076263	168.482374
0.106340	75.956155
0.121476	159.114144
0.042032	41.345242
0.061459	60.599292
0.226138	28.009962
0.218839	258.392595
0.030260	103.186171
0.344669	460.806030
0.081181	63.594318
0.051787	95.088448
0.015862	22.215039
0.021738	64.984105
0.050244	117.122590
0.412835	349.039474
0.050102	5.149587
0.239699	203.230630
0.172315	102.723779
0.349604	412.297302
0.026948	27.326600
0.228543	59.055415
0.344783	395.814641
0.400069	605.130179
0.089370	101.716808
0.052734	128.827070
0.504821	352.451399
0.114012	106.245652
0.016690	19.985039
0.156295	443.456715
0.090680	28.877660
0.050580	63.120584
0.115783	25.785650
0.091475	188.743926
0.015428	37.875838
0.145745	249.552355
0.036777	73.226400
0.105611	254.423369
0.562201	197.793687
0.422109	306.034310
0.577268	702.156578
0.363188	414.424401
0.052817	97.598319
0.025866	40.820500
0.348562	402.932821
0.021894	68.956414
0.046783	126.837793
0.292550	75.459983
0.151306	144.100522
0.038839	75.408584
0.138430	118.139641
0.148459	33.219073
0.138983	146.939857
0.510074	924.263887
0.030966	13.265559
0.086075	168.611072
0.004277	9.650177
0.140579	181.129789
0.290207	252.168719
0.353053	326.483882
0.016283	47.821736
0.175632	413.832498
0.410308	410.996582
0.051785	92.673954
0.215728	254.041171
0.000571	15.114351
0.101898	42.540930
0.084452	170.359047
0.115709	113.874198
0.496129	422.979826
0.222423	516.922364
0.020636	9.010920
0.176548	124.046602
0.332203	506.769849
0.045719	50.240729
0.263337	295.079890
0.647155	330.712009
0.018889	64.761202
0.293954	160.301089
0.501212	415.237608
0.064281	29.494326
0.320831	355.529875
0.085846	243.796446
0.124773	121.724497
0.194765	88.911780
0.450292	428.066869
0.077043	245.078485
0.034036	4.408125
0.434404	486.077532
0.296476	378.041157
0.217323	350.826586
0.343526	452.749903
0.087717	20.966060
0.219799	236.239210
0.533036	285.299267
0.065257	109.667100
0.322107	160.687166
0.101666	27.833226
0.418456	338.632885
0.492717	795.030806
0.128926	202.262960
0.188463	8.240350
0.051539	43.955025
0.239545	28.350787
0.017676	37.510950
0.236204	319.313385
0.276771	385.709995
0.177764	285.871829
0.058087	160.296247
0.484074	458.612465
0.057370	141.552526
0.561855	698.117767
0.173118	190.953548
0.362070	647.008213
0.061645	186.790365
0.276727	470.243445
0.333581	220.489430
0.191957	133.694733
0.145224	295.991547
0.508766	496.036185
0.050248	132.104658
0.167635	233.831103
0.172976	301.735588
0.167590	47.505665
0.020582	25.914047
0.485507	841.740610
0.431012	438.927676
0.102997	181.509310
0.503558	664.887535
0.090425	46.229554
0.101064	68.787118
0.170687	256.967942
0.058452	21.856919
0.073621	74.892015
0.297104	513.178386
0.020059	45.655947
0.172576	331.890136
0.285042	225.865152
0.252621	309.645063
0.483461	409.025022
0.025480	14.215366
0.007043	36.145975
0.070172	49.516268
0.122910	77.301837
0.301600	461.182450
0.285365	424.162846
0.066577	239.592231
0.026000	73.947239
0.083262	23.934142
0.230597	234.160052
0.161030	199.558436
0.180737	37.349228
0.055617	28.836962
0.167909	234.231776
0.018210	31.853321
0.083691	31.735708
0.026310	108.212131
0.065703	53.227276
0.269677	451.289206
0.034964	103.350299
0.074183	88.740175
0.067881	75.541309
0.154397	112.446107
0.069924	161.560311
0.097276	53.898952
0.018720	36.456936
0.250677	346.647940
0.265264	204.843668
0.226960	513.136812
0.020785	54.710164
0.068583	9.898762
0.297995	277.530874
0.170763	149.692209
0.475256	731.609640
0.417505	331.099550
0.135684	447.104175
0.066651	39.560693
0.285353	198.316428
0.312626	383.073281
0.168092	79.612476
0.056262	141.469698
0.223629	106.106210
0.233538	535.572679
0.276892	447.676503
0.076248	184.170180
0.221459	215.389985
0.013526	19.234564
0.302300	289.374566
0.161725	421.674607
0.063709	17.356428
0.458837	412.833037
0.090081	251.835208
0.163511	152.348322
0.073394	99.490731
0.146067	194.466964
0.237581	423.113150
0.081107	63.691722
0.113621	297.236187
0.297164	235.980975
0.004669	17.402350
0.314528	250.347586
0.372532	155.326780
0.034656	76.151671
0.008347	13.153989
0.022062	24.358252
0.042951	48.779161
0.026797	42.027079
0.255692	177.313469
0.121832	83.087888
0.192920	199.703596
0.345356	95.680714
0.282345	337.497808
0.549975	748.048914
0.407160	536.793085
0.107685	133.134389
0.223640	251.432011
0.566761	226.952716
0.090051	211.726287
0.242353	335.081151
0.269949	213.259823
0.036878	35.526017
0.009387	22.284450
0.048938	72.387372
0.116470	61.092140
0.362067	347.457014
0.088149	142.149702
0.039996	42.983157
0.039356	61.653078
0.032365	22.374935
0.310751	113.996596
0.294941	266.434524
0.104949	177.888393
0.028146	21.635470
0.227601	333.511922
0.619226	746.862138
0.022543	34.869302
0.153943	370.486912
0.280725	488.748585
0.586142	649.330337
0.005076	11.101715
0.249701	185.850854
0.575817	878.545756
0.312585	550.190485
0.066368	129.228589
0.161294	67.590004
0.355935	453.218048
0.379121	292.123326
0.307493	185.803044
0.178575	263.255850
0.129003	310.993627
0.404277	208.736799
0.230632	125.562985
0.167398	104.165647
0.058391	193.109054
0.053500	104.982683
0.133619	193.672394
0.266038	277.339795
0.247961	274.781109
0.233543	179.891970
0.157409	90.587268
0.372430	509.894376
0.439412	443.966123
0.032339	28.903743
0.072773	118.154546
0.124262	75.406218
0.128333	142.957109
0.052025	34.414955
0.381185	528.427778
0.052220	68.338542
0.403080	385.089926
0.042356	86.601890
0.350957	419.515405
0.043733	66.134218
0.004167	12.048768
0.084906	227.240129
0.016418	13.683104
0.178749	256.145667
0.269724	506.897892
0.418061	350.047980
0.116838	39.252110
0.108967	75.140599
0.086349	74.130626
0.160963	159.666352
0.298471	333.382665
0.208984	294.397135
0.082292	196.718424
0.152503	166.923925
0.026093	53.500130
0.120713	55.056395
0.102602	91.157159
0.421028	240.007811
0.179024	257.933492
0.122614	261.030035
0.142219	280.492989
0.120634	96.178060
0.035503	40.260646
0.293334	211.783066
0.001087	7.991732
0.083989	36.358649
0.056637	28.788568
0.086399	57.203515
0.287200	22.824443
0.123877	20.109156
0.144576	207.336166
0.271894	324.235877
0.253454	478.812547
0.236083	225.730342
0.147182	142.402977
0.398578	162.047126
0.054121	35.900021
0.122747	182.596842
0.089157	69.225809
0.094919	175.245196
0.045003	96.036491
0.328584	463.909904
0.260451	361.894348
0.118851	180.741117
0.222567	252.166209
0.347094	432.012756
0.564417	642.666879
0.021945	14.221131
0.127897	78.968975
0.439574	427.157491
0.203493	23.770422
0.320190	524.602196
0.214332	148.158632
0.114002	34.953871
0.292012	270.678979
0.593799	799.149836
0.145519	136.235478
0.137888	90.987070
0.073376	104.721039
0.081175	112.232365
0.019200	38.758107
0.023254	62.104725
0.217982	298.835423
0.029533	1.042570
0.159348	15.348879
0.094365	281.117762
0.023475	23.023378
0.620672	519.904635
0.042701	87.948814
0.085319	129.401533
0.376571	373.970858
0.033618	12.818204
0.076470	20.825155
0.030690	61.125561
0.371791	191.549106
0.028635	32.800452
0.247081	395.168660
0.130038	283.044709
0.071107	167.358197
0.126775	242.943611
0.086850	78.780379
0.053807	178.208540
0.006030	23.307201
0.032511	144.955083
0.178443	63.489231
0.102353	15.574304
0.242389	238.701538
0.158806	277.886872
0.217897	206.557516
0.024981	70.918444
0.142793	127.268864
0.011486	3.094132
0.357591	493.039445
0.298493	360.595477
0.108362	115.775928
0.287716	454.267216
0.036348	100.543051
0.064177	63.089182
0.348404	525.662210
0.113272	95.947263
0.034369	72.087795
0.173608	95.375826
0.408013	318.363332
0.481304	490.136311
0.270336	215.087820
0.086521	32.114997
0.424533	454.492334
0.218019	269.761977
0.056966	39.683476
0.157610	78.917011
0.039202	26.280933
0.644639	279.524537
0.100833	91.049547
0.041372	37.569256
0.124781	279.043472
0.360159	232.839465
0.210207	62.079253
0.321266	311.749643
0.130431	67.846548
0.102338	41.438939
0.159917	244.420202
0.019573	31.790180
0.056794	20.856126
0.188754	189.869041
0.365255	122.825748
0.033318	31.630742
0.363668	327.665079
0.091977	182.543283
0.377269	487.402550
0.598714	889.629952
0.053848	27.403145
0.273251	320.490265
0.171006	27.031149
0.078128	167.417509
0.061106	60.255566
0.159897	45.616971
0.043913	40.293505
0.118780	88.822602
0.292882	427.537927
0.017134	10.726654
0.036980	56.583892
0.053990	121.594297
0.215042	320.072622
0.329339	606.115127
0.155125	22.459764
0.277312	232.409697
0.198316	180.524599
0.650379	306.365249
0.029305	72.356012
0.027411	50.588430
0.000620	9.197882
0.016502	26.390785
0.054332	158.749750
0.145987	104.870464
0.146591	124.612247
0.215762	442.731464
0.130882	33.166040
0.141235	247.048364
0.215562	294.064598
0.575243	865.314762
0.432796	239.301044
0.021420	78.341424
0.021414	5.900920
0.099895	94.406271
0.176099	53.892624
0.249074	71.498185
0.036346	114.838346
0.011489	34.535401
0.414458	457.935513
0.285896	129.356682
0.135918	151.560689
0.104120	96.533543
0.323064	237.994386
0.027230	44.778230
0.203412	311.794304
0.291542	280.684004
0.129834	154.708147
0.035829	64.322541
0.040539	21.195001
0.084869	169.459254
0.130898	241.661925
0.040192	54.715146
0.317128	231.667907
0.183745	193.789583
0.014052	8.313817
0.194989	286.457013
0.374632	311.304240
0.249730	216.298576
0.574799	915.897260
0.008457	20.863424
0.064322	135.928558
0.222778	303.049838
0.080215	74.102423
0.126858	61.226737
0.603702	796.416758
0.431447	575.751566
0.245888	129.905124
0.157664	116.549336
0.251733	374.888431
0.296473	621.542887
0.081936	179.444230
0.338993	416.867499
0.216452	398.898141
0.212543	167.911930
0.138173	27.093956
0.247326	210.827518
0.375428	702.416514
0.041657	140.699641
0.404250	163.747730
0.033012	50.064184
0.335416	135.824667
0.113469	194.773739
0.025747	27.662016
0.066104	180.872928
0.072407	25.281111
0.267078	392.660758
0.136515	122.679007
0.214192	150.565272
0.317144	333.981206
0.245852	278.325161
0.322537	275.528586
0.058446	106.745407
0.101183	151.417402
0.045263	18.324464
0.108743	161.759243
0.048881	100.773052
0.072678	30.936694
0.060284	115.691968
0.165156	266.582201
0.502540	751.515180
0.007395	28.317752
0.090497	154.249100
0.286787	421.815374
0.075322	90.079174
0.044439	78.644564
0.093312	93.725311
0.083742	81.977778
0.062430	91.153734
0.105585	51.577696
0.384024	338.188294
0.165131	122.832971
0.595352	478.157776
0.036457	47.648282
0.464609	668.467743
0.001795	8.623907
0.290209	385.582129
0.659000	553.037741
0.623949	426.637542
0.063303	186.805179
0.330322	400.284385
0.428166	234.006788
0.274583	329.465013
0.079605	44.598813
0.051678	142.058250
0.115927	85.201551
0.315596	464.041257
0.090093	51.377103
0.118253	150.576427
0.121441	282.738754
0.250376	195.974991
0.143119	37.840471
0.064751	104.290588
0.061959	36.662761
0.485183	615.334177
0.331383	388.687542
0.248563	201.500966
0.168291	234.948711
0.434583	322.905104
0.065989	175.348574
0.073991	64.583071
0.297734	425.220677
0.435397	352.889573
0.146363	228.133179
0.215356	39.682163
0.010223	21.963818
0.162076	52.479082
0.113132	114.950658
0.226095	211.915147
0.183403	148.772827
0.038436	133.521002
0.332589	229.953184
0.258929	389.030262
0.099250	109.482859
0.018497	20.891301
0.604552	470.333550
0.145985	197.455696
0.225292	177.391506
0.060870	130.715204
0.269370	543.808480
0.165800	110.167697
0.192285	96.541798
0.034262	39.401500
0.172867	174.745612
0.032721	41.732370
0.252540	522.077457
0.262701	378.121363
0.168354	381.318174
0.144839	125.514515
0.213919	162.509932
0.047773	58.697926
0.088527	113.507860
0.250768	372.046140
0.353029	552.332451
0.109183	129.248700
0.316423	249.378167
0.499060	443.612354
0.227122	302.661976
0.054017	92.435298
0.044934	54.547538
0.078059	49.180380
0.288073	467.432851
0.113566	200.628145
0.061300	26.590435
0.126214	115.216779
0.192792	217.861050
0.245245	244.745931
0.019715	38.243967
0.061744	112.932175
0.144040	35.167858
0.235051	231.438671
0.291196	246.253687
0.379470	174.946717
0.048769	66.796763
0.149203	83.156740
0.147406	121.043241
0.332006	352.500100
0.328030	637.313666
0.045425	104.068667
0.026708	37.492846
0.095630	95.362065
0.022358	33.796132
0.054004	26.759256
0.452255	292.926303
0.012759	10.599132
0.014860	34.840080
0.026274	53.832131
0.350217	414.010884
0.209126	474.731428
0.048342	43.205998
0.008952	63.881396
0.015681	26.244488
0.298994	201.621562
0.086719	225.517845
0.248895	246.089152
0.110653	103.317549
0.072095	50.243052
0.109732	75.671140
0.089166	273.804649
0.101609	75.270145
0.087994	262.073478
0.074951	75.668313
0.111477	71.480415
0.049955	49.472099
0.091595	104.006610
0.146261	114.354864
0.126862	194.444221
0.056476	51.232730
0.215371	372.518400
0.213765	365.666720
0.149539	151.783580
0.177175	265.644500
0.136175	258.136755
0.127649	165.148044
0.020802	21.671451
0.158418	163.935800
0.334051	521.540872
0.177524	157.577446
0.099943	85.043591
0.320482	191.731062
0.177761	166.000227
0.055513	23.983490
0.319723	253.957308
0.078723	73.490254
0.032671	32.811672
0.046850	41.218939
0.069927	105.788120
0.018874	68.842211
0.448046	395.783087
0.008481	16.590283
0.241741	175.546868
0.186782	331.306846
0.174565	188.772404
0.213171	99.606234
0.111805	172.258131
0.242804	145.679708
0.123448	25.322193
0.088473	73.926652
0.023097	25.140961
0.194794	241.179722
0.198500	202.580175
0.135816	207.879731
0.293180	318.699286
0.396681	385.140077
0.074129	102.790648
0.251449	238.076797
0.022383	4.546975
0.146664	211.130096
0.112874	292.179510
0.300910	283.842527
0.081704	89.606024
0.415212	139.279687
0.105608	231.944202
0.023070	73.528612
0.010569	40.873733
0.275614	111.797428
0.018832	69.098971
0.222262	48.276362
0.270784	278.898577
0.054300	80.635631
0.182489	307.754114
0.539241	699.317359
0.115871	207.843019
0.013109	38.537419
0.066573	91.712824
0.598146	783.503987
0.291100	113.122947
0.028121	35.516261
0.387799	101.539918
0.407333	648.795030
0.082942	234.167752
0.021665	17.752561
0.358316	385.773998
0.056269	61.739090
0.275616	227.279135
0.058195	79.086142
0.054910	26.332712
0.183053	115.988818
0.046808	80.072578
0.131492	23.915842
0.418939	509.667873
0.015264	24.406313
0.309621	489.884257
0.168797	209.994435
0.215989	291.698567
0.152793	59.128244
0.470308	368.110639
0.204303	554.736309
0.091841	95.389646
0.169459	149.548290
0.085992	197.821200
0.060208	7.382887
0.383939	412.116123
0.086534	54.992616
0.009164	31.495097
0.218276	126.689494
0.092612	34.561352
0.549647	523.335727
0.254487	370.925702
0.526780	868.754160
0.303141	372.438032
0.393142	362.887211
0.206772	309.773453
0.321973	339.845489
0.049685	60.346033
0.301796	177.798998
0.020929	48.098586
0.132006	163.533147
0.070420	216.355888
0.184170	300.859002
0.083853	128.850565
0.022381	46.354361
0.018993	28.440694
0.025859	13.582323
0.189162	207.818069
0.196428	363.279417
0.083491	174.480639
0.225569	264.510651
0.118052	108.381424
0.210003	25.445462
0.141189	112.722559
0.312625	686.712339
0.048486	93.741767
0.005995	15.751909
0.119390	193.536297
0.157330	240.268900
0.034448	63.926428
0.044235	65.373449
0.248023	257.341525
0.254271	418.047172
0.113578	112.012855
0.011758	42.859544
0.238950	373.194613
0.155518	257.900172
0.072233	59.549079
0.343332	229.253496
0.132475	128.138253
0.241915	431.540827
0.021259	57.225173
0.017708	5.852804
0.591957	517.972424
0.251442	482.585968
0.473197	367.292751
0.321488	629.587934
0.192638	202.129042
0.658467	1008.832982
0.172336	160.432555
0.121087	136.522108
0.321818	287.439652
0.348661	560.088113
0.220961	172.883288
0.072129	121.345051
0.320545	329.152676
0.070393	199.343322
0.146098	66.602056
0.043984	53.191185
0.048193	23.244092
0.117176	163.831163
0.198694	234.091954
0.638227	340.922836
0.062948	157.947485
0.151668	137.389543
0.124227	149.100491
0.206395	190.736885
0.098518	124.750418
0.255985	31.925595
0.039978	101.870975
0.138024	120.551070
0.195540	299.611101
0.366993	167.196547
0.260492	280.248091
0.134686	296.227807
0.048287	63.990647
0.057984	55.985156
0.024806	29.595369
0.066281	158.041616
0.017164	18.828620
0.193384	439.532076
0.133753	86.675321
0.105215	116.334956
0.120095	133.056141
0.071701	18.623633
0.004589	16.464061
0.322403	413.907714
0.080347	155.154489
0.018563	31.869635
0.432927	617.593264
0.091358	167.940705
0.088725	92.298338
0.215999	202.102621
0.072227	37.488019
0.016420	13.547713
0.063375	115.409101
0.172433	191.208725
0.062758	103.246702
0.045430	93.606749
0.031068	27.522961
0.197788	185.586118
0.167571	213.847354
0.223600	79.196458
0.105916	220.270060
0.079219	92.382430
0.048748	96.061102
0.092249	332.084277
0.009768	15.450553
0.180614	111.111120
0.082436	55.280904
0.357631	135.740006
0.125522	209.031235
0.004249	8.882758
0.157902	83.347051
0.197141	272.439726
0.281000	230.161475
0.042963	68.708451
0.110969	120.483181
0.046132	57.147790
0.250951	251.518680
0.046945	42.719011
0.104933	214.136926
0.271192	109.907232
0.248285	78.934783
0.154941	152.415965
0.395740	253.898266
0.269845	370.534240
0.063755	72.082891
0.017579	16.792484
0.039921	60.459860
0.285955	192.554451
0.194845	142.838420
0.399467	433.995608
0.215404	365.249326
0.275632	242.857754
0.178023	157.791971
0.060692	139.695315
0.056988	16.024148
0.040512	43.446304
0.060904	104.875150
0.408392	458.369476
0.243871	129.853750
0.107733	140.652270
0.200832	234.443195
0.197901	225.343761
0.439383	504.350718
0.095984	146.548390
0.167728	161.715084
0.277617	86.204035
0.059920	49.005720
0.471815	680.571149
0.265352	333.907653
0.039978	97.227595
0.611490	949.900546
0.396449	523.638458
0.235224	310.977525
0.005956	13.286104
0.074627	58.448744
0.156157	349.499030
0.168679	195.632488
0.143526	87.452129
0.025146	15.690575
0.101456	190.311454
0.113335	76.197863
0.003422	10.012414
0.233527	230.311387
0.122293	254.536165
0.237577	214.910927
0.041175	102.406347
0.189581	318.407977
0.192875	340.554041
0.358936	403.318131
0.421508	520.887018
0.234809	164.422855
0.062588	23.352160
0.059638	81.064708
0.417726	59.578819
0.029276	49.335888
0.074017	34.077060
0.218637	83.140296
0.503177	732.816575
0.537919	625.887098
0.183414	249.969970
0.131481	140.228593
0.049580	68.714126
0.000876	25.892202
0.130500	158.193826
0.028307	43.318470
0.210830	123.406247
0.143735	113.268651
0.006220	8.008642
0.108068	100.680271
0.016667	51.366427
0.175138	295.576850
0.256250	223.450366
0.086709	95.087551
0.400239	753.243945
0.178394	294.888779
0.139557	83.201637
0.142095	98.950014
0.108026	57.271897
0.103464	159.109641
0.026953	34.879721
0.477533	564.759359
0.106504	181.091357
0.537956	755.447414
0.251958	204.701487
0.117972	73.705734
0.156077	280.698777
0.256240	230.685539
0.327944	528.903023
0.137084	91.570625
0.303101	513.372020
0.247852	245.860615
0.258360	141.124940
0.303880	340.694742
0.069772	162.107155
0.433691	425.167935
0.195306	111.535862
0.327152	360.918359
0.136683	243.400214
0.172875	75.178613
0.069472	11.813405
0.035382	8.047536
0.113082	76.121074
0.266737	18.085806
0.072017	99.442476
0.012974	37.048824
0.374219	488.553742
0.028848	59.752661
0.189421	144.091082
0.592247	759.540930
0.119153	150.184424
0.379051	567.835528
0.192056	207.668379
0.043247	64.740731
0.108636	151.585131
0.079799	34.336329
0.366640	680.149873
0.572979	708.409484
0.091430	160.624837
0.013803	26.690445
0.166876	53.852783
0.047386	63.712248
0.034146	87.338611
0.062919	68.811871
0.057035	105.313826
0.210002	331.189179
0.257643	191.171318
0.187328	106.530642
0.047089	124.361537
0.048924	8.353052
0.130022	107.185047
0.097273	96.688217
0.144321	201.805142
0.203419	559.634413
0.128390	123.607147
0.239533	482.363188
0.173036	150.607894
0.249989	334.711408
0.031107	32.656225
0.010149	15.878565
0.044995	132.327754
0.345179	289.615248
0.174222	93.022037
0.070365	92.766414
0.058347	77.011653
0.264095	182.556635
0.178372	357.851935
0.024011	44.298498
0.023632	39.154243
0.242562	607.562952
0.067236	32.222472
0.015218	36.020093
0.014728	19.228305
0.210222	134.011253
0.071594	94.305398
0.282702	369.309175
0.149027	218.918089
0.087155	20.835442
0.139918	104.263730
0.638976	757.678594
0.041210	109.278210
0.393771	472.205643
0.245287	173.582612
0.075901	99.810683
0.245117	321.503329
0.167559	69.122988
0.125859	148.262182
0.096414	106.720981
0.328596	294.294672
0.144789	197.033930
0.045792	85.378563
0.134869	348.196977
0.016422	41.186270
0.067709	93.978829
0.237809	117.078845
0.038184	58.777967
0.094062	38.278197
0.260079	141.006309
0.017766	21.442062
0.264384	331.146148
0.248144	278.696078
0.102056	186.207328
0.047848	74.735208
0.142973	171.319838
0.238425	122.198913
0.053083	113.763449
0.124447	14.772718
0.019350	47.585550
0.299178	188.666727
0.556643	731.547270
0.083044	175.577656
0.061554	120.136480
0.356074	202.805427
0.350543	431.163637
0.271155	351.652837
0.029182	14.839978
0.118616	111.779299
0.210662	92.000341
0.083591	132.301936
0.344384	228.518291
0.065001	55.541880
0.010824	6.176326
0.083219	103.579793
0.193358	63.955133
0.037335	103.743720
0.174905	18.940215
0.117913	39.523246
0.546697	638.231028
0.308322	528.890780
0.026384	72.781695
0.407755	193.681314
0.004612	6.988976
0.331642	352.365064
0.009707	16.511128
0.260837	283.887001
0.177114	195.194815
0.196941	233.559574
0.003025	12.850869
0.244232	177.457725
0.010682	19.934344
0.548128	546.729831
0.060254	69.792685
0.091164	157.584779
0.402790	693.485319
0.147936	282.034012
0.150519	198.696692
0.220440	225.878728
0.041079	50.400008
0.059202	143.638632
0.155410	89.257243
0.580780	652.589661
0.282390	318.700944
0.435066	546.989681
0.345570	212.996766
0.270217	347.535129
0.116479	155.650437
0.036428	18.832964
0.044343	54.019679
0.375984	459.396176
0.238332	454.066825
0.143959	68.313186
0.001706	10.153498
0.115805	65.029473
0.353606	748.515101
0.237862	364.353276
0.092983	141.707549
0.167614	80.326865
0.060633	77.039041
0.022692	46.532206
0.055051	148.505076
0.322894	301.147705
0.416005	1028.624495
0.338647	184.642771
0.304835	279.535402
0.032053	94.491293
0.103206	151.537301
0.115624	215.379922
0.077978	194.828484
0.036977	99.854270
0.176452	121.168118
0.169703	264.435214
0.099500	131.786676
0.502447	663.070289
0.082960	103.923351
0.124460	221.101151
0.017174	55.205294
0.273432	381.032315
0.403394	526.688737
0.013167	20.280581
0.221399	224.482981
0.093084	260.443232
0.288378	352.312049
0.181510	317.288102
0.181861	218.320322
0.169145	199.615083
0.612640	720.476165
0.023052	45.652044
0.276702	282.024265
0.032423	40.911415
0.294798	205.400800
0.265213	249.576852
0.053434	35.460378
0.471547	448.821395
0.128961	256.434639
0.172993	408.790050
0.384445	477.923294
0.026280	20.133114
0.222632	224.988396
0.126096	182.201887
0.485218	456.610237
0.007343	12.534109
0.185483	111.767492
0.026027	33.857487
0.225916	141.473278
0.148711	104.210751
0.166549	308.953085
0.310464	437.617947
0.247577	79.760557
0.062091	61.182361
0.003286	13.708540
0.009598	3.015960
0.065732	117.203277
0.170174	158.468634
0.134456	122.826108
0.175938	132.701539
0.396616	336.924491
0.070404	169.372362
0.292000	431.818977
0.163585	349.710613
0.431389	570.506947
0.182820	225.205421
0.560144	448.410200
0.268734	342.844099
0.358300	586.460140
0.066687	21.820520
0.423662	403.706264
0.568191	393.764337
0.240733	374.966215
0.104676	174.226423
0.368129	602.974317
0.289089	107.305896
0.232866	420.745200
0.127616	30.094258
0.161114	120.129203
0.050905	27.952249
0.101132	48.388306
0.006133	5.663504
0.122109	144.138445
0.375262	509.841782
0.094626	342.712595
0.258210	314.479405
0.127575	81.370292
0.092475	23.621185
0.034825	43.877902
0.523427	682.536617
0.012868	24.135047
0.045645	104.751139
0.270690	77.805339
0.498975	481.180206
0.073049	123.424660
0.153360	194.082468
0.195566	13.944519
0.226216	148.099921
0.401746	689.660132
0.081809	114.369187
0.280441	372.113610
0.158446	117.953276
0.258398	343.322930
0.021910	29.270092
0.095920	70.656207
0.271579	252.420161
0.030854	42.445020
0.017380	22.064539
0.006468	33.172942
0.037430	65.741747
0.080775	105.677060
0.286553	193.644440
0.031929	62.176778
0.223984	325.689714
0.115707	243.876625
0.033433	56.075104
0.194327	146.953600
0.132864	358.028831
0.121341	93.235677
0.011833	29.776415
0.426162	302.575212
0.450132	516.584303
0.346665	530.850034
0.081782	106.837814
0.064616	78.235723
0.406532	860.544128
0.082425	7.431689
0.031958	46.544971
0.442459	703.356191
0.386848	458.262911
0.143930	166.183694
0.266558	336.176273
0.160374	129.531220
0.041346	12.770659
0.084332	60.701626
0.050931	62.450893
0.294263	306.767283
0.049045	55.148412
0.275475	293.714705
0.180049	105.517836
0.107560	67.628716
0.047982	66.365006
0.189998	194.790253
0.338344	287.680818
0.007375	49.993687
0.047027	45.427478
0.443924	303.780961
0.138300	276.760055
0.307687	234.039800
0.472202	817.524619
0.106501	351.995200
0.029288	56.956652
0.004263	18.194605
0.397958	549.952808
0.201318	374.603631
0.074786	146.597251
0.214754	89.047206
0.078645	2.996249
0.312147	191.665655
0.133632	68.550883
0.040206	35.316966
0.258921	274.808413
0.023564	41.529540
0.040084	92.962719
0.392390	274.467164
0.393458	190.522982
0.380575	458.192700
0.044466	69.134753
0.199978	258.388103
0.052939	61.484422
0.200662	287.680675
0.097662	168.746175
0.206285	265.741425
0.371740	96.639086
0.145285	278.202534
0.337795	305.470837
0.244739	124.822919
0.103371	195.618533
0.559700	588.773074
0.300682	73.333681
0.214473	324.265376
0.045816	54.468780
0.095538	180.691488
0.469648	605.958906
0.141517	84.722987
0.209924	269.522610
0.446731	417.601496
0.141044	177.733660
0.071333	24.312171
0.016472	39.125040
0.186078	280.695300
0.382986	761.577750
0.154024	121.044327
0.065489	34.639208
0.341205	311.156127
0.138347	34.714135
0.021094	22.790006
0.012753	37.648057
0.139073	84.126124
0.000181	13.355211
0.075396	120.872537
0.363001	225.277995
0.423989	372.843878
0.363208	594.016313
0.142143	104.099874
0.045906	80.192678
0.397585	220.864174
0.165905	224.509316
0.019791	19.555516
0.150936	92.665443
0.344557	225.277423
0.002607	21.993496
0.114741	300.012942
0.469276	448.862868
0.141287	242.714348
0.030116	97.177588
0.310827	227.841166
0.238210	408.565866
0.165958	235.869782
0.031884	59.528129
0.189890	306.161692
0.260167	115.917301
0.019556	29.426174
0.182415	73.636416
0.102860	250.575540
0.008527	15.579476
0.108794	308.775683
0.083585	46.174696
0.122252	193.761387
0.071236	126.533265
0.012504	47.303343
0.447353	374.126969
0.087272	89.853065
0.138794	260.394648
0.030954	129.380681
0.065764	20.153165
0.213686	269.780799
0.174702	116.720081
0.346980	460.998743
0.244349	366.814035
0.501786	661.210672
0.195618	221.626206
0.020714	18.657985
0.088396	122.229961
0.310924	454.145328
0.110010	242.118851
0.186092	205.697502
0.189065	121.704910
0.057106	23.826997
0.082591	163.214798
0.167923	198.018390
0.298022	380.917187
0.022422	40.783174
0.145491	10.572925
0.416865	747.878339
0.134132	231.032152
0.220750	201.931433
0.493419	489.761820
0.165104	345.809912
0.480450	372.709859
0.089927	178.316359
0.375609	67.227562
0.185186	326.632811
0.190275	228.780943
0.222127	229.857623
0.186401	271.039244
0.193861	52.601496
0.638985	493.693351
0.231474	226.603688
0.381597	443.562903
0.055096	27.867214
0.013319	19.817555
0.015850	11.328549
0.025666	49.020479
0.490450	761.837217
0.014611	23.855183
0.120996	77.785560
0.274413	314.572512
0.075049	104.793353
0.049881	108.059670
0.093586	77.798187
0.196132	223.718256
0.099354	91.566200
0.274439	200.416073
0.616764	766.867094
0.061231	132.822569
0.642291	574.477424
0.171528	222.146775
0.095915	50.556064
0.048882	107.894469
0.242215	192.839145
0.066738	35.814771
0.264754	499.622524
0.144815	170.071522
0.084718	128.755799
0.141952	256.951710
0.234383	308.830062
0.123407	164.782950
0.066907	72.967980
0.055252	155.529790
0.289861	146.232620
0.031247	85.813819
0.059716	112.496714
0.013199	20.890410
0.134329	107.920730
0.039337	22.173803
0.122224	126.739071
0.127081	215.796986
0.135648	214.138430
0.075372	123.786492
0.287955	663.500733
0.099450	282.400741
0.061350	65.178806
0.015949	20.935259
0.332771	345.180777
0.071460	156.210583
0.268381	262.192011
0.093868	77.963832
0.195717	288.997459
0.198247	252.605371
0.177688	403.261250
0.098198	144.314159
0.308834	597.611457
0.137456	101.754764
0.032249	88.760145
0.108008	101.843713
0.034470	82.362405
0.030714	86.906416
0.054655	95.411652
0.578808	721.966024
0.220788	463.486894
0.108380	120.605683
0.097178	117.982413
0.154561	311.969203
0.072155	129.274759
0.233329	404.832948
0.167014	247.456134
0.210689	335.556987
0.100491	20.129264
0.033908	38.452280
0.237358	349.040654
0.077773	88.817918
0.165729	142.800472
0.188627	401.782859
0.650512	707.653624
0.192012	109.586536
0.105743	126.084865
0.067474	103.743282
0.221271	530.541342
0.099214	164.035858
0.275782	289.689221
0.087404	91.609881
0.187173	370.351080
0.226981	281.932529
0.027211	28.295808
0.070238	94.555375
0.036318	28.843750
0.338005	625.147036
0.291067	381.452582
0.171855	158.527785
0.002671	5.880537
0.327306	206.105464
0.020447	37.092541
0.128989	139.917369
0.512152	499.460794
0.041847	112.803583
0.152093	386.230799
0.019000	27.604234
0.075336	61.441142
0.181407	281.798506
0.175189	191.173402
0.160967	103.120610
0.149847	75.321833
0.295262	217.887204
0.024931	16.563016
0.038841	111.660810
0.044095	61.978288
0.136387	51.095582
0.221155	220.919086
0.220127	185.646713
0.171586	204.713075
0.190166	280.370890
0.041302	43.251535
0.151776	353.568505
0.073481	148.412113
0.173371	296.393466
0.021032	24.928969
0.131039	128.662693
0.332063	360.521887
0.194287	225.769844
0.258364	176.145094
0.114511	387.201319
0.243814	384.550245
0.029650	132.238206
0.098795	218.053594
0.397661	461.545514
0.099109	18.287143
0.103235	86.727754
0.027778	15.382621
0.096082	27.146992
0.538331	382.281194
0.187218	188.837665
0.045178	60.897133
0.283816	142.893107
0.205822	188.865058
0.200372	151.937370
0.464358	468.394004
0.009778	10.756200
0.273947	332.842629
0.373412	123.280437
0.005202	10.368066
0.118185	265.482904
0.034150	44.974701
0.097413	114.210960
0.055670	13.924505
0.191843	239.736535
0.110851	270.292142
0.580572	493.823388
0.250829	231.378396
0.205057	236.675396
0.160877	49.152338
0.040291	130.497599
0.041994	85.887472
0.132780	80.498987
0.056279	53.184390
0.499386	450.525058
0.247119	221.141893
0.370037	456.238867
0.201007	163.711607
0.013918	19.555819
0.428929	368.226318
0.231706	363.268914
0.263311	197.818362
0.275401	35.177319
0.065858	69.661325
0.244878	178.186261
0.164400	325.218346
0.075579	102.182915
0.119545	85.464022
0.410997	775.877635
0.096539	62.736362
0.062681	150.605783
0.219350	272.692661
0.130643	138.354220
0.064735	74.384955
0.343850	540.594697
0.035711	47.238180
0.099985	100.323734
0.044971	55.602486
0.623393	523.011533
0.239420	212.655287
0.188061	73.687150
0.047996	11.323253
0.623342	663.515689
0.015970	33.051006
0.098231	95.960238
0.115636	36.457703
0.016645	12.191643
0.147068	117.728179
0.059000	71.439907
0.468894	331.381883
0.023754	57.285813
0.262699	178.958775
0.150062	67.623949
0.326433	742.600561
0.110754	129.248550
0.042102	26.581488
0.532533	798.946120
0.525438	410.445043
0.268832	479.371368
0.224866	101.809923
0.182182	314.151115
0.237656	131.054863
0.022954	70.812164
0.134339	219.405313
0.072800	59.388188
0.147128	264.906252
0.020289	21.423127
0.037834	80.779272
0.033134	62.888446
0.234164	316.755172
0.129796	168.031556
0.010734	60.193374
0.010162	14.609040
0.104536	40.581195
0.114716	31.924246
0.122759	206.687769
0.053342	125.621670
0.087521	150.544752
0.107877	75.435943
0.130350	94.586328
0.181831	225.241780
0.351554	260.349274
0.046291	47.388316
0.276287	341.823787
0.060048	80.165127
0.232243	205.151500
0.138251	115.848189
0.176696	180.993614
0.296150	388.942299
0.319062	443.842848
0.049991	115.610915
0.118060	19.046986
0.084477	204.118821
0.027964	43.253772
0.559687	853.952397
0.378102	703.448752
0.037911	49.184581
0.033355	89.924723
0.225291	195.203983
0.312611	235.022727
0.131445	47.307893
0.054004	73.983298
0.106213	167.404272
0.014577	50.522551
0.337830	351.459070
0.067834	131.263417
0.118897	256.574352
0.176945	201.931286
0.117752	76.378576
0.183911	319.616562
0.327294	361.032608
0.050534	109.039797
0.343885	420.279152
0.176198	51.614645
0.236438	130.161173
0.323197	305.504472
0.151424	110.059939
0.025994	59.913115
0.330502	384.520031
0.064159	29.164170
0.188404	175.976624
0.115743	159.406901
0.107536	84.283623
0.097145	14.977701
0.234563	220.080563
0.037844	55.056006
0.059255	178.160713
0.032666	97.325330
0.524926	563.102629
0.293699	288.602117
0.063460	110.225963
0.220431	147.941287
0.034450	42.951748
0.140599	11.103051
0.098837	41.075412
0.096964	60.952882
0.079294	120.770610
0.264466	176.579252
0.074595	31.477626
0.035677	61.338694
0.176344	245.839629
0.140402	32.730106
0.263888	370.930407
0.342412	401.169453
0.005196	21.909103
0.184604	439.209864
0.247694	22.091132
0.533082	568.333976
0.049083	43.818223
0.121791	116.459423
0.030280	14.238596
0.038695	66.016774
0.343912	324.421593
0.484120	909.453970
0.013213	35.252223
0.197399	381.891306
0.396120	321.348815
0.327013	297.576754
0.158151	160.431891
0.195620	328.515972
0.201051	123.515725
0.185130	384.873626
0.227370	57.091123
0.108545	243.364709
0.048443	62.765327
0.418450	435.982515
0.059939	260.852063
0.239238	399.120784
0.061819	168.362474
0.226303	266.467959
0.131746	315.187497
0.275593	360.727531
0.053511	120.562535
0.052102	97.399352
0.605681	786.846632
0.115374	171.246788
0.208540	296.280361
0.011177	19.283753
0.150173	217.730500
0.085415	72.251503
0.079781	130.480323
0.076058	95.054887
0.253778	435.410146
0.609290	731.165499
0.120756	155.784520
0.579671	507.688198
0.323791	501.879270
0.148625	31.900927
0.220011	411.945079
0.484530	570.843408
0.208013	116.743913
0.021343	58.525606
0.324832	290.939886
0.336517	223.082654
0.200817	176.550775
0.077742	234.314444
0.307231	414.307301
0.029624	82.687419
0.216782	166.333860
0.206638	81.858711
0.154886	223.646235
0.409180	428.191970
0.094534	186.939730
0.045250	70.579983
0.056200	65.003160
0.421216	35.578050
0.260875	272.328313
0.241393	123.202723
0.219797	424.556541
0.121173	269.369497
0.039755	90.888709
0.043687	25.233128
0.227137	108.894101
0.091069	130.890597
0.061226	117.227148
0.125180	263.337856
0.444261	677.049942
0.167062	76.033202
0.243301	620.098860
0.201246	105.080650
0.182719	324.297349
0.170569	227.614686
0.087388	140.738303
0.115875	158.126476
0.091609	213.602131
0.170684	234.075879
0.172010	296.806683
0.102694	47.764600
0.098986	217.667128
0.133004	392.678206
0.324170	399.127631
0.506950	897.394670
0.027652	32.615957
0.285051	427.399223
0.297639	177.003672
0.066618	97.238382
0.057009	105.714666
0.184418	239.097945
0.211250	283.008874
0.639141	564.825471
0.062813	233.957418
0.193932	15.242920
0.014062	95.609951
0.158296	284.102643
0.229733	397.925686
0.082672	148.330949
0.020324	36.771585
0.038440	48.202779
0.045671	60.891473
0.066394	77.425978
0.466105	616.508496
0.137689	218.896600
0.014471	36.883484
0.068156	141.660163
0.463989	516.426327
0.023212	8.910991
0.037992	110.167994
0.042055	112.087510
0.143458	147.089640
0.174575	287.074954
0.120218	134.381794
0.136268	73.694797
0.032771	54.476537
0.118241	29.574187
0.115552	215.333715
0.042882	53.582662
0.431271	279.116645
0.025606	16.813195
0.241296	173.075976
0.221352	295.713198
0.191737	250.250216
0.116038	46.751902
0.189256	277.278750
0.122621	101.645383
0.065885	88.168490
0.237035	126.633389
0.005421	35.571463
0.306084	265.585398
0.151171	198.533638
0.091882	99.703242
0.297406	99.072859
0.192027	268.796962
0.517233	575.932384
0.391348	370.587915
0.044152	27.867792
0.083680	124.370061
0.068631	65.436243
0.089608	94.842598
0.155508	39.741308
0.019721	52.755989
0.098120	28.484354
0.031022	86.123223
0.055502	136.903581
0.412162	746.185573
0.483347	744.741609
0.051443	168.040577
0.188761	345.948748
0.076915	40.536006
0.019326	25.569007
0.288743	115.030101
0.125847	151.281844
0.079890	105.902350
0.241854	446.138612
0.039853	138.214665
0.008777	7.776987
0.274977	332.967142
0.402494	425.243347
0.003762	20.531210
0.367093	391.151221
0.581936	913.927491
0.108551	239.242424
0.265881	124.592255
0.134042	144.564067
0.279481	413.002059
0.116701	175.025615
0.231701	281.972404
0.009736	53.195080
0.050861	65.406564
0.186164	197.375955
0.053028	194.457999
0.140603	203.172021
0.612825	723.443726
0.010723	13.284674
0.095253	59.785935
0.078983	72.912249
0.310825	301.598507
0.326191	331.114468
0.368924	591.630318
0.079969	28.522661
0.017973	23.267624
0.084431	37.547513
0.118773	198.155236
0.243659	519.381204
0.234104	407.690960
0.215939	305.819604
0.349336	82.037389
0.198623	170.753650
0.050926	120.733711
0.178174	243.571381
0.275841	177.460795
0.366967	380.108171
0.174420	79.032404
0.160421	177.672993
0.136382	286.182494
0.236797	57.136254
0.488355	553.370340
0.323526	223.302605
0.359813	743.968000
0.017442	20.170201
0.180670	252.963502
0.255362	179.265046
0.510823	755.854212
0.114682	55.359790
0.004346	6.331877
0.098657	52.768743
0.068698	148.403655
0.031390	31.852518
0.073650	45.193926
0.114680	193.890969
0.181292	303.971686
0.187486	199.504815
0.103027	100.344525
0.159518	205.465762
0.258228	320.193062
0.069840	116.719828
0.008304	15.425473
0.106111	268.171770
0.156828	87.931449
0.000419	11.760685
0.262306	197.611965
0.058016	177.574960
0.195210	334.354260
0.306742	454.959112
0.191350	21.301745
0.035086	71.426520
0.422625	310.014765
0.055059	180.424508
0.025996	54.659682
0.013511	30.961009
0.093107	83.835986
0.238269	254.949421
0.004522	9.143452
0.019904	58.119753
0.221803	280.510293
0.089948	99.161995
0.055394	101.622597
0.031909	91.671501
0.274435	85.025535
0.047770	31.912342
0.200982	277.362395
0.020215	26.856832
0.028820	26.403696
0.131207	70.746151
0.405485	455.888839
0.007740	16.905792
0.021703	55.727189
0.434371	755.909554
0.375216	497.989381
0.438498	597.884788
0.035053	25.697063
0.126749	100.036438
0.167427	66.846216
0.098723	279.588916
0.247370	349.072398
0.352079	65.791105
0.121248	136.387458
0.025583	26.332128
0.240578	257.728474
0.154837	99.685206
0.316707	122.272157
0.248222	202.853096
0.455790	366.330833
0.151486	245.074050
0.562292	591.585706
0.537386	457.158398
0.282345	331.800404
0.360550	150.241963
0.460052	552.154115
0.108276	45.190169
0.466732	397.219531
0.203421	146.466991
0.295208	327.445042
0.340575	655.991201
0.282257	223.902309
0.163119	145.021270
0.395366	245.224901
0.220590	208.161404
0.429691	278.372384
0.093990	40.819503
0.291590	451.760650
0.300265	84.588400
0.521260	667.113665
0.162562	106.863072
0.186481	31.669961
0.062959	133.407776
0.031962	64.739578
0.267485	217.172087
0.240729	89.404669
0.128573	142.653127
0.058081	56.203968
0.096481	242.276255
0.049483	75.134315
0.015048	59.901931
0.279133	246.435589
0.091149	151.310096
0.335954	207.854333
0.299269	441.630555
0.021370	12.900858
0.271206	359.690793
0.105043	108.481386
0.399303	443.864422
0.399167	445.575948
0.035937	72.081721
0.017994	11.875216
0.383534	406.766592
0.342389	341.816552
0.039526	44.293496
0.388033	410.379810
0.140259	317.578628
0.081919	217.920688
0.091562	77.650382
0.461048	714.330342
0.485144	732.188125
0.558698	449.484490
0.030680	104.050189
0.083026	183.133867
0.112917	133.278837
0.020375	25.813245
0.206086	262.595874
0.043159	36.640973
0.149854	80.032576
0.062433	143.939030
0.266330	69.972242
0.366461	517.902953
0.129592	107.743325
0.118070	152.090687
0.234343	260.576629
0.004844	39.576434
0.082138	192.930072
0.043954	95.959463
0.493192	548.226147
0.021765	20.230873
0.166806	191.212768
0.030797	25.313828
0.041313	37.017031
0.168907	154.883109
0.107053	97.490463
0.165820	75.911247
0.038872	13.865457
0.169158	171.642609
0.474180	229.080751
0.313521	234.514190
0.016029	28.342528
0.620225	480.003125
0.032484	10.459922
0.042358	52.948634
0.367394	353.948011
0.174993	339.684661
0.125945	69.424975
0.097921	143.893324
0.103203	83.432362
0.107958	61.661823
0.253624	249.244277
0.284927	270.618158
0.106972	97.371292
0.530368	693.850561
0.172017	293.318099
0.203717	102.556214
0.434344	298.059618
0.063273	77.791212
0.258675	249.461992
0.051237	117.191690
0.043005	185.326161
0.572486	480.862851
0.202145	302.212022
0.079172	114.124445
0.246356	300.552412
0.161048	109.343481
0.330140	156.170846
0.156455	196.565312
0.158210	196.069406
0.044452	144.005569
0.087031	156.385611
0.123676	129.666308
0.260163	641.729464
0.071307	66.957528
0.645387	464.926337
0.152566	198.009247
0.022416	26.185834
0.108581	244.721703
0.298094	284.926191
0.111805	57.281340
0.043750	23.394358
0.092699	150.308633
0.069645	72.205887
0.253980	220.236848
0.066728	104.546795
0.006905	10.191813
0.060725	26.345800
0.391252	472.905088
0.242294	13.292759
0.011447	39.882883
0.361622	232.039324
0.456416	447.106692
0.268690	229.543213
0.049003	38.569941
0.395938	578.024826
0.122176	169.385250
0.067352	55.204821
0.122562	95.274247
0.223088	141.386954
0.268145	315.479568
0.180033	265.460454
0.142339	108.616683
0.043880	46.771391
0.242826	330.910685
0.184901	270.486986
0.261842	156.412433
0.132904	119.057304
0.289316	466.391738
0.259637	375.322296
0.096270	50.172065
0.146306	188.513073
0.314239	613.105585
0.334766	349.588048
0.444682	555.398806
0.066313	24.464804
0.102477	197.833913
0.598774	674.659136
0.203754	113.736104
0.143831	145.440803
0.648743	380.515945
0.317561	443.340405
0.135037	223.215038
0.219674	222.107300
0.014261	105.987243
0.368863	437.857781
0.072194	14.523195
0.570725	519.429606
0.007411	9.684914
0.076310	46.205593
0.177316	404.896129
0.167584	109.522574
0.063362	78.306661
0.175351	332.757461
0.132263	122.619981
0.176432	194.957614
0.090233	51.351545
0.429366	341.840209
0.224227	239.199109
0.095865	89.571218
0.286993	72.647840
0.075362	75.494655
0.078013	163.688927
0.010770	11.731740
0.239072	43.005977
0.190211	87.770096
0.052947	104.158850
0.050860	116.333229
0.243557	65.928204
0.100667	225.541580
0.244005	296.178699
0.012422	30.999817
0.030588	30.851862
0.390372	348.632083
0.203444	417.378572
0.312052	533.398613
0.100972	144.860246
0.060960	97.026354
0.365803	256.203471
0.150434	339.644943
0.296482	412.070060
0.099888	111.284929
0.155054	272.467678
0.244912	158.955505
0.053837	35.419662
0.648164	846.482996
0.173871	210.088960
0.107091	135.260393
0.164390	192.642693
0.273540	151.301732
0.077985	76.138142
0.223200	253.183132
0.011663	17.218071
0.022547	35.778188
0.171318	203.326294
0.593843	949.694560
0.074422	59.107616
0.029305	46.137268
0.097990	315.675518
0.160339	85.840988
0.117202	197.502114
0.002586	10.125095
0.012537	36.297909
0.030508	43.085902
0.085205	251.475774
0.055984	58.457215
0.089630	147.499186
0.134930	203.073860
0.105036	176.287401
0.165411	69.068115
0.066172	72.755867
0.103389	85.184899
0.195049	175.455977
0.044096	113.060990
0.198504	68.077498
0.109797	201.175763
0.615522	658.068170
0.042415	53.587034
0.484771	366.297813
0.196599	78.719096
0.060989	79.731326
0.300031	341.287060
0.084238	124.265027
0.114340	291.747373
0.064612	52.745687
0.381480	512.552324
0.043367	107.622839
0.354527	160.192479
0.158474	373.763830
0.323442	569.259546
0.190992	173.183920
0.120938	127.612794
0.178499	288.894424
0.349996	353.011634
0.066227	136.068063
0.579351	255.764587
0.151098	97.202445
0.022101	25.425839
0.095736	102.905898
0.174579	305.272341
0.165451	196.123337
0.132660	154.440177
0.159157	135.457143
0.037868	24.678259
0.152811	240.665222
0.081813	122.633186
0.245078	462.751532
0.162299	153.353960
0.070874	94.521617
0.257947	533.664931
0.375553	222.149140
0.205527	153.251359
0.054375	71.697486
0.139794	159.246342
0.198959	230.608162
0.007737	8.856975
0.158235	332.885709
0.318235	418.533702
0.108404	74.155949
0.230645	176.480176
0.237907	411.085383
0.341426	302.240135
0.144954	168.943389
0.090759	40.980216
0.027286	21.760680
0.240349	225.236964
0.056545	98.670450
0.299235	226.507519
0.629654	995.884753
0.066532	48.999588
0.387236	525.283510
0.021579	26.947847
0.391469	558.802097
0.002703	16.558767
0.043543	42.112350
0.247424	253.248317
0.175352	87.153058
0.401421	516.847861
0.139408	247.686230
0.036407	54.565861
0.181420	172.162031
0.271637	165.910081
0.231386	175.006211
0.241632	195.395834
0.305930	173.430214
0.152476	115.627853
0.401339	643.795645
0.015980	21.723096
0.421138	367.125692
0.407366	375.579954
0.141342	342.108365
0.208858	309.766318
0.256005	153.393509
0.128226	218.752099
0.134506	226.256042
0.030743	90.838775
0.562332	831.370110
0.235188	95.628227
0.103078	119.182053
0.160255	247.439871
0.337011	660.207569
0.173657	97.243442
0.233674	203.029816
0.039963	49.369383
0.048166	63.879956
0.458230	469.215052
0.070941	71.023968
0.049549	163.907838
0.005440	30.573204
0.391328	505.561477
0.083254	85.905711
0.619320	902.351387
0.061978	18.776417
0.023152	21.122486
0.054552	170.552292
0.158818	188.164853
0.545711	373.854360
0.382119	681.219679
0.631234	1064.346156
0.131303	264.006452
0.084771	73.681281
0.408531	327.297458
0.148784	133.940433
0.051408	92.531722
0.043809	178.829112
0.029517	94.793544
0.079069	218.029542
0.013584	8.437378
0.303926	428.487819
0.656194	949.517308
0.050097	49.669630
0.195825	125.419276
0.620716	797.627159
0.053276	30.038356
0.151333	343.304966
0.252933	127.430243
0.057606	69.051260
0.199692	463.135774
0.512088	994.819533
0.076792	143.912328
0.148328	283.266974
0.169673	398.486860
0.045164	126.267794
0.030642	48.892412
0.092403	165.104053
0.136213	172.596084
0.193491	210.623781
0.206196	355.069075
0.060525	118.469046
0.024807	60.405783
0.437632	244.036315
0.059524	100.227574
0.375293	310.460022
0.240253	278.255021
0.444925	506.724569
0.238915	390.137238
0.010197	14.153262
0.275734	168.553418
0.201595	384.925979
0.566708	977.329380
0.619708	315.339895
0.159961	125.258739
0.059597	30.121372
0.023348	49.550849
0.024456	52.520362
0.521031	585.680794
0.185567	305.686506
0.333149	355.502541
0.071971	55.975003
0.197046	286.248801
0.164919	266.442040
0.004391	12.887212
0.221043	462.029769
0.210315	314.444497
0.166936	49.556293
0.290193	48.691988
0.211831	305.063299
0.389960	139.890132
0.065532	62.278459
0.127415	50.284851
0.500104	864.435902
0.118796	95.766747
0.077314	23.933938
0.110586	273.207721
0.281715	363.848439
0.153896	44.135379
0.415951	602.788771
0.010378	18.563153
0.077518	166.731242
0.407177	465.256130
0.012710	26.253393
0.022624	54.577205
0.121669	124.405929
0.067185	120.612586
0.073762	167.102323
0.224730	169.672198
0.162177	143.620794
0.125734	406.491818
0.077423	109.105133
0.043683	77.769656
0.031563	33.780445
0.150084	148.614453
0.067383	83.672452
0.388994	297.552858
0.172282	106.064611
0.205641	255.574334
0.402065	276.476745
0.051346	79.082008
0.567869	726.589357
0.180782	100.044564
0.244480	346.391755
0.239642	200.674963
0.321559	703.101704
0.168072	405.100477
0.408067	593.799421
0.145593	128.401692
0.255285	486.891772
0.227111	634.348747
0.310723	303.679559
0.045615	77.390124
0.208274	9.083957
0.277334	64.529673
0.011044	16.923831
0.056024	132.580272
0.052141	48.186229
0.109401	33.505840
0.152064	250.037174
0.122248	133.090009
0.237888	300.714442
0.139903	216.310322
0.243540	282.563244
0.624160	465.986872
0.123862	163.442618
0.199596	153.169191
0.062942	143.231946
0.268932	165.625167
0.143065	126.661768
0.036211	48.686846
0.141380	217.498694
0.093085	176.045104
0.024585	34.901689
0.276683	292.840065
0.152205	103.925919
0.095280	177.811991
0.291719	190.416297
0.038887	86.120346
0.079268	211.344504
0.415022	837.601024
0.143457	265.775218
0.253725	157.313925
0.247613	231.417251
0.474708	302.724310
0.221710	120.989261
0.022315	21.521041
0.209037	263.110911
0.230291	251.600445
0.231068	422.838891
0.276598	275.350171
0.138387	240.876677
0.027977	33.177820
0.382638	553.876605
0.210127	408.305252
0.132297	143.034896
0.033768	22.819419
0.125311	59.791802
0.259634	344.092318
0.108954	92.214423
0.118065	204.692463
0.094003	167.989153
0.019113	33.319660
0.494115	692.340266
0.025431	59.756945
0.079694	124.011827
0.040528	6.700263
0.040983	78.691665
0.165214	215.749852
0.184341	399.689433
0.365323	434.658471
0.063621	102.876502
0.051970	75.474897
0.032114	17.911295
0.125512	120.643156
0.060060	26.696782
0.238821	57.824687
0.063447	61.206873
0.157152	245.562156
0.121290	264.731252
0.001936	6.036918
0.352397	283.969677
0.464230	175.157766
0.060414	100.978614
0.087886	68.417183
0.104832	107.140762
0.241919	290.922359
0.398063	104.843010
0.197367	171.035994
0.310050	356.107967
0.032070	36.647143
0.131581	194.129339
0.106975	53.979102
0.041152	23.223464
0.310141	261.033749
0.260947	102.287708
0.206712	143.302789
0.084514	23.560318
0.014636	28.160128
0.097996	159.019271
0.004248	23.927218
0.521440	79.652513
0.064471	97.250331
0.018191	36.035107
0.019925	30.268108
0.142702	105.907967
0.177468	184.278129
0.065624	37.762150
0.115104	180.049411
0.303743	410.028214
0.085983	166.940329
0.048329	43.852275
0.022790	61.485381
0.005927	21.375268
0.141045	121.180997
0.089628	70.218123
0.147155	226.840865
0.029114	55.565867
0.194341	205.303426
0.137371	302.434953
0.140554	71.852880
0.091980	115.088139
0.010546	2.897085
0.249105	79.569278
0.409678	148.345250
0.192335	234.811621
0.092974	126.791276
0.061887	5.069896
0.374026	457.152085
0.065586	91.024634
0.146496	104.111065
0.384221	64.097590
0.419765	273.468192
0.118622	163.694060
0.145603	215.389871
0.146156	216.130855
0.071370	35.981353
0.182155	359.666338
0.092160	129.028872
0.154616	256.627367
0.019691	75.281433
0.134347	138.622055
0.074514	100.094138
0.081826	164.407022
0.635231	721.456018
0.298686	265.136882
0.107903	114.583349
0.015259	69.981656
0.167880	128.003922
0.390771	216.115521
0.024554	26.165931
0.649149	589.228585
0.059375	48.567032
0.064037	121.809503
0.127931	172.618754
0.010332	12.553611
0.515470	995.226324
0.265250	326.434242
0.055217	111.310912
0.101303	135.109926
0.247091	274.299246
0.245398	41.941792
0.092547	182.655291
0.255921	500.525186
0.028482	23.109221
0.185107	295.634938
0.399536	441.835977
0.023424	21.915544
0.037295	103.352390
0.023514	12.531198
0.112390	103.388657
0.085223	197.586433
0.011853	22.229040
0.106442	154.459298
0.039096	76.961806
0.030777	14.308120
0.075297	44.236888
0.213548	623.647822
0.027048	26.592274
0.183406	203.166978
0.029352	31.220105
0.004473	31.974062
0.014528	46.631330
0.060883	29.196853
0.034976	78.449882
0.466611	647.774544
0.316982	468.817255
0.331399	322.464869
0.211765	135.651971
0.042240	53.176590
0.155358	252.383568
0.087452	313.440754
0.298771	337.068677
0.205617	122.226288
0.203884	38.592900
0.038366	114.440354
0.036542	55.979529
0.167072	240.237867
0.338178	412.682109
0.587452	855.730081
0.005857	17.981159
0.146424	147.653645
0.367525	598.613329
0.272403	314.929997
0.197385	64.141303
0.361980	286.021394
0.032981	30.332476
0.281222	653.836654
0.384385	273.344592
0.024609	59.928179
0.205908	72.173123
0.301865	185.936182
0.327609	513.979645
0.004519	25.464493
0.063387	45.928371
0.493145	367.092036
0.093383	121.710726
0.033271	8.360280
0.027919	88.323227
0.068038	92.489179
0.384976	384.664121
0.040563	21.816562
0.015191	14.521948
0.070049	82.686443
0.564047	356.323077
0.493974	572.182750
0.492144	659.584937
0.129950	22.989826
0.020116	37.445528
0.183409	297.626016
0.048324	70.150727
0.496098	839.198777
0.173192	70.881717
0.146982	124.145589
0.052979	35.128248
0.082661	306.006375
0.254166	190.196710
0.213398	194.513492
0.302277	467.126954
0.326002	557.230167
0.354432	638.454443
0.026307	36.936506
0.224012	281.731109
0.208615	173.079742
0.013948	28.886226
0.237936	180.191676
0.488477	623.917087
0.243943	187.934193
0.016895	56.250676
0.048598	26.649177
0.193613	221.257561
0.037366	55.957526
0.263714	209.938430
0.149424	32.366912
0.346649	207.994733
0.103197	303.990519
0.198382	413.231159
0.059568	27.993636
0.142995	151.214848
0.023972	30.063839
0.393961	394.171019
0.098605	92.944636
0.375972	604.460819
0.100971	230.993688
0.036440	15.781278
0.139853	199.825426
0.021290	14.758408
0.095868	127.154039
0.333116	518.662604
0.231405	297.971941
0.166372	166.938850
0.099286	273.431388
0.518546	665.522232
0.171588	115.304488
0.060899	74.644858
0.323016	449.759468
0.250641	44.528230
0.048263	25.574659
0.435973	632.961291
0.176780	96.981871
0.201789	382.428934
0.461646	416.697010
0.017551	45.021047
0.052678	124.080938
0.468092	786.585774
0.047019	26.931513
0.147258	159.753144
0.527572	584.997132
0.031049	88.411924
0.003037	22.042332
0.024976	16.619553
0.145078	84.824910
0.111284	147.731626
0.097125	169.878729
0.086137	154.512838
0.046030	12.443267
0.090131	163.630856
0.221161	279.622629
0.297239	269.295191
0.244807	287.450380
0.087466	166.708730
0.112901	85.481592
0.333895	592.845586
0.329544	170.577301
0.098169	218.868920
0.021977	81.303285
0.157172	221.100323
0.258659	93.506429
0.354795	583.857775
0.075330	58.402008
0.186240	274.151856
0.286180	492.183425
0.143134	96.436879
0.111441	250.375955
0.225071	289.946655
0.002389	6.143049
0.101748	253.761171
0.211487	228.089454
0.170883	183.623671
0.433601	535.670733
0.085705	116.012797
0.102114	26.180944
0.063831	45.900798
0.405101	68.065880
0.044027	18.698548
0.006760	21.764685
0.363054	25.545458
0.037806	47.580929
0.315399	300.538608
0.109041	253.620735
0.031137	43.507466
0.141981	245.159437
0.006609	8.392235
0.235649	109.738467
0.037754	22.948996
0.151911	156.054619
0.000880	4.244354
0.001249	12.300848
0.058331	79.297816
0.519909	641.720252
0.090566	67.812735
0.260586	314.687708
0.005076	7.556585
0.201979	311.992577
0.187694	148.905982
0.303015	384.200908
0.178911	335.889785
0.097202	120.740838
0.041918	32.259453
0.317489	504.425809
0.205412	178.481465
0.044568	84.121853
0.265142	207.488129
0.412687	334.734435
0.214520	273.333781
0.178798	94.779337
0.015863	50.391943
0.093511	90.835859
0.040320	10.713232
0.272253	207.932879
0.016987	36.500606
0.020086	47.618216
0.034198	49.243693
0.053813	53.914182
0.028135	43.094162
0.088401	185.984689
0.099621	112.795958
0.367729	353.761207
0.042465	76.870271
0.056436	162.425252
0.254880	301.433533
0.309329	200.600921
0.163861	78.166876
0.253344	107.701764
0.334260	604.261332
0.135066	258.019476
0.188143	289.529818
0.132346	146.216566
0.245876	309.494075
0.074408	36.906696
0.185208	230.260902
0.049421	115.687789
0.372421	155.941772
0.543680	453.686959
0.069391	50.563647
0.195633	128.344095
0.065406	144.854229
0.285903	243.433857
0.426426	540.228936
0.335671	478.422874
0.373722	539.329711
0.340804	550.729950
0.086799	126.166704
0.287610	211.010659
0.388180	265.876388
0.112736	138.445433
0.081882	41.522685
0.016755	53.596411
0.054563	73.422763
0.178430	318.135280
0.333816	440.379152
0.326913	501.911068
0.034792	105.167902
0.045475	10.261990
0.086726	164.986393
0.319350	210.970079
0.308336	662.698383
0.001421	4.073085
0.016719	2.283131
0.226195	424.498906
0.202186	171.941880
0.290018	269.373861
0.039908	62.134325
0.046830	125.068730
0.074517	203.197302
0.016584	26.194129
0.116907	98.059853
0.023165	34.469004
0.051351	53.187042
0.238409	139.648649
0.147492	207.158081
0.160043	203.598803
0.083295	165.200872
0.398883	184.857862
0.092643	89.100234
0.034487	32.555422
0.023829	49.765620
0.107176	118.466560
0.175728	182.741010
0.028875	29.220820
0.050010	112.466935
0.199902	201.062052
0.196840	124.150773
0.121246	173.164055
0.160808	210.335847
0.051672	15.085383
0.023302	17.386680
0.136331	90.956160
0.075441	54.174250
0.643270	538.472446
0.130911	104.675178
0.007159	8.128103
0.257840	467.982865
0.121817	116.897056
0.105103	88.924979
0.101401	71.618891
0.184476	410.953172
0.068441	102.913439
0.281461	326.499550
0.283331	386.230003
0.183480	163.745488
0.257889	537.698548
0.621579	428.254743
0.024304	39.340692
0.282963	141.030087
0.513635	680.487005
0.064226	30.543729
0.006032	17.210444
0.263636	113.814539
0.040812	48.284550
0.200175	149.885095
0.159814	311.482392
0.521571	238.184586
0.618299	737.651453
0.651546	789.225652
0.116405	242.574777
0.062461	152.170274
0.084874	257.060726
0.101875	65.245490
0.040098	35.811781
0.168393	158.125678
0.141246	169.574786
0.105843	107.502649
0.086533	166.760789
0.049601	9.477020
0.243192	36.481876
0.124315	189.379712
0.010859	30.795612
0.256154	378.899990
0.268108	132.650021
0.330359	569.824371
0.231391	249.382763
0.504189	651.417847
0.154408	82.777722
0.147132	182.723575
0.024102	37.659600
0.535984	1010.110468
0.050405	72.358785
0.435282	581.681142
0.238718	283.075392
0.307903	157.081048
0.223616	251.983223
0.264631	298.232387
0.438889	559.961157
0.187393	151.590799
0.165080	298.180657
0.037865	64.395237
0.060645	25.191245
0.055846	107.281410
0.347483	568.912216
0.179810	256.258820
0.203912	194.224076
0.350706	408.089428
0.278350	171.108676
0.315628	360.630634
0.065737	91.517267
0.356337	72.882893
0.046777	45.296405
0.059070	44.497650
0.208545	189.139731
0.031238	33.050999
0.397974	577.093550
0.236416	309.542573
0.053433	119.749427
0.168583	153.954357
0.580191	78.863023
0.129504	80.311250
0.067038	153.406080
0.046847	82.106245
0.560316	603.128216
0.143921	108.157623
0.231278	74.220974
0.140205	227.801113
0.272090	85.610686
0.115747	38.942019
0.208057	173.631498
0.552542	607.632581
0.094918	318.039798
0.148937	63.265073
0.211765	216.039703
0.395334	449.690276
0.021064	47.760967
0.433127	543.830223
0.147756	249.073733
0.448019	471.064794
0.431120	409.268578
0.507681	611.821057
0.295753	495.306814
0.611069	677.022842
0.270965	328.591240
0.482986	416.538946
0.047083	70.525841
0.054596	96.198331
0.160368	264.011441
0.052337	78.509042
0.402327	305.214207
0.188778	233.996126
0.033720	33.617067
0.262390	104.987079
0.085925	188.209943
0.158936	37.572108
0.340736	407.876195
0.150312	412.148227
0.037466	46.246836
0.097874	60.034044
0.074585	143.304471
0.176510	62.317768
0.135321	241.530145
0.122970	29.215395
0.496085	743.560041
0.053162	12.080838
0.009950	34.317004
0.196095	335.201729
0.261579	294.220756
0.092464	175.853646
0.225058	73.243899
0.016963	18.306150
0.176360	150.702582
0.122026	151.984331
0.094254	208.751330
0.091343	145.139236
0.138958	212.998718
0.261338	329.162572
0.038520	111.044038
0.122429	203.254598
0.030232	118.792960
0.143412	39.820941
0.033869	50.001506
0.139932	307.055826
0.444851	618.417368
0.194006	152.962741
0.301973	607.116636
0.019919	48.580222
0.074900	28.521580
0.170516	292.367744
0.141342	240.941730
0.090048	59.873679
0.241020	314.566629
0.139270	358.267340
0.062968	115.443541
0.070484	154.412963
0.092174	31.802566
0.195849	289.648106
0.096763	52.298097
0.046450	16.062940
0.072958	99.637392
0.012551	35.647918
0.271547	291.944825
0.364413	628.529989
0.555649	723.554124
0.438564	252.526759
0.040809	126.592694
0.539398	451.220198
0.327935	441.026014
0.112662	57.395320
0.298623	782.604194
0.170892	135.953723
0.214549	234.111540
0.344617	342.879648
0.145899	47.764499
0.217675	232.519927
0.035484	26.845764
0.272842	405.420437
0.011233	39.224709
0.335429	478.746555
0.006041	7.858665
0.347636	29.812894
0.226293	50.537898
0.140834	154.718773
0.289220	366.827448
0.556807	750.209540
0.076727	111.579163
0.223428	496.829758
0.081349	103.846784
0.177230	211.821304
0.249960	176.393599
0.269221	240.388531
0.011072	24.001903
0.085493	118.033288
0.176672	150.976212
0.122967	60.785632
0.285306	271.129325
0.024705	9.720644
0.253981	285.801648
0.060717	52.716904
0.084768	100.351547
0.356981	399.074731
0.636561	706.381177
0.175046	276.123389
0.466585	496.564009
0.085191	112.857574
0.474193	661.996370
0.168371	192.238261
0.039479	71.305210
0.023153	95.070150
0.426502	300.820585
0.074998	147.989136
0.462889	475.480144
0.025898	58.969271
0.072762	79.065806
0.055051	44.614181
0.080566	68.687180
0.508235	733.892368
0.299820	394.876743
0.127869	31.842360
0.361487	491.964475
0.000830	1.933608
0.139649	77.840063
0.517469	573.145476
0.063150	92.387334
0.300967	477.235204
0.116353	156.973602
0.247424	502.310703
0.178921	325.930162
0.193700	161.885261
0.030586	88.548413
0.154588	295.619759
0.126937	321.945103
0.004090	35.774694
0.065560	168.911257
0.050852	15.226508
0.273327	301.418708
0.284277	258.933395
0.047528	132.846447
0.108507	114.872574
0.011203	28.114828
0.047191	93.324431
0.160553	15.951639
0.398323	444.056421
0.429943	462.005132
0.042763	76.202549
0.073943	25.511389
0.076605	24.480804
0.307105	185.772366
0.090024	194.582995
0.295458	271.342383
0.145141	138.429696
0.324247	285.136180
0.463036	600.091924
0.079954	70.531398
0.241481	75.599733
0.016052	25.210207
0.086452	154.064000
0.208825	398.172739
0.129689	37.680852
0.527819	714.516360
0.405952	173.222478
0.064582	74.762255
0.170537	33.171059
0.023972	72.396710
0.108519	171.485790
0.307019	278.422931
0.303299	284.675954
0.087955	138.511964
0.049109	17.829075
0.155940	76.686554
0.448988	655.236169
0.076443	46.981456
0.522245	660.091510
0.220776	136.495903
0.035329	15.336489
0.019172	76.561447
0.226003	408.884918
0.079580	120.295177
0.517840	514.005144
0.273397	295.800039
0.166639	184.630213
0.061991	122.068192
0.030101	61.187129
0.147292	248.752232
0.123711	152.252846
0.178602	282.844219
0.012533	12.204650
0.010271	9.227454
0.055701	92.992757
0.076230	25.718978
0.092885	135.077454
0.059865	117.425872
0.213920	189.066778
0.017371	7.728540
0.172623	314.275504
0.036797	10.235170
0.024434	70.417248
0.093883	21.001656
0.128859	200.331595
0.232678	444.531736
0.012046	44.752052
0.390322	606.151869
0.074315	173.407427
0.169573	181.375046
0.422149	457.478620
0.123212	167.252863
0.144763	297.062207
0.014310	34.610226
0.143721	231.126098
0.031226	61.664224
0.514816	600.086782
0.206326	425.594555
0.017365	18.088720
0.006895	6.494020
0.056793	207.684558
0.211014	237.096737
0.367058	370.631446
0.338501	519.022892
0.330373	503.641543
0.038559	44.496788
0.211880	114.818511
0.055297	116.937696
0.331909	462.761411
0.009043	7.230146
0.042735	98.477225
0.384818	421.552715
0.232994	239.429713
0.288178	624.313894
0.011031	34.140861
0.360736	204.640585
0.212824	152.722085
0.014703	33.221702
0.201916	420.927997
0.162063	121.792474
0.035288	39.795014
0.069840	142.738076
0.304307	243.803034
0.127781	202.628967
0.418200	307.537483
0.050879	142.473253
0.163221	423.231673
0.026515	32.396364
0.056673	120.251789
0.450459	644.853157
0.209182	174.123797
0.264729	222.586968
0.105841	227.648788
0.004591	18.335080
0.375310	339.078399
0.142547	218.122223
0.080881	176.764891
0.027360	41.706689
0.020855	11.869676
0.240385	233.085170
0.120968	181.912590
0.257774	455.815310
0.446008	652.931443
0.186630	122.588894
0.101950	216.969966
0.039424	99.995706
0.005641	19.481657
0.123403	182.773220
0.179809	289.774867
0.117832	241.189014
0.642408	912.184124
0.147349	85.685159
0.093941	165.571184
0.144775	256.097059
0.069004	36.131561
0.017529	16.907730
0.250172	369.512902
0.137165	123.553079
0.012313	25.738609
0.199340	182.210218
0.154631	93.452295
0.235874	451.653162
0.024868	56.763334
0.037148	32.783223
0.116916	44.696724
0.127419	197.572630
0.122682	117.819315
0.142300	28.486729
0.065521	177.728789
0.384495	564.720793
0.218276	356.760765
0.162957	296.217938
0.088569	156.727044
0.242219	293.988898
0.293634	562.364083
0.304958	409.751255
0.027679	59.541468
0.218828	347.915266
0.012499	25.268814
0.232633	482.365890
0.209417	33.153641
0.212006	276.691168
0.149970	51.576387
0.122867	238.901094
0.122510	313.389595
0.135008	124.395648
0.170763	312.501251
0.069078	79.568992
0.131887	72.549496
0.164017	118.581905
0.483939	405.436252
0.426675	492.656610
0.056029	118.868391
0.137245	78.232595
0.243539	84.878195
0.002506	7.870207
0.272482	236.651264
0.041805	35.378824
0.302207	196.095652
0.337296	339.808133
0.078302	191.089958
0.115136	43.262568
0.407995	612.580205
0.022456	30.566202
0.508557	624.514471
0.339099	485.724008
0.194098	149.675561
0.025940	88.415103
0.031821	17.807379
0.233775	278.278931
0.129276	95.649182
0.173594	167.500540
0.145082	177.713642
0.168548	357.048595
0.007386	28.326713
0.157414	227.492340
0.003356	17.584579
0.180612	188.339986
0.230250	212.929866
0.194299	445.579165
0.132645	238.951443
0.468671	771.304680
0.427436	391.737323
0.259601	344.835885
0.124711	87.377447
0.212707	357.379735
0.194077	384.214133
0.013621	11.475884
0.014625	19.801826
0.659451	510.522971
0.139168	182.079820
0.034610	28.145663
0.342943	415.168484
0.018643	21.144984
0.225032	421.143075
0.146087	144.479563
0.151554	163.300955
0.133659	113.439804
0.163557	83.949065
0.041585	59.365519
0.053525	123.605075
0.073749	215.666134
0.183396	90.231787
0.279972	430.713328
0.338693	249.271887
0.403218	567.663319
0.120611	97.454553
0.207921	87.642061
0.074387	128.331704
0.542654	821.881295
0.187333	107.424170
0.068429	11.606062
0.078448	204.192592
0.324896	416.780045
0.288722	421.474715
0.155405	57.041820
0.074575	180.941006
0.069550	76.139348
0.129801	271.126977
0.083259	20.487398
0.316560	527.888995
0.062714	195.530983
0.187903	211.300245
0.156848	41.218907
0.011485	31.277955
0.202062	245.575078
0.283856	376.152647
0.127155	193.029032
0.316420	300.783181
0.010510	14.947289
0.164505	334.056915
0.345661	581.635562
0.183020	110.858145
0.246336	298.559323
0.222820	136.061499
0.016528	45.212872
0.199349	80.571759
0.107087	332.238263
0.447983	512.088994
0.053995	7.526239
0.227688	385.617855
0.095709	191.599584
0.051206	99.069971
0.141882	104.036384
0.164754	222.253627
0.123191	264.837689
0.163235	217.291761
0.090648	72.241140
0.158861	121.897355
0.279544	345.881989
0.214195	113.736083
0.571211	341.205730
0.184121	47.547446
0.001538	11.751926
0.165079	155.054627
0.167231	153.683227
0.360494	144.804197
0.004310	11.514308
0.237488	345.743913
0.314565	473.467349
0.168691	218.183846
0.289936	430.342307
0.040496	66.543773
0.333117	348.750234
0.031062	24.336100
0.066212	33.973717
0.265175	211.851110
0.200796	270.426523
0.011234	49.977356
0.069594	57.194967
0.099014	169.493422
0.000263	3.319154
0.030096	53.099885
0.342219	9.226826
0.625392	405.522212
0.394530	272.212763
0.075185	187.780750
0.277457	78.613084
0.137098	171.912596
0.029690	97.644333
0.191015	253.151273
0.253528	254.880435
0.040392	51.100749
0.017314	30.241099
0.077272	119.855422
0.449918	564.912683
0.301224	348.917583
0.084381	114.811649
0.045830	141.634803
0.135702	240.296178
0.026987	57.937604
0.170721	208.120037
0.113896	178.820985
0.090108	186.167602
0.183279	152.114413
0.023605	50.910190
0.007465	17.801996
0.102853	115.703556
0.091948	248.845734
0.189641	151.758943
0.025475	18.076084
0.497913	319.976191
0.286131	251.623611
0.514820	383.818407
0.109048	105.958938
0.038909	82.873627
0.626565	899.403837
0.280981	124.671200
0.099568	194.360491
0.130175	56.944110
0.078436	80.744487
0.353282	800.488714
0.205538	65.681330
0.233205	33.379408
0.033679	36.981877
0.117126	312.844962
0.167298	42.590954
0.009514	12.226308
0.202274	249.001614
0.150444	107.893943
0.325681	113.091750
0.378971	138.888512
0.161922	220.059647
0.090115	118.030915
0.025888	61.539761
0.018698	19.591295
0.128172	151.940228
0.015619	24.349504
0.021626	33.435473
0.133352	169.145799
0.081770	147.833147
0.038484	163.958550
0.089165	129.288968
0.295329	458.770856
0.206168	330.979769
0.365321	629.651838
0.109364	175.475545
0.078449	64.052245
0.157480	124.380834
0.022437	52.368471
0.099405	122.698001
0.087076	68.155649
0.431281	514.000000
0.260831	451.254539
0.213638	203.526610
0.579231	671.671285
0.211831	256.163520
0.109311	47.665520
0.093170	34.843665
0.279432	462.239690
0.046853	135.121875
0.320476	541.502912
0.079655	81.934660
0.039770	42.056965
0.219053	456.691531
0.114054	253.597435
0.525340	721.424122
0.111908	97.114166
0.117136	167.117850
0.570842	739.840940
0.279164	360.663393
0.196987	236.642611
0.081492	163.455046
0.015261	56.064728
0.200794	137.990908
0.019843	34.614505
0.077350	180.810018
0.036157	27.433693
0.015239	42.525167
0.258448	404.662664
0.119631	258.777219
0.012320	16.456117
0.078317	40.880369
0.269406	133.479395
0.159866	190.887135
0.094273	78.957401
0.186528	142.402556
0.292739	193.738517
0.302010	331.169311
0.318133	374.171689
0.222379	220.595760
0.528991	344.365289
0.233092	432.821173
0.032045	46.662355
0.056565	32.338575
0.030017	9.974286
0.118025	64.155484
0.088378	73.225688
0.029081	55.328605
0.102411	285.441036
0.149022	102.092151
0.106972	200.791121
0.619835	926.460763
0.003231	33.553668
0.092892	68.128819
0.268279	290.751904
0.140725	303.325404
0.110655	26.147827
0.021243	29.340908
0.376361	500.417796
0.019425	55.629605
0.212674	228.571464
0.147839	182.231520
0.449149	514.047602
0.048144	95.567955
0.165409	133.856146
0.054839	78.491263
0.189666	136.307968
0.076209	276.436136
0.196514	118.931927
0.146921	75.005242
0.043341	35.835305
0.043279	122.169719
0.106630	177.705326
0.509592	511.086038
0.226448	429.027564
0.072550	183.841244
0.345063	315.328319
0.195413	227.383547
0.282447	479.391527
0.095458	92.400953
0.259990	238.703189
0.245365	368.011895
0.142769	216.166050
0.056107	36.965946
0.187926	72.674767
0.219704	358.344880
0.002927	7.245323
0.202357	385.976264
0.361516	283.237013
0.293906	339.810198
0.046822	78.343946
0.113479	116.357233
0.223890	42.935560
0.095152	53.990611
0.476252	554.611611
0.219466	208.879457
0.045507	53.075454
0.182924	61.901499
0.031901	29.728547
0.051397	76.001805
0.254471	101.358353
0.022370	22.435756
0.328342	331.806351
0.100320	137.094793
0.083870	64.075623
0.190654	164.870202
0.009547	24.500934
0.076556	170.390139
0.070590	83.587424
0.073699	65.698820
0.546006	769.178628
0.395048	757.419996
0.144873	124.355860
0.474256	637.933016
0.033772	42.778409
0.048741	39.939586
0.042747	102.361132
0.450580	485.476735
0.240859	174.392741
0.140061	46.360780
0.044063	117.640075
0.106425	221.770144
0.121996	35.350922
0.110214	161.868059
0.321283	186.500810
0.404539	479.635579
0.040712	109.089724
0.198838	146.207121
0.364199	345.013249
0.017175	38.054504
0.033029	70.940113
0.039695	55.950650
0.089837	202.050158
0.125800	275.995281
0.055724	66.048897
0.104727	38.830243
0.321608	329.033193
0.360243	471.175983
0.286474	200.213568
0.050552	16.001943
0.216185	162.350492
0.095061	24.723201
0.019552	66.485380
0.057368	28.005269
0.245549	331.892462
0.234042	167.606683
0.003940	18.084936
0.115207	137.004691
0.143455	30.439136
0.122471	210.320925
0.044949	51.032196
0.157648	200.089758
0.362528	640.760817
0.028318	41.373821
0.124289	215.166768
0.322362	259.738411
0.091934	159.242703
0.162258	51.505694
0.071755	173.264711
0.178967	102.809105
0.120516	92.532333
0.054818	169.697449
0.068773	52.342076
0.079995	57.684641
0.279282	313.795375
0.170324	419.807234
0.210839	286.177794
0.087412	54.277057
0.002616	9.140917
0.174984	178.330621
0.192222	503.122292
0.054280	87.784231
0.069322	93.588533
0.000350	9.264430
0.069767	119.499076
0.122881	189.813594
0.078027	26.604359
0.058172	36.490055
0.095417	96.571911
0.111106	130.339050
0.205072	161.196900
0.142099	87.104532
0.029580	86.929930
0.094969	12.551511
0.192035	380.997988
0.312616	531.115802
0.144264	210.227877
0.129264	29.036281
0.504870	390.455488
0.368959	723.026006
0.230802	406.713138
0.099787	274.677755
0.016980	76.652290
0.326884	111.626783
0.235671	266.270538
0.282581	432.912461
0.043532	39.726662
0.137261	138.466831
0.141210	110.728734
0.054543	49.229314
0.319359	135.835789
0.221484	37.581289
0.131699	154.579486
0.192929	259.998848
0.222247	192.435637
0.069859	161.627835
0.036840	120.339048
0.011055	6.817251
0.040762	12.569221
0.008923	138.955644
0.236988	334.415462
0.270106	288.536347
0.424546	432.840853
0.218089	117.691025
0.559383	534.251977
0.457388	801.702185
0.262842	223.476956
0.656352	725.049170
0.307633	101.178589
0.156574	41.477175
0.372443	350.803646
0.149171	204.015070
0.183520	165.248099
0.120350	78.295704
0.195956	281.627478
0.264034	128.303048
0.018914	48.030058
0.256160	537.322229
0.279530	284.880760
0.092312	63.805465
0.128551	259.474337
0.123116	151.740998
0.322342	566.411242
0.316348	412.247249
0.196700	214.123144
0.025235	40.169039
0.059237	29.755771
0.235137	239.422316
0.019550	37.268531
0.495578	554.775237
0.106343	136.481532
0.535244	673.903550
0.279029	171.014618
0.400098	171.450792
0.132870	59.029885
0.397742	580.010082
0.498482	244.261975
0.107564	73.123590
0.196632	151.398715
0.198334	266.859546
0.073154	83.278742
0.183679	104.381688
0.169715	164.821791
0.341859	429.217038
0.181137	284.417432
0.379620	210.543801
0.110817	186.647091
0.184101	8.700982
0.088808	169.290707
0.065773	112.799271
0.129426	141.800719
0.580995	379.526340
0.288514	408.247739
0.301676	103.010667
0.263739	446.013934
0.071839	138.113716
0.062063	118.929529
0.074982	156.472405
0.002319	1.950284
0.309251	677.819880
0.441471	656.845913
0.472797	500.251798
0.107384	179.746334
0.248148	338.898256
0.241536	377.332509
0.106460	74.988218
0.125363	108.205473
0.112759	205.101021
0.393426	522.619398
0.015131	30.003309
0.328074	297.655496
0.233053	492.569989
0.188742	181.655310
0.236933	360.776006
0.159646	155.423709
0.393464	329.907469
0.067511	109.168923
0.221240	350.807286
0.149922	384.370936
0.352268	209.027527
0.005336	22.182605
0.376733	399.587003
0.005265	47.816650
0.526333	715.898496
0.115163	121.841853
0.102676	207.302006
0.168586	83.569786
0.141520	225.117303
0.143879	113.229353
0.651195	547.169517
0.314740	98.243780
0.028909	54.816431
0.065662	69.807014
0.127737	31.194576
0.390749	278.322423
0.053826	74.427312
0.087132	177.894861
0.164519	336.108219
0.017954	28.964186
0.021074	43.669597
0.090098	243.052239
0.470021	816.424673
0.025469	32.726614
0.018681	48.048732
0.306077	492.559528
0.398449	559.840974
0.116239	195.589607
0.190142	188.647504
0.041720	56.665895
0.236577	366.569434
0.009678	34.482120
0.181059	184.430666
0.107523	140.887202
0.326890	480.625098
0.213685	179.426012
0.329312	353.160552
0.029511	45.892973
0.088814	182.416966
0.221725	364.146729
0.109189	207.265565
0.051182	22.819280
0.444892	461.873783
0.299167	173.111151
0.170839	231.323940
0.168137	129.530858
0.286878	423.757252
0.040754	8.765542
0.078466	99.556815
0.338446	170.916209
0.305515	336.284473
0.023852	39.807335
0.067471	87.943028
0.148209	111.650582
0.085346	13.787878
0.355315	427.612802
0.152969	291.960616
0.089490	173.854695
0.121443	248.082201
0.223100	416.119255
0.331803	315.087770
0.217975	287.404674
0.324831	302.265901
0.193176	365.956460
0.195046	222.776420
0.056289	117.961686
0.317089	35.754705
0.005960	23.856784
0.098497	188.821468
0.032100	60.548074
0.242809	52.257960
0.188618	318.272958
0.139849	124.765234
0.535708	535.982385
0.112991	141.635405
0.109188	48.053170
0.060529	31.816334
0.349424	639.993486
0.240354	190.734714
0.316678	258.787494
0.366960	127.790269
0.399937	278.593907
0.639803	625.840215
0.279648	233.859512
0.056338	71.978423
0.254892	346.550408
0.178327	253.077927
0.002275	9.729737
0.325780	487.397555
0.166906	295.628017
0.167468	227.651295
0.051324	44.646783
0.343951	312.193922
0.040003	72.005871
0.126245	27.735008
0.068464	19.073545
0.070834	207.385591
0.331009	431.460067
0.122772	52.484779
0.140119	159.051235
0.501095	365.447760
0.482136	94.210439
0.122135	123.877351
0.249762	313.208374
0.309496	569.070641
0.071968	146.558074
0.010857	27.250543
0.409108	354.564118
0.101295	146.398794
0.155131	92.090831
0.068138	162.524317
0.404295	269.883793
0.205783	150.791083
0.130054	158.872728
0.151339	62.517649
0.516840	603.420902
0.142441	313.919933
0.317436	396.920563
0.010828	25.951928
0.207750	220.996304
0.144053	130.660787
0.043942	42.720225
0.031124	53.443043
0.089890	114.116321
0.096961	117.708425
0.482194	268.750058
0.097673	191.316975
0.164819	253.302801
0.108267	58.960224
0.196686	286.321405
0.227735	392.942870
0.227711	122.009962
0.118317	133.601873
0.347004	544.534025
0.095006	112.181077
0.087762	184.686459
0.162635	95.290386
0.212541	65.831154
0.115286	30.404134
0.145377	353.942398
0.195534	97.345815
0.113262	230.764349
0.306495	244.113731
0.420199	133.481661
0.028981	24.822142
0.133137	154.680957
0.166849	62.584199
0.151023	310.308620
0.007422	26.447559
0.226214	107.111010
0.144963	232.374152
0.551261	576.203221
0.009273	48.970455
0.186744	52.766487
0.085560	109.130034
0.120214	98.334266
0.082214	153.694040
0.560075	344.651452
0.172612	220.902065
0.025319	81.024500
0.035389	51.732732
0.072191	80.068289
0.164302	185.027529
0.020235	38.267598
0.021319	27.137144
0.175069	183.956743
0.051967	229.177222
0.482598	287.987600
0.238106	169.939438
0.257666	164.965699
0.567046	609.409502
0.008453	8.502450
0.057803	167.042100
0.026734	49.444621
0.218997	396.003233
0.376056	330.222140
0.180443	80.086366
0.580844	427.907590
0.307599	298.882629
0.142684	24.758488
0.252016	407.327800
0.228994	355.198217
0.421047	519.402348
0.104927	226.022447
0.075436	102.610430
0.181437	199.262826
0.212198	247.126289
0.187644	128.118397
0.414778	427.228406
0.154296	187.417397
0.003936	8.721712
0.069860	76.423638
0.186089	75.797157
0.228818	278.030258
0.242692	365.946420
0.150186	361.858310
0.370722	168.123862
0.133170	207.608793
0.042343	71.374885
0.223262	45.123356
0.008932	18.670465
0.028927	5.517410
0.321211	452.780761
0.026843	116.076401
0.084439	142.705866
0.248309	122.957761
0.203615	384.388568
0.096825	214.889052
0.332013	535.967868
0.013636	22.435882
0.087182	113.635219
0.061019	28.384266
0.372804	135.196341
0.148351	38.417053
0.294741	326.655685
0.201045	152.832070
0.063342	131.166964
0.372315	424.254201
0.239005	422.309113
0.044398	131.159308
0.177013	253.519350
0.436938	615.911332
0.304064	45.249426
0.282000	61.972307
0.078171	86.555428
0.013728	33.913146
0.241123	379.408883
0.082785	93.995810
0.273143	501.821837
0.065967	143.191526
0.549027	327.987971
0.162906	169.565449
0.218023	574.913569
0.397521	379.073901
0.196142	169.559846
0.129025	95.711996
0.016070	26.220726
0.067665	130.431118
0.196527	57.504741
0.238424	371.509794
0.124126	267.690805
0.031891	83.004319
0.032754	103.807423
0.114019	35.108238
0.362944	354.963195
0.128072	59.096575
0.325755	497.814821
0.049389	149.467176
0.590666	506.022737
0.026026	52.212838
0.170557	130.081328
0.055084	55.446227
0.003126	10.902457
0.205545	315.060826
0.097241	42.725433
0.224205	112.135965
0.130543	69.057849
0.112334	26.437630
0.141789	204.473848
0.033100	59.421702
0.015727	32.880600
0.526621	638.889415
0.081420	89.831575
0.118521	291.935558
0.122802	216.775065
0.085462	77.324385
0.568713	363.813789
0.247765	425.032803
0.144817	133.946724
0.008103	25.954825
0.038175	84.974360
0.005097	10.691144
0.043153	54.837387
0.113946	175.024003
0.567641	800.620233
0.060536	168.348829
0.109880	126.734762
0.137008	250.760515
0.049048	30.911128
0.184838	151.441926
0.136374	12.269253
0.144381	71.056342
0.121184	193.667006
0.057854	9.044220
0.070516	99.053989
0.037124	43.916080
0.075923	31.713695
0.147837	217.759764
0.071474	133.005109
0.170879	252.439453
0.317437	436.564890
0.014177	19.144108
0.256323	618.424049
0.008565	11.127161
0.120687	173.897064
0.163852	377.568013
0.027554	28.755186
0.014761	34.770637
0.071788	126.871377
0.152524	253.628898
0.158611	146.334354
0.332515	494.098421
0.599224	493.569959
0.030660	80.954114
0.058170	56.699556
0.099246	176.128200
0.005894	24.139652
0.095749	78.820124
0.056536	81.705521
0.060663	89.360473
0.290290	454.965564
0.069217	140.812753
0.169285	176.655291
0.053753	55.025422
0.153641	295.390309
0.008525	23.900498
0.292533	297.364990
0.117269	176.072437
0.086240	79.429058
0.018584	9.385532
0.112428	101.590591
0.035859	80.685318
0.159731	251.108455
0.112507	240.440750
0.345854	54.046141
0.505070	509.201545
0.121818	101.032661
0.042324	92.202858
0.079657	57.520972
0.381671	461.273590
0.181775	268.766669
0.012949	39.653654
0.239989	175.953161
0.014954	5.522516
0.220693	136.289608
0.135774	198.719629
0.065992	22.312864
0.137447	65.017693
0.043101	180.447329
0.107319	106.012476
0.254880	258.051251
0.144544	16.348430
0.283685	330.615794
0.416303	348.723818
0.063453	95.091280
0.221258	235.239825
0.299357	583.208693
0.046778	34.424948
0.122722	154.187751
0.039447	48.332898
0.265639	257.405723
0.290362	103.414712
0.542765	671.874801
0.304202	186.418681
0.026891	36.103298
0.522219	527.039990
0.120566	127.292176
0.567600	525.158493
0.116687	115.125843
0.363286	352.329961
0.167909	46.637041
0.093497	72.228661
0.017878	42.129488
0.310287	468.988748
0.147725	216.203586
0.019662	84.472443
0.050115	107.906722
0.058735	31.590037
0.083934	103.634143
0.198207	86.588097
0.124421	208.953234
0.064403	86.163752
0.369157	530.770541
0.149364	290.784102
0.081881	91.783355
0.095379	107.671496
0.009485	12.655008
0.158488	187.592963
0.049727	89.107223
0.081693	61.697826
0.299963	642.978776
0.158342	422.426250
0.011883	24.473604
0.011165	29.010286
0.163888	28.442695
0.122959	180.221539
0.218229	275.421445
0.162039	268.939846
0.514197	434.686986
0.266714	447.857722
0.163549	295.328957
0.400241	500.065292
0.171216	201.391054
0.027708	44.843975
0.295716	396.942379
0.458299	824.590572
0.369190	200.604716
0.250930	216.636372
0.022328	55.947981
0.036631	40.147848
0.277791	360.533138
0.104406	53.263090
0.013030	35.889421
0.412319	541.376196
0.095682	125.150540
0.567861	735.455880
0.216605	378.546982
0.080555	185.919875
0.210222	94.662631
0.116091	194.813930
0.141096	143.511567
0.130149	106.993833
0.330720	537.280382
0.448656	496.675320
0.200987	219.449499
0.070940	139.297643
0.169403	204.835881
0.499320	717.240511
0.138815	64.392021
0.334961	551.565961
0.189555	108.534250
0.091080	56.008335
0.059137	41.387782
0.282006	191.718741
0.197660	280.476504
0.036302	62.757043
0.322854	217.537359
0.173707	117.441237
0.530060	302.729980
0.011797	28.274636
0.234308	209.864001
0.189376	98.078823
0.220266	349.461051
0.062694	161.024114
0.003801	9.124734
0.053136	43.665758
0.172087	281.651413
0.152154	284.794027
0.313739	112.276343
0.127282	264.980491
0.091364	28.164664
0.291044	355.021159
0.302478	50.833899
0.080768	206.027376
0.623889	572.381420
0.401004	475.985773
0.382450	239.044573
0.104982	101.488676
0.298295	414.835915
0.213482	475.055728
0.016027	62.648628
0.119271	235.587971
0.107828	224.263199
0.280168	553.285941
0.281970	66.969147
0.131817	71.933855
0.247372	65.018437
0.157937	185.977888
0.105304	275.302432
0.141944	188.789162
0.328158	352.596292
0.420337	599.995037
0.055524	162.897378
0.017363	39.248585
0.461483	703.837727
0.008616	11.041700
0.209619	230.626852
0.200796	182.438943
0.650930	595.979458
0.428566	302.854362
0.126722	268.673011
0.125044	133.304483
0.190924	220.791506
0.471001	399.286646
0.082207	248.050591
0.095604	173.416150
0.380923	20.989951
0.481664	397.241060
0.074363	324.536169
0.012979	54.000184
0.121528	160.310805
0.277171	311.958401
0.108720	233.203015
0.032967	61.102125
0.376125	632.298630
0.131968	145.971532
0.011752	40.970364
0.222903	253.007356
0.021187	46.205570
0.168879	55.265904
0.055667	99.475309
0.053684	126.460765
0.161483	174.689940
0.556616	574.820763
0.072547	82.818948
0.113795	308.759911
0.217064	223.097470
0.116207	52.721587
0.020040	6.239281
0.162550	248.978145
0.070482	101.513400
0.109062	6.492289
0.622476	578.843268
0.116211	269.085887
0.002321	15.320623
0.103319	26.259779
0.137164	56.298471
0.272534	38.639393
0.189794	340.918136
0.186764	57.509461
0.203590	105.295541
0.309957	206.307975
0.019319	60.495983
0.096510	157.328029
0.036972	62.878373
0.223049	349.743647
0.110430	190.331788
0.349922	460.049362
0.074987	23.222322
0.393139	465.156185
0.038135	78.476472
0.144284	181.307365
0.536023	130.068013
0.029755	21.504723
0.296721	568.969193
0.289798	377.859855
0.120936	177.330511
0.299357	376.636758
0.101723	63.279928
0.463745	59.202400
0.361408	341.091261
0.461716	455.668717
0.253684	391.649240
0.167005	86.878192
0.151383	105.818731
0.455022	223.046740
0.066072	67.006842
0.035281	27.196141
0.067690	48.371173
0.060320	49.072654
0.308462	220.470185
0.085343	73.605997
0.040012	65.200866
0.040675	45.138018
0.248366	72.388834
0.306599	287.436543
0.266314	417.299422
0.295755	123.256925
0.101855	252.674741
0.104723	93.335229
0.079435	13.183069
0.300711	211.439434
0.100036	24.763257
0.077524	103.355557
0.110194	96.347539
0.182989	291.884418
0.393395	512.852218
0.011039	69.247528
0.395331	433.652949
0.018913	40.055733
0.024012	26.848755
0.193090	92.150179
0.012955	27.800668
0.074980	30.069106
0.356506	287.579999
0.299951	336.395396
0.392893	417.214708
0.068610	26.686415
0.105548	4.901574
0.020719	18.542859
0.109801	36.584508
0.022408	26.003039
0.228727	210.512724
0.181252	147.427186
0.063490	56.619409
0.056057	75.737327
0.088585	31.328044
0.205443	122.351732
0.036040	40.526498
0.021441	13.590081
0.234301	379.128145
0.125611	179.325627
0.087939	102.612844
0.035090	39.693031
0.088362	64.902437
0.471222	301.600067
0.052219	40.578533
0.261717	254.325927
0.299414	209.692246
0.031094	86.683833
0.040725	137.183558
0.133494	197.562195
0.358860	517.344056
0.133730	91.979552
0.370168	446.043078
0.002122	19.687681
0.121542	317.044928
0.169275	232.025991
0.286284	244.047645
0.074583	142.892674
0.069931	12.748063
0.137316	144.453661
0.082892	190.558978
0.099251	65.942585
0.405080	494.241334
0.300630	254.028815
0.207899	191.068579
0.246570	343.584727
0.131489	286.215571
0.084413	72.165487
0.248233	183.470385
0.102430	122.913177
0.054530	95.173268
0.124896	134.523547
0.200301	322.838050
0.221808	324.442088
0.266931	245.328879
0.648444	309.004892
0.298430	177.883203
0.054073	97.103931
0.291447	519.883404
0.149545	183.459783
0.057093	89.848692
0.465400	582.563323
0.202592	103.223502
0.329042	195.484388
0.161637	147.755396
0.441299	917.992976
0.492626	722.841794
0.111341	184.072705
0.180968	166.517811
0.545438	594.465571
0.054038	45.688328
0.034501	71.521594
0.031369	58.449041
0.117976	55.605272
0.035384	36.004891
0.046530	89.011037
0.199326	277.980742
0.162368	58.592569
0.089558	168.798388
0.221788	345.539943
0.149385	231.425848
0.078377	125.304363
0.249520	172.850750
0.316771	552.473114
0.143761	100.620316
0.255160	162.598850
0.018067	32.545243
0.224128	190.338455
0.078970	206.143176
0.055181	69.314009
0.093271	48.630621
0.071713	217.917722
0.074826	109.304369
0.155831	174.834697
0.479486	437.857919
0.091374	189.938866
0.091040	87.322428
0.027936	8.026661
0.179549	199.452011
0.081034	214.402702
0.044898	52.890040
0.562518	461.059330
0.138826	217.517410
0.238201	349.474272
0.218284	222.719542
0.227417	363.540837
0.481706	339.690059
0.199707	166.178617
0.005680	16.253511
0.148808	116.545254
0.084255	67.010453
0.282393	249.218336
0.424702	92.762553
0.083126	138.672499
0.279692	366.330906
0.029116	34.669666
0.445077	381.305643
0.077850	97.510482
0.121633	282.780343
0.002257	6.386572
0.522052	653.358329
0.002516	9.075902
0.090457	34.060664
0.040511	17.243910
0.085010	114.602434
0.028157	73.973826
0.211254	310.413876
0.365744	474.478037
0.180987	351.558705
0.522528	234.905323
0.166046	289.904414
0.196779	253.253483
0.214067	126.513271
0.161091	229.008798
0.143596	161.816693
0.012735	13.834668
0.012075	11.620418
0.224526	223.599078
0.064025	49.182623
0.215069	70.205841
0.481764	688.224031
0.155250	197.657545
0.402493	364.895740
0.561917	588.197880
0.445218	652.255262
0.031759	36.240475
0.124050	110.472161
0.076937	146.353411
0.036281	35.222584
0.074368	124.086218
0.066818	84.318063
0.046679	74.127988
0.241156	363.742145
0.155960	444.433095
0.049531	123.076108
0.039532	20.761321
0.033166	33.665795
0.155149	143.951178
0.005557	21.592708
0.194574	209.153366
0.027777	81.054821
0.425215	152.539673
0.126479	97.376237
0.423573	298.504871
0.425323	552.531934
0.002806	13.705302
0.090025	26.667952
0.363164	507.402369
0.089751	86.077974
0.026653	24.588449
0.142716	79.452086
0.158783	340.281600
0.045591	144.687940
0.015118	9.144371
0.224299	145.716384
0.113396	163.257039
0.341293	414.475507
0.325452	302.810922
0.059746	96.508963
0.468200	636.028827
0.046082	142.193015
0.108057	185.151238
0.064570	30.708799
0.067684	127.459839
0.099968	40.935004
0.162404	170.822894
0.179732	198.954049
0.590253	769.517041
0.038837	8.970085
0.057931	145.554224
0.125712	181.384936
0.303572	71.510199
0.165263	83.842813
0.109682	23.266856
0.157945	245.806504
0.247546	139.665639
0.052555	20.483687
0.137065	69.106109
0.243333	271.352475
0.033280	48.757082
0.161044	111.700340
0.041800	122.742525
0.145025	262.199641
0.225748	176.219337
0.235884	235.950092
0.128554	165.296111
0.058426	130.455748
0.562921	552.672073
0.598479	639.733064
0.180794	181.751035
0.060949	132.407251
0.079436	106.656604
0.354269	511.951296
0.038276	9.536500
0.061885	164.374469
0.173126	288.484033
0.103055	202.702121
0.163706	80.103947
0.381750	296.351003
0.166570	413.180036
0.519197	849.472227
0.179810	111.012093
0.256724	244.321521
0.170112	79.864242
0.047339	35.309847
0.262751	206.682378
0.062566	19.669789
0.556196	630.753839
0.110186	71.714666
0.276327	638.422236
0.563842	588.904759
0.128191	108.788178
0.497822	772.575181
0.267307	323.004756
0.059525	27.721866
0.393113	425.697854
0.164262	160.673061
0.273240	382.851336
0.150266	223.046716
0.087016	94.511880
0.483531	493.893522
0.044123	80.402364
0.075192	123.633118
0.280793	132.665903
0.167978	328.772604
0.058516	98.834413
0.082604	116.406050
0.235122	286.055390
0.081090	75.619917
0.201870	231.258103
0.406284	526.391231
0.214771	237.377954
0.113907	122.153264
0.111650	128.167646
0.433337	567.635844
0.004232	25.502449
0.166421	249.244418
0.096358	64.650341
0.012236	31.853990
0.149658	239.555435
0.067070	93.724314
0.033352	71.689265
0.478716	701.074065
0.043288	28.561594
0.028693	26.999490
0.017235	35.270676
0.192535	139.782046
0.215146	425.450649
0.098599	77.359469
0.079958	86.386253
0.027033	110.124077
0.227720	148.843768
0.015902	18.876473
0.065825	67.728700
0.181450	289.927954
0.069286	70.685219
0.066725	42.822859
0.051922	146.436346
0.503382	440.994558
0.062046	123.171512
0.230731	181.235344
0.056637	30.815591
0.078671	153.826406
0.143056	39.757230
0.463772	399.129557
0.001989	18.963556
0.416227	446.725718
0.042486	90.733020
0.163845	73.474703
0.126201	206.428813
0.022739	17.980279
0.067528	147.442172
0.126707	155.717632
0.019315	49.187325
0.340566	250.684837
0.143958	132.421777
0.071292	172.068757
0.092674	242.690340
0.338643	236.941950
0.413322	573.739636
0.047147	18.863194
0.026523	60.216115
0.260868	488.136286
0.032737	114.887408
0.215640	163.446159
0.040070	32.953624
0.039655	38.080172
0.012037	28.836991
0.415554	199.580483
0.097561	93.528840
0.172761	43.364340
0.167613	118.824233
0.205147	377.443204
0.310100	326.775209
0.476321	228.361573
0.045570	79.096787
0.056518	201.540403
0.414121	413.828362
0.093572	132.472875
0.037002	106.496053
0.157723	157.946870
0.402720	489.391199
0.565062	572.443213
0.000688	7.974498
0.097128	116.449274
0.024172	65.630427
0.048822	63.529425
0.163752	225.472214
0.162708	145.497863
0.000797	21.948873
0.049190	85.303496
0.598528	223.955866
0.015909	4.639521
0.404138	514.197308
0.072554	29.326910
0.133951	215.468971
0.451639	390.142418
0.103245	123.498604
0.630573	454.360045
0.014832	24.636238
0.333352	336.275488
0.295353	367.812875
0.571397	398.877055
0.248854	187.231358
0.116186	69.539368
0.044218	119.995424
0.092971	134.966152
0.011506	19.924277
0.317083	587.691163
0.132915	205.962135
0.112588	270.273642
0.084726	121.984838
0.279785	148.883382
0.111669	163.920517
0.148383	89.456807
0.145482	127.914470
0.245596	252.130727
0.227930	112.170233
0.450741	123.258673
0.401051	343.522509
0.083089	166.967988
0.224882	29.466953
0.195577	77.896755
0.093393	174.600958
0.070055	59.659642
0.009481	31.946014
0.178561	160.432600
0.188738	295.662291
0.135521	113.666075
0.207825	56.611847
0.020185	51.228682
0.123043	282.284061
0.030255	54.496169
0.214256	342.739131
0.165254	7.175847
0.397678	535.074621
0.096835	110.945110
0.395451	382.461398
0.121974	166.742709
0.275586	252.656671
0.052350	94.242429
0.145925	122.937912
0.129702	154.638061
0.418866	265.972568
0.129308	205.149657
0.130887	84.806243
0.319513	186.191320
0.101737	12.136155
0.249688	109.213148
0.348946	247.955207
0.159589	118.586282
0.308307	244.937158
0.145608	43.835289
0.421603	713.462006
0.006435	5.137201
0.041855	89.428614
0.087431	122.394831
0.307605	334.870735
0.205786	94.754036
0.055549	39.748501
0.165900	279.977323
0.007231	20.504337
0.012150	18.195129
0.031701	47.678206
0.295131	279.981160
0.213372	336.256639
0.105557	174.056986
0.304212	246.085818
0.445756	629.372228
0.033929	53.243060
0.408183	478.880176
0.054957	140.821806
0.069070	88.144032
0.172310	271.289509
0.082342	151.743898
0.255441	246.863036
0.339977	477.539814
0.174476	73.342197
0.082420	114.142700
0.204319	52.920840
0.271715	159.413181
0.124524	159.864995
0.631705	557.292582
0.195666	134.935404
0.322916	630.945193
0.331938	298.990313
0.017376	37.968796
0.256702	280.010692
0.281662	114.346942
0.080715	142.103425
0.065873	107.757157
0.016845	21.262334
0.481819	230.839328
0.051357	45.462305
0.018291	81.746336
0.100066	62.589786
0.039699	62.444567
0.017735	14.149490
0.036193	100.167993
0.055897	118.715514
0.165334	316.950333
0.017229	49.752299
0.131034	291.701545
0.265229	274.770058
0.183748	285.181802
0.225761	361.142134
0.125874	98.270208
0.084255	19.396003
0.229866	192.993758
0.214546	294.197071
0.033817	20.810494
0.162794	258.749459
0.135459	237.943537
0.271726	150.386326
0.202661	76.886626
0.441041	306.228678
0.577028	544.625016
0.247725	372.513004
0.029548	39.725806
0.188986	333.408889
0.377359	224.217137
0.296902	390.096458
0.051890	90.008226
0.101413	180.644168
0.271093	228.961099
0.140237	166.794178
0.190339	36.286105
0.317258	154.466890
0.158906	152.528323
0.017566	23.958343
0.032814	17.810063
0.338481	502.041443
0.095418	237.433947
0.106106	164.164211
0.253527	64.093136
0.518043	660.184420
0.348897	262.402346
0.129242	210.097457
0.075322	96.722054
0.000859	17.277458
0.081031	66.860593
0.217050	206.362803
0.280048	390.754989
0.078453	42.650349
0.095290	87.344209
0.120926	50.971424
0.299699	349.372471
0.080274	104.792294
0.037067	102.674742
0.216495	328.294024
0.438492	582.512394
0.002666	3.590124
0.086963	136.443230
0.003058	10.015474
0.095275	9.591553
0.318452	494.797993
0.054215	118.398164
0.384636	158.548613
0.087075	181.725077
0.020052	1.023287
0.294360	167.129468
0.224163	56.734340
0.165458	171.205874
0.147311	240.995705
0.135954	74.413820
0.031232	83.422943
0.257413	157.629328
0.138849	394.865871
0.363297	615.747339
0.099952	165.332320
0.026250	59.808208
0.247389	163.918815
0.123713	61.470027
0.103945	170.757924
0.103906	103.456916
0.240128	340.980408
0.293388	161.996323
0.091662	152.815821
0.145202	214.005028
0.126536	93.563050
0.112663	193.803148
0.603794	600.537707
0.397538	243.556529
0.126794	71.424021
0.175611	135.996825
0.304994	171.850824
0.043357	72.570123
0.043957	132.971614
0.061916	166.224277
0.474198	416.991183
0.088014	193.098309
0.314002	580.050001
0.051890	48.568004
0.206733	386.915511
0.086839	322.993235
0.017266	39.894303
0.079338	95.741931
0.339158	402.022930
0.215911	191.595530
0.063600	272.253913
0.199395	53.302604
0.019541	71.915414
0.030813	27.087935
0.210186	39.351220
0.528954	842.300478
0.047370	124.556549
0.028963	34.493509
0.249569	501.067163
0.298450	480.374468
0.416565	645.946630
0.263644	301.615508
0.027705	87.495431
0.008784	31.038953
0.441319	724.031604
0.105784	87.420977
0.197509	223.021289
0.053654	144.551473
0.039603	70.572352
0.089717	202.099254
0.551911	949.977049
0.132241	232.002242
0.390195	321.627688
0.127208	72.083721
0.046510	43.119028
0.088572	139.165331
0.260216	45.598844
0.039909	30.761259
0.113515	109.532691
0.008213	52.041589
0.026441	15.138078
0.149102	32.021779
0.255499	291.292023
0.083756	73.908819
0.381195	289.348606
0.127586	64.107310
0.021380	51.790791
0.484065	225.237493
0.155264	349.753765
0.074229	48.731770
0.162694	359.933953
0.134237	239.959336
0.309770	465.078882
0.301429	169.741135
0.003800	13.773474
0.124432	237.085922
0.076764	104.186748
0.072754	123.124885
0.272234	163.077081
0.161174	165.208197
0.330379	207.379138
0.105806	284.167883
0.025030	58.410961
0.219711	57.930439
0.510902	511.068973
0.043937	72.526932
0.046219	18.370201
0.426568	512.387852
0.116930	61.965714
0.004825	13.236600
0.028525	70.459462
0.279045	234.406031
0.301908	261.204901
0.018772	44.749944
0.048623	47.959199
0.191518	245.922143
0.504791	751.748479
0.000237	8.131520
0.005583	5.967898
0.074224	153.986083
0.013244	27.141763
0.404690	584.693827
0.127423	89.280712
0.373166	556.139678
0.193899	70.830593
0.270003	443.473186
0.058822	146.618513
0.003602	10.715197
0.109860	149.626295
0.332689	287.653622
0.634396	500.976573
0.101232	112.982245
0.280865	347.330283
0.057327	263.917102
0.083099	164.256244
0.124618	128.763707
0.540506	690.389516
0.271236	117.189214
0.235212	230.948958
0.515970	507.837839
0.048316	219.450701
0.100000	105.059776
0.237016	83.970015
0.068521	17.541582
0.094428	148.905128
0.176267	131.177952
0.130115	252.783267
0.031172	39.497322
0.056295	49.594010
0.030654	65.885249
0.280117	264.295319
0.053650	121.520052
0.238155	335.212359
0.160895	251.879181
0.133454	255.263126
0.022743	56.111513
0.158962	220.202876
0.215024	460.529071
0.281986	48.446118
0.030054	89.007139
0.104159	54.455776
0.352945	244.894207
0.319477	477.668548
0.124708	113.313735
0.021518	26.384671
0.296763	227.588395
0.136784	90.742320
0.040863	24.605669
0.108383	67.434266
0.022551	46.872265
0.295063	390.594821
0.007855	22.637941
0.375341	336.497204
0.182196	363.890266
0.023230	35.712445
0.097035	36.581755
0.084781	225.645627
0.045330	93.163635
0.164932	389.438965
0.522699	512.776966
0.051478	101.557505
0.149011	55.049895
0.138943	266.301576
0.163145	91.251515
0.399316	163.817254
0.135760	41.177204
0.275257	308.080008
0.207280	159.570257
0.028930	91.948532
0.124443	237.504144
0.057321	126.776254
0.111206	200.132306
0.143733	305.895339
0.155047	286.879004
0.050983	144.239075
0.155656	324.594449
0.116022	91.891028
0.372079	258.688686
0.263201	325.264110
0.313664	167.304471
0.334966	254.160588
0.039115	84.031630
0.252287	323.900123
0.036592	68.796028
0.468709	795.533729
0.247663	313.155276
0.032944	40.859741
0.161209	124.874031
0.046890	57.460458
0.077694	60.813927
0.189472	33.665985
0.065938	60.071971
0.100489	211.952531
0.341777	441.330809
0.111490	163.205287
0.040000	104.126374
0.265221	210.120948
0.261069	300.566072
0.162067	45.607230
0.095378	206.804656
0.377373	365.210061
0.057593	47.834724
0.279533	213.850321
0.031362	85.783811
0.273856	123.798875
0.100945	236.627189
0.223597	189.088260
0.169057	137.401139
0.257025	215.470709
0.004536	9.545664
0.114996	153.135260
0.357636	409.976873
0.403419	398.388196
0.213760	204.107130
0.369873	284.124796
0.109072	105.985868
0.185272	205.319170
0.293534	336.626528
0.122631	48.490089
0.054461	122.829465
0.311222	399.507265
0.035278	28.068489
0.057016	68.402497
0.282061	529.282641
0.137807	19.570237
0.067093	145.772172
0.041397	58.945754
0.163769	206.597996
0.574107	685.384689
0.142431	141.540865
0.117550	62.462383
0.062064	177.328762
0.045338	94.583618
0.069408	142.687974
0.590408	582.981051
0.161798	187.764824
0.144477	281.139821
0.411075	85.571790
0.054203	147.550245
0.082151	25.738780
0.287942	341.872881
0.237018	193.709864
0.026158	47.304695
0.283115	110.420330
0.242112	265.812574
0.272790	429.373784
0.429384	435.214704
0.167672	56.586241
0.336354	94.290443
0.229199	297.819868
0.012538	5.526243
0.524133	273.259295
0.045781	60.010831
0.148058	86.123778
0.076476	47.467280
0.513988	549.039015
0.595501	517.861066
0.104867	63.251170
0.617112	644.923899
0.080786	61.660977
0.339445	146.699838
0.034244	63.950565
0.152412	193.784664
0.119232	81.659536
0.116630	153.809838
0.062848	195.243415
0.108506	276.780364
0.074323	94.181640
0.596954	361.192645
0.223657	218.155528
0.064524	45.859784
0.145103	147.455579
0.310699	524.202390
0.039529	46.962374
0.581547	628.298253
0.049003	44.754823
0.159952	13.889210
0.067390	260.466847
0.267736	234.436589
0.128769	101.045224
0.469665	517.262054
0.110616	180.782575
0.347363	250.495109
0.128787	145.551126
0.001173	7.981829
0.049694	76.265610
0.154825	86.507036
0.149746	168.884953
0.044066	9.503092
0.427880	636.195773
0.132027	176.713901
0.099177	253.619341
0.025132	58.538291
0.050712	34.092017
0.095888	107.922903
0.102480	170.253072
0.171235	159.333937
0.017642	32.482878
0.145338	69.926725
0.450995	624.187461
0.058007	160.578217
0.075464	62.911382
0.309372	447.986921
0.000126	1.811641
0.287429	218.474806
0.161508	166.430219
0.074182	82.914966
0.015160	26.009566
0.048918	88.385616
0.118674	59.732264
0.268070	129.652731
0.061604	11.835862
0.590411	944.411727
0.005300	26.500706
0.030758	78.479377
0.100650	132.724677
0.258566	157.786139
0.082695	163.205557
0.063196	79.951071
0.040806	52.354887
0.026886	25.638533
0.082383	139.198024
0.173145	232.881510
0.002707	10.796738
0.193536	324.576933
0.007475	13.068699
0.129698	158.080558
0.071749	174.634276
0.224713	118.267053
0.002577	20.771513
0.092174	65.742304
0.016195	18.349736
0.173389	303.546080
0.170504	150.635412
0.353752	524.464902
0.077070	68.290410
0.062011	86.242184
0.192361	135.775452
0.150411	235.446402
0.428512	267.646645
0.112006	242.645624
0.237190	206.916300
0.183928	185.376347
0.260094	51.561046
0.087022	273.358424
0.076447	165.145617
0.109862	114.622421
0.284462	502.061811
0.219146	413.924008
0.197188	226.687826
0.299237	203.633358
0.096189	115.635833
0.076279	64.537914
0.059418	79.069435
0.297108	512.560818
0.010595	11.468783
0.084465	174.187023
0.199734	389.381298
0.121071	223.733944
0.169823	192.501678
0.105556	135.550127
0.226786	349.440006
0.291956	75.292038
0.156932	253.170040
0.223872	256.129205
0.059427	81.556484
0.376263	539.572641
0.010811	16.688517
0.208312	373.867253
0.146703	218.672607
0.008107	15.337792
0.519527	550.834597
0.173197	101.754470
0.335768	397.727693
0.392024	502.588213
0.014356	2.306946
0.045779	49.140390
0.472979	658.589152
0.072518	126.183369
0.067665	105.104599
0.158935	105.860242
0.205644	260.932757
0.106199	203.618387
0.044914	60.959244
0.457581	337.711362
0.233500	77.651234
0.368583	390.792239
0.168959	237.026750
0.048213	22.804163
0.251032	242.329200
0.249459	297.964103
0.057418	28.143124
0.630699	533.521268
0.102576	153.223368
0.029235	65.116465
0.226209	282.461678
0.280390	365.469072
0.112096	152.860383
0.215634	354.973567
0.545540	747.162252
0.085228	160.371560
0.040031	66.896406
0.162879	469.204361
0.170358	30.112444
0.017921	18.564159
0.111957	208.921060
0.059956	147.994070
0.077804	165.907915
0.119728	244.407887
0.525933	503.882205
0.137632	302.620173
0.476277	346.926186
0.116551	281.503018
0.069811	96.464837
0.070328	56.494516
0.032178	86.824137
0.064884	67.745063
0.065394	40.658395
0.041745	32.603193
0.532019	196.098155
0.234386	335.114686
0.153696	168.365846
0.003562	20.818713
0.210793	214.319735
0.251348	405.167699
0.013317	53.435094
0.046344	9.251411
0.138978	99.741216
0.282886	234.463334
0.356017	543.724463
0.140696	248.383595
0.027909	33.135486
0.102801	60.682995
0.031800	71.929477
0.419588	502.381971
0.137387	34.651691
0.011975	32.009612
0.035781	155.939006
0.117472	22.443102
0.328236	250.742060
0.023684	59.251746
0.108218	146.238508
0.126448	370.270908
0.018890	54.047035
0.237037	150.362565
0.350544	434.300204
0.066500	132.403898
0.092047	46.140678
0.171971	61.687015
0.120392	168.673091
0.196893	176.442086
0.191461	222.818537
0.513444	402.125771
0.051114	74.050264
0.047431	46.855904
0.155979	320.357385
0.233776	183.866150
0.071749	175.531720
0.425499	397.480790
0.036254	68.012647
0.277553	246.829443
0.207186	336.173819
0.358210	542.513606
0.002644	18.577876
0.324163	392.127168
0.300138	230.136797
0.205022	264.135256
0.369121	666.324535
0.022976	51.701627
0.136802	325.521529
0.072049	75.318346
0.438361	643.657613
0.087891	147.667269
0.059066	134.860666
0.113577	200.271597
0.006718	18.895298
0.130990	224.865874
0.174105	354.923360
0.137961	138.827157
0.062701	186.150277
0.245375	70.522959
0.114270	26.421270
0.165667	173.879568
0.158140	277.304282
0.335692	238.013184
0.381307	482.146166
0.479946	520.982668
0.168416	138.823467
0.107424	85.247409
0.182441	52.024270
0.050476	71.808707
0.067984	84.541055
0.174807	129.043561
0.085796	250.621537
0.165384	270.714421
0.276825	298.632269
0.271994	288.756344
0.240975	145.498965
0.062284	102.355132
0.183836	385.704430
0.149393	304.833724
0.018548	14.709245
0.242857	57.643909
0.013487	47.324067
0.022802	17.059534
0.158014	206.462578
0.002587	4.442985
0.030688	85.409177
0.087176	34.495086
0.101885	144.389242
0.241544	77.626635
0.464320	318.684076
0.630802	679.835460
0.569701	261.402602
0.001000	19.009957
0.492716	306.978158
0.097762	19.985248
0.078689	236.493692
0.329931	329.685807
0.161296	313.158027
0.133992	115.519805
0.086750	13.302427
0.009168	20.223809
0.015299	3.404129
0.139566	179.888643
0.103996	41.300278
0.400562	495.158666
0.059859	167.393729
0.328346	616.560994
0.159105	186.980501
0.025011	43.229888
0.550768	222.049046
0.005425	18.232187
0.257994	500.257177
0.184597	194.695855
0.316281	458.549177
0.066866	138.086173
0.640934	842.730202
0.452832	604.405261
0.174359	109.735222
0.091609	162.162496
0.163086	80.256209
0.307771	398.250232
0.205275	13.132187
0.009077	31.620833
0.107979	228.642777
0.097969	158.998353
0.167072	62.595996
0.395413	560.441408
0.155759	308.786998
0.005747	27.472868
0.062104	210.776725
0.143945	50.753932
0.066304	118.557054
0.217750	231.675411
0.006684	11.616168
0.322344	398.114992
0.033983	73.635029
0.301498	190.184341
0.026638	83.867682
0.094099	27.815205
0.030753	53.901595
0.091440	170.066286
0.110967	54.182025
0.036767	56.312366
0.592948	571.956116
0.387126	472.194905
0.612819	610.325142
0.076883	52.010983
0.121146	107.251409
0.055181	137.003944
0.271739	152.000776
0.382915	284.818682
0.204290	81.444093
0.039649	13.493874
0.056878	16.364400
0.019586	62.443563
0.090420	75.019372
0.368630	284.337619
0.276205	132.985217
0.231370	98.184324
0.352182	376.069281
0.082833	139.114281
0.367880	448.179933
0.063378	97.553002
0.154233	155.893781
0.102149	160.995357
0.094655	211.147552
0.261963	321.944960
0.114907	73.405945
0.380114	426.488444
0.180350	211.914347
0.018660	33.363004
0.168130	193.470520
0.192889	252.669082
0.367886	115.817363
0.129171	137.585663
0.181136	295.436390
0.033961	58.524625
0.030238	13.494090
0.375141	504.693929
0.072653	201.833012
0.119312	228.473078
0.071302	78.319889
0.196858	212.829676
0.156535	191.025073
0.142396	226.144398
0.332807	547.294660
0.148857	93.150001
0.170543	307.368086
0.041717	105.396973
0.135125	137.279565
0.064782	42.058950
0.193408	238.700893
0.107417	94.087687
0.047542	103.393342
0.575778	496.500046
0.277928	203.515132
0.196862	335.391780
0.053700	96.070601
0.275917	111.299104
0.035985	74.317702
0.050485	117.299749
0.134318	108.245584
0.161175	376.937332
0.079181	72.345835
0.012400	36.364603
0.097450	76.739906
0.519482	605.172830
0.005084	12.084606
0.236671	566.090447
0.111336	107.237695
0.020388	24.164592
0.458836	662.888061
0.060769	15.022010
0.611536	896.584899
0.171202	61.432751
0.193648	239.476858
0.104187	175.476280
0.372836	329.601653
0.118592	230.326699
0.392504	436.511229
0.197977	191.667854
0.101085	84.290658
0.007810	21.626467
0.491711	579.052303
0.163107	267.665050
0.067563	79.258471
0.284802	530.918988
0.197215	134.229086
0.197695	350.007531
0.051959	173.171526
0.297004	446.903364
0.483449	128.954708
0.107296	229.039581
0.048607	52.868470
0.104996	89.533876
0.193763	492.438972
0.419243	406.201029
0.057400	117.362642
0.105741	89.140154
0.293820	269.247667
0.344429	408.532401
0.377384	651.693575
0.015055	19.554324
0.081042	55.392757
0.009893	31.930495
0.285240	190.049526
0.094316	65.824231
0.148277	34.569638
0.346073	374.937119
0.034306	33.106933
0.088015	118.241120
0.274991	177.196510
0.208704	402.369862
0.342352	282.194327
0.083490	27.847230
0.030628	76.467788
0.051665	62.932626
0.039612	87.403292
0.058279	60.927478
0.176038	193.852334
0.191231	201.438229
0.016304	36.831944
0.044862	52.300974
0.382755	402.541430
0.098582	164.598693
0.201521	187.473138
0.049028	86.561138
0.249785	332.806464
0.045834	89.111858
0.026479	46.197572
0.140346	19.239038
0.261814	370.571842
0.268320	468.304612
0.169595	233.888318
0.376237	390.908277
0.019495	33.767799
0.021980	40.845045
0.039602	216.374785
0.089672	33.489355
0.134724	25.493012
0.408396	730.621872
0.098944	107.092924
0.285232	358.215230
0.237303	334.410035
0.406561	538.026801
0.220594	284.584308
0.430941	428.636294
0.004030	9.261258
0.102320	168.493553
0.009037	26.898530
0.039377	25.504294
0.035465	29.886564
0.429483	404.604270
0.110245	162.618605
0.098981	110.448607
0.089172	60.729588
0.223763	35.456047
0.184769	328.264155
0.141354	136.551669
0.199586	177.800014
0.341149	362.879607
0.000585	2.604260
0.161367	186.220694
0.034821	81.442566
0.256279	372.412753
0.043103	100.631591
0.044585	56.926710
0.018454	19.838814
0.148789	266.831598
0.007398	10.433115
0.018108	46.520281
0.152225	290.388935
0.103469	83.564930
0.102049	84.020676
0.003243	10.889302
0.152900	86.600247
0.167313	311.383260
0.370609	268.211977
0.233378	188.738818
0.032765	86.640447
0.031712	25.830822
0.397791	616.856511
0.342768	226.658177
0.121157	273.352929
0.265275	205.913451
0.308908	224.058014
0.012011	19.091027
0.024043	27.713624
0.081842	53.926572
0.403870	342.229307
0.618033	787.507255
0.165384	287.011909
0.029211	76.842539
0.037485	85.140851
0.088921	15.377529
0.086761	102.927192
0.035286	25.359823
0.100708	49.710693
0.108518	174.816592
0.049237	106.671827
0.046124	100.494821
0.214274	389.566488
0.225450	260.008028
0.080303	325.332525
0.023349	35.910510
0.151252	290.340452
0.076756	44.730010
0.281409	144.447068
0.211258	273.473226
0.245885	109.031395
0.001299	9.110539
0.540739	392.812532
0.157920	261.665046
0.093368	228.566426
0.125750	105.464833
0.429628	786.703283
0.229263	356.798718
0.180847	117.184831
0.129314	167.106390
0.103898	319.377662
0.010797	35.779649
0.164331	149.463454
0.035649	30.093600
0.054728	122.204413
0.238437	279.190793
0.050180	51.221641
0.003970	12.165764
0.096033	146.010426
0.002635	7.730237
0.140118	214.527120
0.260837	356.528478
0.105774	70.990124
0.293567	258.983072
0.457286	756.735380
0.093322	159.738210
0.054661	113.563100
0.010771	19.086014
0.145627	97.086340
0.386746	460.968190
0.011673	25.768431
0.001689	8.886504
0.096873	33.837163
0.012128	17.931338
0.123833	134.381930
0.171482	419.531072
0.181365	62.456619
0.233168	197.301242
0.537792	739.369175
0.290754	384.300494
0.312700	347.380293
0.018334	41.573772
0.137803	35.149340
0.409939	700.821995
0.063232	34.849168
0.279247	103.076535
0.659308	595.926831
0.034631	62.966261
0.011420	10.712155
0.186490	55.264108
0.114974	29.814970
0.496824	390.366904
0.024905	15.428031
0.394318	357.436406
0.108994	64.502920
0.050802	62.693767
0.138873	157.047746
0.081278	157.850833
0.128745	85.699141
0.377635	380.181177
0.118016	224.339663
0.200906	484.300277
0.329069	367.028752
0.197945	185.789195
0.055970	97.394885
0.170530	184.993524
0.114443	73.651578
0.002790	14.743252
0.170293	428.018659
0.207176	255.093166
0.068647	53.198296
0.075275	220.240674
0.284127	253.461020
0.063211	80.624654
0.047703	80.864461
0.181162	208.379099
0.065745	80.848435
0.112942	125.854796
0.570024	500.825220
0.158622	248.204840
0.115848	43.195544
0.351205	463.331321
0.391307	234.205273
0.549182	480.366225
0.015863	47.637018
0.147035	404.469128
0.014293	23.729660
0.316580	463.374137
0.380869	411.085368
0.359455	718.968096
0.052415	41.098131
0.214464	276.777000
0.555171	739.113043
0.112257	155.079909
0.115775	307.768914
0.239571	285.959184
0.052207	117.705195
0.025960	16.781493
0.252168	190.426316
0.078861	86.817854
0.200435	346.998894
0.108235	110.395085
0.382917	445.727430
0.457876	428.392718
0.151892	254.693422
0.559341	419.213701
0.051474	81.638757
0.044639	71.622541
0.164554	148.492251
0.216445	290.385364
0.449359	141.748839
0.128545	240.093763
0.184866	154.171912
0.037392	85.867394
0.098333	79.862774
0.226706	130.017417
0.078931	85.989095
0.012189	28.362410
0.559548	697.949867
0.068681	74.297417
0.044202	127.830966
0.083248	86.204103
0.050589	48.895230
0.216914	104.876085
0.312294	136.321054
0.138642	119.289098
0.108515	44.479382
0.369467	389.697586
0.053323	138.738167
0.051443	70.654183
0.142743	153.924959
0.019061	16.929824
0.013862	15.658515
0.075087	74.279695
0.098197	124.462531
0.391373	446.102521
0.117345	74.822488
0.077137	82.835264
0.026912	58.165986
0.339010	466.518786
0.066607	72.633591
0.045417	35.680793
0.119518	187.738959
0.362304	379.580858
0.205312	369.651675
0.229334	149.929046
0.061740	129.497869
0.271306	164.439040
0.296224	342.542301
0.228730	179.127081
0.323354	153.060368
0.455796	517.075257
0.040658	59.058941
0.050016	84.549301
0.329174	387.221448
0.191963	168.030671
0.597412	719.124917
0.415671	242.782804
0.074232	149.067342
0.021691	41.662990
0.319083	325.984004
0.062309	41.138128
0.095797	89.956665
0.062936	57.963134
0.136906	99.397556
0.273886	523.880539
0.107460	243.168094
0.159114	184.568925
0.119048	83.194627
0.323963	546.323681
0.398738	534.744185
0.353407	95.058908
0.570067	586.332868
0.018071	29.718850
0.410225	168.545049
0.081111	13.568146
0.098947	108.119509
0.006138	9.302409
0.238646	51.041073
0.022167	24.786580
0.232054	429.660402
0.216602	314.420802
0.404837	395.904699
0.208345	247.258114
0.110911	171.205445
0.153211	154.124814
0.018369	12.965332
0.087897	157.078724
0.188870	50.397673
0.013374	33.512994
0.263015	426.012148
0.091293	43.073687
0.169057	240.133005
0.265157	77.378828
0.151764	423.331572
0.283593	362.962236
0.055480	187.040432
0.174886	238.717475
0.005020	3.982071
0.140705	294.938943
0.023424	95.256730
0.095493	140.023642
0.045021	60.969235
0.102307	98.563951
0.103405	122.397287
0.014774	16.669864
0.361049	536.899838
0.400487	150.539110
0.423774	444.295936
0.353867	543.110329
0.227947	40.633275
0.206543	151.060525
0.126816	46.022539
0.178533	227.005514
0.190648	155.255795
0.184270	462.244923
0.352970	403.533704
0.046326	71.906341
0.211585	400.211478
0.100681	80.229123
0.244393	271.874449
0.486028	535.004397
0.212146	64.443181
0.537558	862.821490
0.429132	545.738085
0.342212	539.259133
0.306117	632.816164
0.046173	59.835788
0.184649	306.024939
0.443978	512.991522
0.017504	66.524506
0.010058	15.094698
0.036327	9.567861
0.139720	77.364225
0.142880	83.328188
0.091945	100.203806
0.029744	8.698961
0.150183	100.109567
0.051887	42.591416
0.063462	89.976325
0.329280	266.878365
0.475190	481.824311
0.074816	35.373630
0.162331	179.273361
0.301738	147.070802
0.159803	58.374892
0.276728	224.535314
0.351574	557.101207
0.137835	250.723525
0.097756	253.133419
0.017793	44.822051
0.022958	21.558982
0.027723	90.921876
0.351226	328.015731
0.528704	104.255132
0.028489	86.163496
0.295161	161.683686
0.026433	50.640595
0.005222	14.048272
0.034028	22.966181
0.139656	144.026874
0.340905	123.166835
0.108851	225.480852
0.164094	250.681109
0.170399	144.226081
0.035063	62.421462
0.054944	110.737071
0.022473	45.290036
0.214015	188.801924
0.164639	330.159150
0.141176	311.181320
0.298772	188.825544
0.205420	397.621986
0.120624	182.675636
0.306612	523.517510
0.064144	98.389105
0.016536	29.368309
0.102846	78.325319
0.061454	121.636184
0.424289	473.724193
0.291116	288.514773
0.042046	88.636537
0.032127	52.236034
0.066535	132.400648
0.126911	244.994942
0.138405	246.757594
0.065351	64.168621
0.178871	414.829770
0.054397	91.541628
0.109803	90.352755
0.312097	90.072001
0.341589	720.069539
0.132067	182.321626
0.074220	66.102205
0.016645	25.057874
0.048461	58.255571
0.110599	272.265166
0.047448	80.769084
0.087234	102.635537
0.657599	866.597834
0.100410	97.199124
0.217435	138.311860
0.345294	478.564784
0.599109	918.244505
0.235552	75.388062
0.181526	317.775433
0.033044	42.094578
0.064605	53.667933
0.135999	37.548058
0.138529	89.922870
0.040397	105.275176
0.347490	141.152230
0.043039	48.731629
0.066016	150.441521
0.046730	106.523551
0.160827	250.609095
0.330787	192.520618
0.042677	11.034059
0.151818	181.883906
0.477287	415.303466
0.036106	75.607427
0.174368	204.954097
0.206118	399.782290
0.117236	37.480834
0.248697	213.213498
0.331123	308.531176
0.166270	85.824060
0.651357	725.893279
0.091644	20.780386
0.059303	127.550535
0.213393	36.806253
0.117299	238.201181
0.438176	202.768674
0.371165	363.407792
0.187580	93.500559
0.255263	152.616001
0.088526	151.672388
0.189854	287.405077
0.002426	8.626248
0.481002	454.311826
0.216852	535.645251
0.245321	213.550884
0.136078	98.910799
0.174618	494.392605
0.115208	308.750450
0.245961	297.499034
0.130963	81.850354
0.128026	77.962615
0.198363	216.144862
0.236885	365.838430
0.296574	128.998846
0.245246	339.879127
0.161026	61.591857
0.136427	246.149417
0.077778	108.229814
0.374882	770.332740
0.184370	273.244340
0.380361	404.170733
0.009919	13.200262
0.084219	107.803603
0.001307	3.434395
0.515042	776.221271
0.387910	286.579296
0.596128	859.613017
0.446394	365.060913
0.162556	101.508384
0.088329	82.773226
0.255736	365.716490
0.094103	158.896163
0.262378	136.487817
0.096221	43.081126
0.327088	284.595975
0.043780	49.506161
0.316615	484.673975
0.026791	42.860658
0.106949	87.882914
0.015682	24.715167
0.116165	53.661153
0.075556	136.974931
0.223793	372.332997
0.088410	165.188252
0.068981	154.562331
0.053692	61.100488
0.034787	135.353734
0.031547	16.812616
0.300083	458.675348
0.437693	221.862114
0.142333	115.125078
0.384877	389.556294
0.628344	327.156857
0.118102	122.942322
0.075059	69.369591
0.077267	126.906010
0.230099	312.102157
0.011735	19.445021
0.070913	29.286763
0.106709	192.099429
0.274767	290.083763
0.457895	511.462106
0.427126	812.932000
0.072639	95.200619
0.005193	4.423134
0.119772	193.404309
0.128042	226.507798
0.356076	364.318743
0.165892	236.448436
0.009476	12.824581
0.115801	122.387448
0.174906	35.694824
0.067085	58.432374
0.378058	382.961167
0.377300	339.744214
0.156702	278.562615
0.450020	241.549383
0.214394	94.385146
0.227469	77.202933
0.097062	154.651331
0.107568	152.092494
0.078780	142.306317
0.524190	382.291041
0.294917	309.473430
0.150917	244.603831
0.128562	187.148074
0.554765	537.886141
0.004848	8.151964
0.005484	14.158006
0.106089	137.788087
0.024640	71.253414
0.006135	11.585754
0.570495	457.616192
0.041556	41.147055
0.031943	50.307776
0.205748	281.070650
0.316819	433.818082
0.196642	127.930163
0.196977	107.101274
0.049692	38.611804
0.207105	408.475841
0.485903	330.062928
0.223774	180.145164
0.057719	76.390263
0.329925	384.539187
0.062394	153.898102
0.156144	70.449291
0.164299	64.538597
0.231867	190.441631
0.039631	46.150731
0.033881	35.196141
0.163532	145.557077
0.542041	826.149729
0.002593	33.600214
0.166348	288.479230
0.483374	626.287251
0.281780	80.358262
0.656283	464.956113
0.113116	199.204792
0.034418	61.263739
0.111110	166.600582
0.042460	89.468459
0.179095	344.214835
0.221014	289.606520
0.035747	52.913600
0.071790	37.381452
0.370148	353.325100
0.141586	211.777932
0.093375	78.412178
0.171417	76.764053
0.095657	372.051104
0.020062	29.565003
0.160039	92.930175
0.372537	228.228855
0.080676	193.337438
0.555821	764.584018
0.362640	432.599083
0.412818	445.512451
0.013998	56.068885
0.346514	234.290624
0.074132	165.905701
0.585708	241.346024
0.112990	116.340638
0.069960	71.915337
0.073337	203.503983
0.297865	297.885490
0.011855	28.202359
0.186580	287.494396
0.133395	97.865242
0.049395	159.829080
0.406107	475.632543
0.275443	317.675295
0.053989	11.442503
0.027715	55.359408
0.122413	28.797829
0.282534	168.966643
0.228451	84.387054
0.288866	250.375461
0.004119	13.004290
0.044131	81.347613
0.208519	84.600165
0.053980	129.199861
0.413104	413.472624
0.109767	27.212277
0.029743	20.348389
0.024956	51.860996
0.174097	259.357294
0.035336	33.064135
0.055983	11.370606
0.001251	6.240347
0.075131	161.340590
0.073080	203.019614
0.057336	90.410286
0.125278	48.437424
0.199532	222.801128
0.337175	820.883547
0.290386	551.574964
0.411142	842.891780
0.078987	148.865377
0.129927	129.332699
0.113467	243.899111
0.061410	155.690540
0.152367	86.375225
0.016880	40.907942
0.073834	191.552521
0.465890	717.334734
0.175278	318.050802
0.472536	509.934541
0.178913	277.633179
0.113862	144.037211
0.036773	43.347367
0.140715	93.092483
0.062745	110.587074
0.023022	30.002380
0.043133	65.929132
0.239658	166.491143
0.453519	512.282036
0.259876	340.968340
0.039653	97.476417
0.175559	206.565688
0.100754	177.022000
0.208420	106.854313
0.073667	26.583589
0.317105	207.978989
0.317145	484.902825
0.280493	319.599036
0.165016	181.957609
0.326329	451.830189
0.015773	13.258816
0.094283	11.455789
0.418144	361.685281
0.039373	31.274906
0.340670	284.719621
0.186874	452.168349
0.127492	153.086120
0.096198	128.288360
0.039637	69.813097
0.343037	313.364382
0.173170	427.602868
0.419247	786.815733
0.265299	373.155684
0.149260	94.831755
0.082768	202.226901
0.034223	18.739031
0.022878	40.679806
0.403154	394.892507
0.107809	24.195024
0.241317	430.699844
0.039057	135.901847
0.057748	157.854913
0.097303	67.865911
0.129926	109.632681
0.010439	33.405044
0.013451	7.445891
0.053033	77.248154
0.175486	178.971022
0.226335	107.248638
0.237160	400.569811
0.352349	224.024105
0.017036	34.458535
0.149155	116.656730
0.188178	180.596337
0.376306	266.494058
0.113444	159.026721
0.099962	304.921151
0.032158	87.663917
0.072124	119.550091
0.223819	337.206109
0.182061	323.116929
0.051541	66.523674
0.036068	56.265528
0.265731	460.430866
0.202588	272.106860
0.057808	36.804623
0.270803	402.470223
0.129099	13.402778
0.111328	268.314304
0.006794	19.451828
0.161135	273.217609
0.057711	25.179770
0.120366	338.105299
0.206935	246.400398
0.059177	124.755438
0.039107	57.578561
0.029265	60.123320
0.530931	443.336505
0.071182	44.436673
0.086300	114.576172
0.176491	76.232030
0.314610	366.003475
0.200300	252.270489
0.050942	58.943166
0.046030	23.433896
0.087328	90.027920
0.414531	624.921209
0.171513	179.846408
0.133621	108.402699
0.090606	134.510659
0.229199	288.014182
0.183065	69.287525
0.369650	257.506621
0.003880	21.189841
0.473376	426.683108
0.209414	161.666217
0.160919	164.373018
0.103369	86.125616
0.002102	8.226140
0.162457	268.878371
0.161429	175.578216
0.034293	84.028622
0.074850	223.150049
0.192471	377.191157
0.454303	356.070224
0.182638	182.561736
0.117012	137.261376
0.023581	78.567582
0.155025	178.560804
0.046411	32.972845
0.057421	87.591694
0.165617	43.535276
0.116953	221.842009
0.185376	210.355761
0.085696	133.320324
0.153536	86.202428
0.041708	59.778211
0.050791	104.755767
0.370625	465.981935
0.622840	879.555384
0.065216	141.048647
0.221430	250.110579
0.080369	209.008401
0.155725	134.556301
0.156257	164.054420
0.115702	215.580637
0.109397	119.924705
0.072787	91.601392
0.225834	132.133940
0.315079	375.458877
0.115908	67.348311
0.508678	327.449994
0.163093	92.994400
0.432852	544.545461
0.165985	81.227211
0.449185	839.822894
0.105658	187.244673
0.099212	102.301158
0.022739	37.924907
0.329779	33.434220
0.027088	69.560994
0.444940	368.320867
0.102374	29.162198
0.313445	443.107932
0.039540	34.719483
0.476318	524.990792
0.253842	407.969614
0.097555	172.056839
0.392667	333.697839
0.163275	293.069180
0.634540	615.353566
0.062145	89.961582
0.360471	416.713684
0.281385	111.753143
0.013094	28.258472
0.022145	41.409956
0.091544	212.472115
0.206174	192.647604
0.306802	208.808218
0.201481	219.625846
0.354416	447.208675
0.110850	159.444481
0.315423	159.438820
0.160344	130.774640
0.091293	29.634719
0.023232	67.634320
0.004929	16.470990
0.107587	22.287253
0.172263	194.752945
0.059221	101.481638
0.083064	103.653179
0.093702	109.774408
0.034587	68.830048
0.054273	78.920154
0.264303	481.627203
0.122376	150.669892
0.201308	67.733814
0.008771	37.137948
0.416599	268.879641
0.150418	259.634406
0.303955	328.420348
0.026847	53.287775
0.232296	295.143503
0.093803	20.995128
0.064977	62.232020
0.158329	198.735599
0.031114	49.237046
0.155576	391.478284
0.132533	209.222914
0.382552	302.707896
0.166295	27.860229
0.097453	196.937223
0.129764	266.716148
0.008116	33.479465
0.178430	191.893768
0.334381	507.749965
0.161546	118.011765
0.012444	13.782921
0.200599	210.125229
0.209366	62.793932
0.227997	318.156454
0.129947	67.497734
0.174364	136.248425
0.208242	200.852568
0.043558	102.623950
0.054417	21.922180
0.232351	261.153958
0.052865	43.546204
0.121126	22.198297
0.228790	301.179590
0.355019	246.782080
0.068149	33.728850
0.050898	114.581641
0.229765	69.271569
0.371727	598.867272
0.011985	44.493324
0.143846	102.643058
0.524214	485.548819
0.045399	142.272875
0.238074	283.813371
0.126400	186.280167
0.130627	183.854523
0.111491	126.642710
0.185584	90.386854
0.385744	221.777247
0.048122	88.576386
0.054407	151.449493
0.179191	148.018972
0.189338	202.206720
0.110166	346.279246
0.337512	249.071265
0.062159	79.329639
0.056278	69.601858
0.159953	28.097435
0.046235	66.836028
0.019834	40.337944
0.477819	305.069628
0.058347	105.634639
0.018826	51.285700
0.175961	347.702334
0.108230	257.938987
0.202452	361.595535
0.104086	169.188674
0.127771	84.107741
0.011202	8.626116
0.111347	104.303290
0.139459	65.251384
0.209418	267.521708
0.270043	353.488674
0.184265	94.445597
0.414133	479.297754
0.085899	24.740765
0.129170	128.441063
0.063718	54.442194
0.307205	782.090047
0.209026	389.436884
0.431597	257.393440
0.267509	468.708539
0.140680	142.015463
0.278379	309.160551
0.009191	14.525780
0.225927	320.633304
0.122879	113.260076
0.022500	7.585485
0.260653	240.382449
0.379887	415.875225
0.094934	119.596642
0.045301	104.506375
0.332973	99.471656
0.043723	170.962130
0.141431	395.873379
0.134533	53.619028
0.040575	42.071311
0.298344	338.153467
0.194693	168.423346
0.080558	93.275989
0.084326	80.821923
0.209886	287.909300
0.070778	68.968159
0.108175	107.427725
0.063045	93.793087
0.096203	275.364526
0.105671	154.506326
0.218404	85.150210
0.059045	49.702945
0.351618	339.582082
0.212661	297.579001
0.124272	128.993437
0.098606	155.815737
0.082191	190.629465
0.297095	128.426213
0.070864	150.518807
0.003561	12.503816
0.068149	147.374455
0.443419	754.950650
0.030307	42.672458
0.545432	547.912601
0.076727	55.832150
0.071257	73.605621
0.632624	577.269086
0.161385	297.690660
0.278083	83.492370
0.039845	24.172301
0.087790	125.353441
0.001372	9.289711
0.063648	123.440348
0.091200	17.990368
0.081538	100.319984
0.107140	53.126209
0.087372	285.981275
0.060021	289.273682
0.144434	25.378297
0.180726	245.567611
0.419292	589.483437
0.064764	77.416140
0.290980	373.732753
0.134929	95.207501
0.067730	34.678816
0.321634	547.867860
0.130524	192.226026
0.254280	454.780136
0.113796	142.198868
0.428906	262.519952
0.098623	89.053048
0.010985	62.783417
0.062010	11.895978
0.034335	21.684426
0.084141	57.641428
0.002116	4.641428
0.083362	33.517298
0.159232	284.366529
0.155482	72.995691
0.051153	119.784873
0.019098	39.988534
0.277938	273.648918
0.189078	184.898228
0.066116	125.293918
0.007456	28.658497
0.027747	69.948702
0.558024	751.249786
0.257096	14.717351
0.161681	169.992165
0.034179	55.108307
0.035148	33.032777
0.288986	345.006929
0.470838	474.657962
0.293072	288.861372
0.080589	45.689319
0.043883	49.989409
0.029505	90.721194
0.072425	80.692740
0.034875	50.511381
0.130020	326.387789
0.113006	237.863147
0.294227	526.433979
0.132310	38.229815
0.188641	229.804992
0.031658	24.298165
0.275145	266.111176
0.019588	36.058249
0.182271	219.034609
0.216927	244.741081
0.276031	419.370007
0.215107	279.364599
0.174003	291.902669
0.054742	179.093553
0.150750	226.447610
0.277069	266.654849
0.173668	120.849850
0.234683	162.747208
0.227288	241.456678
0.313108	439.424392
0.008839	11.011494
0.177522	309.951703
0.659663	833.259777
0.142893	156.883672
0.144629	136.685649
0.088171	30.664145
0.080682	72.415158
0.525236	315.249698
0.001747	9.080724
0.165082	190.513931
0.091600	74.253147
0.004912	8.099609
0.275516	295.961090
0.110611	195.716285
0.161982	254.177541
0.072658	50.527400
0.192468	518.521116
0.219872	255.463395
0.027114	29.424988
0.026921	35.071873
0.072308	39.355816
0.466388	482.731387
0.077244	158.439553
0.074601	80.035471
0.055993	144.234909
0.556486	570.087892
0.146379	287.300629
0.340271	442.042568
0.370003	136.996907
0.031700	21.037264
0.047040	107.715539
0.160103	137.278046
0.029788	20.738533
0.045177	107.049258
0.081681	257.737491
0.047847	107.448723
0.020518	45.012775
0.057848	5.971876
0.129472	67.140703
0.035390	78.779400
0.061607	64.406045
0.090687	20.149721
0.570329	725.768132
0.042995	50.918683
0.416025	495.673438
0.264715	272.425805
0.219233	38.917422
0.263667	330.311342
0.234229	343.925022
0.315707	172.062372
0.078840	197.187069
0.422967	311.096937
0.046063	52.971072
0.004889	30.554342
0.145089	118.185139
0.199623	208.439496
0.278297	369.552863
0.138962	213.714687
0.051949	145.424822
0.271479	433.769971
0.122663	348.410423
0.048414	78.691876
0.186863	183.143666
0.118535	84.602447
0.042603	41.669822
0.030267	20.286954
0.006727	25.148536
0.217405	332.476175
0.385859	302.132298
0.030587	85.903996
0.357355	392.881661
0.017151	10.451324
0.346501	156.941948
0.039574	19.816116
0.132671	74.387104
0.279341	474.162781
0.079395	155.599818
0.014678	19.476002
0.565366	451.735042
0.212516	271.147140
0.391118	593.978538
0.237103	183.872616
0.015977	33.156502
0.007416	28.884450
0.051704	136.149612
0.139219	273.623521
0.147907	112.081171
0.092964	159.450599
0.029982	16.022735
0.170745	210.705516
0.039693	63.598815
0.126542	194.249156
0.036940	21.132440
0.074212	121.901756
0.304574	403.027269
0.017618	50.536606
0.577211	704.920945
0.233566	253.311063
0.086092	161.995448
0.104668	73.443875
0.170871	233.161371
0.568914	719.037424
0.209589	204.355307
0.050896	207.979651
0.085587	77.648092
0.052507	32.216509
0.176854	135.295760
0.228216	92.048300
0.230734	215.104439
0.431797	248.854744
0.218084	219.112976
0.027178	59.518959
0.452915	246.809201
0.106585	141.732527
0.123615	46.875929
0.079566	188.548755
0.043453	119.337839
0.048574	62.253050
0.317842	446.462615
0.138810	201.374047
0.082805	87.528248
0.439538	342.527442
0.218312	325.594281
0.095304	100.737824
0.487829	817.898410
0.400565	755.930401
0.083589	63.009822
0.060179	102.991332
0.248986	269.665855
0.077402	179.790868
0.141121	210.945625
0.112965	152.187080
0.146365	206.728549
0.525739	511.380021
0.143223	343.905701
0.280105	158.246929
0.154648	30.589016
0.139204	148.104138
0.030074	28.324965
0.006929	17.842672
0.048062	8.798344
0.003078	9.537599
0.051656	72.508237
0.141603	79.811796
0.069455	86.014044
0.004960	15.970108
0.118659	178.899805
0.115037	74.238569
0.407873	420.285447
0.351756	596.914792
0.115104	146.306187
0.129174	141.469276
0.654676	1024.867115
0.117274	46.131998
0.332134	461.463488
0.061911	132.741641
0.036446	92.129051
0.221818	52.172134
0.327439	710.270529
0.020495	46.954096
0.211986	210.360515
0.065320	128.556626
0.122471	271.472537
0.397162	210.404386
0.389273	636.036339
0.049074	47.975132
0.015294	15.680917
0.273641	129.378230
0.023715	68.653396
0.422060	809.106688
0.023882	64.764502
0.289586	273.656369
0.131411	313.297861
0.430442	398.235372
0.015213	74.163965
0.034695	36.741178
0.241245	649.328794
0.355356	437.213480
0.021784	24.761670
0.301447	367.619419
0.163534	160.651486
0.200693	70.233438
0.044471	26.039707
0.588511	226.840927
0.191275	143.810518
0.087742	154.892311
0.100559	59.689130
0.091699	120.369534
0.185043	258.032889
0.145538	207.827258
0.016041	24.711415
0.011045	14.248028
0.293188	330.753805
0.214105	188.003596
0.556258	604.140294
0.020305	30.350300
0.127356	67.054155
0.132656	218.172735
0.115050	60.503289
0.243942	237.756294
0.388440	532.409938
0.022372	51.842465
0.206722	208.104315
0.009460	36.193012
0.081459	154.109446
0.162570	139.973380
0.128876	272.616728
0.007834	9.176213
0.020790	22.877144
0.037946	78.773884
0.187093	330.151529
0.106687	89.523345
0.063471	93.930797
0.212731	27.409671
0.199716	166.920375
0.048969	55.282189
0.150495	274.782090
0.198268	122.014860
0.041420	12.330297
0.074020	94.917881
0.094673	105.638053
0.241737	136.672291
0.285342	202.665316
0.212399	470.058391
0.012249	22.390139
0.038243	212.054608
0.236409	56.871368
0.264385	58.247365
0.137646	157.859392
0.103988	216.839743
0.338477	505.481118
0.074095	86.868414
0.463953	616.045252
0.455443	589.535459
0.019136	35.451575
0.061218	65.109845
0.203925	111.560411
0.105864	80.923573
0.176759	141.675437
0.013943	39.321903
0.325444	352.284634
0.140638	93.011464
0.094721	40.612090
0.269144	283.844295
0.160635	235.390620
0.212060	340.251321
0.132420	228.427735
0.072432	149.811098
0.237760	238.342937
0.377184	570.805899
0.440092	449.358698
0.086845	42.179291
0.024579	41.905844
0.234456	185.090823
0.051476	52.702247
0.090410	142.741764
0.280356	361.224989
0.100368	63.401275
0.017462	16.995330
0.107474	145.001893
0.266384	97.643249
0.271393	362.235728
0.566849	418.341506
0.106474	212.000441
0.112897	119.568731
0.204476	123.709336
0.027503	54.221696
0.398245	437.184055
0.266277	164.359726
0.131306	242.711687
0.159888	156.814824
0.296707	154.015768
0.140583	253.356797
0.060615	31.869907
0.098769	266.766330
0.334430	336.226874
0.179889	256.026015
0.480597	483.445467
0.012123	12.278904
0.118792	197.509414
0.322509	266.164181
0.012813	31.199993
0.312075	242.449857
0.080543	61.366005
0.238575	237.426546
0.026099	75.982572
0.086585	123.530039
0.179496	49.493155
0.027551	60.418559
0.022045	34.376693
0.138829	180.389985
0.009379	12.971892
0.047399	78.310530
0.294019	259.363247
0.206004	62.053667
0.279732	480.303809
0.195762	265.223041
0.017461	33.088726
0.541438	392.078417
0.056582	104.476956
0.243442	157.244855
0.221031	309.588979
0.450490	465.151350
0.383211	226.244918
0.054001	143.788262
0.280664	120.045007
0.218907	313.263580
0.080106	34.734447
0.173420	240.576111
0.048688	22.940976
0.418765	433.003257
0.231615	130.206075
0.459640	680.108825
0.143934	141.468431
0.048933	3.497762
0.006091	23.543144
0.062212	73.924914
0.060372	149.079511
0.280180	266.441056
0.181851	169.422861
0.331170	315.574089
0.075125	185.531142
0.363049	408.561417
0.116105	173.598349
0.054372	107.986296
0.006917	22.246679
0.023813	63.030062
0.064955	180.883372
0.169133	147.225281
0.050901	32.760341
0.265424	158.637212
0.033054	80.403339
0.080253	237.526398
0.094422	143.492785
0.194877	63.228350
0.007674	10.868991
0.587465	773.279525
0.220550	159.371608
0.447596	512.429977
0.176937	202.519375
0.097387	68.247939
0.035841	109.462136
0.213943	159.951837
0.144339	280.583208
0.289413	324.179049
0.043634	19.965111
0.256538	422.764673
0.074228	164.254807
0.042151	97.349388
0.066885	110.715846
0.054116	103.073379
0.199875	377.876892
0.282809	146.723142
0.015764	16.892255
0.061214	27.000288
0.252609	421.304262
0.296606	331.704310
0.182301	160.697983
0.128664	52.553709
0.046120	56.044237
0.020602	53.080570
0.096215	179.016739
0.099014	197.845205
0.124489	208.536348
0.204272	56.035315
0.192191	268.852750
0.243889	258.021668
0.136324	214.675293
0.044218	64.599931
0.623157	638.171433
0.027519	12.683187
0.045750	128.922684
0.189314	165.181238
0.073254	117.572706
0.456638	323.809293
0.137988	129.193524
0.239343	400.300042
0.112897	69.383651
0.178966	114.532728
0.044098	32.064486
0.127832	162.275844
0.290273	307.977420
0.007196	18.475501
0.138903	208.343033
0.095259	222.829548
0.028756	32.053549
0.297062	366.658213
0.048606	71.963160
0.422074	351.978892
0.075663	124.547922
0.254983	154.878355
0.185807	309.440567
0.165387	43.236151
0.129997	161.918401
0.156306	117.621003
0.253144	434.087357
0.436863	452.032211
0.073159	146.620680
0.331096	563.097555
0.218380	182.835574
0.202992	352.942121
0.002488	19.466437
0.271470	113.210839
0.041013	15.172445
0.014261	31.566608
0.277774	268.708995
0.078248	98.973059
0.124786	251.470849
0.119002	253.480942
0.124244	77.065295
0.010286	19.073903
0.384365	613.115004
0.074420	166.851181
0.101685	217.683383
0.054910	21.144748
0.305755	367.632744
0.053300	104.008840
0.033912	24.166804
0.259122	389.913947
0.096966	76.581268
0.198425	240.779098
0.068044	104.690092
0.035532	21.458579
0.085085	117.104250
0.332952	276.211445
0.083328	42.711777
0.359704	245.519564
0.077186	120.180360
0.217869	88.904596
0.117202	34.430321
0.078589	225.697699
0.040953	21.953814
0.072993	86.915849
0.150634	74.245961
0.010916	34.750041
0.036314	61.586057
0.212404	95.416224
0.021668	65.702152
0.135353	257.902975
0.272782	465.714793
0.438452	550.997253
0.006153	6.981901
0.142678	168.592138
0.596949	594.868929
0.459687	595.231602
0.013832	38.614282
0.174237	260.040734
0.060038	35.641066
0.062507	85.258498
0.070001	73.843821
0.267048	579.273311
0.193232	20.770593
0.192613	317.044048
0.183033	61.381011
0.043867	12.467060
0.036250	56.140116
0.026054	66.608858
0.119839	175.582763
0.005802	46.448334
0.187949	304.074717
0.511159	396.993607
0.201724	251.948550
0.226668	281.224349
0.055669	93.861421
0.080496	120.194225
0.115152	81.848266
0.109218	247.950081
0.188974	455.891580
0.468015	569.346702
0.112076	118.722603
0.381588	421.889940
0.132059	49.162851
0.019785	32.277121
0.149551	371.511928
0.161356	181.781671
0.021114	42.917549
0.425598	735.214192
0.234255	411.116633
0.322625	355.002932
0.339209	252.101330
0.040393	20.153661
0.340298	537.861841
0.139194	291.138530
0.077488	90.084903
0.021565	8.331514
0.225265	270.834840
0.256479	240.465949
0.038233	25.286879
0.131277	297.969863
0.215595	143.490506
0.248945	335.428045
0.029931	37.017554
0.032574	91.780553
0.244972	356.524266
0.028785	17.514757
0.343788	335.789967
0.098894	71.244409
0.067959	152.618926
0.287737	314.694009
0.134430	112.508963
0.153445	124.976712
0.023028	18.151298
0.538839	411.899820
0.141118	206.577290
0.082666	122.717608
0.201501	171.702102
0.011626	40.180499
0.180157	189.553773
0.091477	174.288101
0.025394	56.141577
0.250779	409.912464
0.062954	151.230562
0.019516	39.653503
0.350076	463.251289
0.117073	212.565286
0.198306	106.558159
0.049775	50.815327
0.067140	32.869143
0.472609	326.030001
0.234561	345.993661
0.239155	467.293118
0.057009	99.666586
0.036967	107.275272
0.555367	482.968918
0.117524	225.625694
0.222043	180.910580
0.042041	113.980238
0.005107	19.930981
0.091121	283.080836
0.565787	769.211846
0.201816	178.854234
0.199571	80.959216
0.083386	191.444685
0.120563	147.475308
0.145778	274.847338
0.172313	150.287749
0.021048	16.685136
0.403873	151.420176
0.240250	325.988340
0.153681	67.477257
0.297397	405.068120
0.360499	424.907583
0.297471	334.694699
0.313009	447.155829
0.067319	48.608064
0.125895	126.061792
0.344708	450.936585
0.099747	239.846088
0.280263	211.035403
0.060390	99.044125
0.050220	170.325769
0.175077	226.741554
0.466595	719.172806
0.242903	454.555748
0.159339	327.064887
0.240340	343.368473
0.194190	251.862340
0.051242	18.777841
0.104508	69.119959
0.021727	19.415487
0.201402	35.800470
0.362797	170.341113
0.413847	327.747670
0.094989	51.095524
0.047013	40.699091
0.214364	57.423850
0.019182	33.535230
0.011654	32.532007
0.259223	388.041136
0.155120	303.738296
0.224202	344.357700
0.016734	26.838267
0.622000	749.589053
0.015298	33.189625
0.458303	497.222145
0.466235	642.410173
0.338538	134.520079
0.241277	282.092413
0.207911	222.664369
0.029331	82.585506
0.047911	18.916045
0.086276	79.346578
0.151131	189.556817
0.092176	239.446000
0.112635	36.564784
0.029120	58.179463
0.507771	375.060688
0.183358	63.824968
0.616468	583.770302
0.018228	28.723589
0.021354	58.540754
0.352935	410.333694
0.083398	106.106686
0.403000	313.818640
0.311485	239.838724
0.121271	242.923109
0.035703	44.096975
0.040131	20.409193
0.060806	115.567007
0.144497	341.117897
0.245087	107.817549
0.037695	69.673722
0.046301	31.272833
0.041056	30.288581
0.074241	170.412057
0.197220	226.473676
0.330944	75.667983
0.047284	121.764638
0.228236	263.066572
0.225813	315.041214
0.037466	44.950582
0.074584	50.542161
0.228190	228.199111
0.110147	80.540378
0.367865	306.433099
0.020581	43.912343
0.401711	201.711778
0.120119	129.677800
0.095215	116.213021
0.251754	352.074117
0.102490	155.063192
0.156306	296.931790
0.304467	678.275850
0.191762	392.168920
0.341312	482.986244
0.089835	143.347358
0.195036	41.908143
0.532495	574.166359
0.206283	261.847812
0.285373	270.135980
0.488112	454.989450
0.200869	221.885095
0.229352	413.266997
0.063195	55.267623
0.421630	386.116086
0.256693	318.252338
0.059789	34.609553
0.050379	139.168031
0.104504	157.767169
0.145735	138.432874
0.128319	202.467097
0.135195	101.162851
0.101692	192.602741
0.134605	60.322630
0.351326	335.909282
0.252901	176.045267
0.016578	47.592834
0.384525	555.477984
0.200202	333.603685
0.036575	65.412500
0.156246	254.043431
0.059222	69.239536
0.059526	113.930865
0.101599	12.267314
0.381715	585.769259
0.073851	127.780871
0.266678	429.368550
0.106382	193.106854
0.028449	28.394337
0.215147	155.541029
0.253465	379.299205
0.360463	243.565110
0.214893	84.234464
0.023632	7.157611
0.002374	3.604321
0.411307	214.453751
0.318986	459.663755
0.039172	53.582123
0.036144	27.084903
0.651688	749.794729
0.363918	150.322126
0.102921	175.267931
0.049834	67.383169
0.099139	11.453510
0.074111	68.441401
0.255251	381.976383
0.179868	97.814852
0.063612	293.847011
0.276541	460.645798
0.054267	117.896238
0.066538	23.677728
0.114077	107.367763
0.369620	287.685436
0.056993	23.873154
0.311922	843.474473
0.647375	449.664032
0.079207	83.745053
0.336674	536.991258
0.405901	248.907448
0.225103	225.579204
0.119637	325.174542
0.530946	447.361977
0.281809	382.632014
0.260657	101.041448
0.231289	281.595987
0.074426	83.487855
0.341600	430.278995
0.232531	215.044171
0.434481	360.920370
0.068587	112.482463
0.027868	12.135903
0.010120	30.068851
0.061117	121.789762
0.016442	29.221658
0.377838	331.620099
0.040836	115.077388
0.205608	256.115135
0.040337	42.558805
0.024702	52.796358
0.631475	722.627729
0.280585	158.345359
0.094784	33.789968
0.161615	334.480974
0.026078	26.844122
0.058072	107.928518
0.312515	84.529522
0.017815	30.823163
0.182669	135.071331
0.235462	109.535098
0.139402	234.212422
0.303685	440.959850
0.097760	172.670675
0.061808	16.284890
0.147534	111.553659
0.028740	77.467701
0.030417	68.360295
0.058630	136.626273
0.551073	629.687054
0.126171	213.631785
0.115356	146.946783
0.062602	90.156970
0.608891	339.769223
0.058584	86.816567
0.110816	129.420082
0.024265	37.919636
0.463074	426.540599
0.133486	93.073875
0.443759	345.964892
0.240936	113.691619
0.129327	190.938823
0.204191	251.051393
0.508212	559.199922
0.159019	180.934688
0.112688	100.484229
0.004413	44.419498
0.230382	430.654128
0.134579	135.399340
0.578211	559.211087
0.023333	43.805669
0.237685	304.510434
0.012466	23.097326
0.102201	318.846648
0.541252	595.993043
0.532072	445.152632
0.226685	252.490814
0.229827	517.170475
0.347328	465.007467
0.135056	92.978435
0.118026	98.890462
0.024484	34.887846
0.162261	294.679886
0.028904	50.948405
0.092817	176.042000
0.369597	225.172497
0.211955	390.623635
0.053844	14.901967
0.086500	81.385851
0.171673	12.382516
0.263855	159.689560
0.044772	147.105728
0.477039	248.438431
0.150716	67.311747
0.043353	132.302885
0.060805	116.566802
0.458016	426.611040
0.271536	88.246361
0.383066	524.570307
0.218469	235.373945
0.046563	47.832362
0.469309	416.256598
0.038075	58.420588
0.165598	200.249348
0.022753	49.237523
0.091238	171.652519
0.100070	178.152091
0.035156	69.399258
0.057385	114.177037
0.193330	272.839980
0.079942	195.203085
0.286489	315.763220
0.309762	333.767397
0.389729	489.253824
0.229833	122.251382
0.063739	144.021785
0.306530	691.246334
0.107969	82.962195
0.026707	56.174278
0.250280	43.895740
0.223621	328.787497
0.312402	339.258125
0.134181	212.062437
0.349796	208.211666
0.039646	88.197357
0.012462	15.761815
0.165619	238.653298
0.080870	131.810394
0.051760	93.585664
0.114522	32.628305
0.267773	388.866935
0.095813	174.513848
0.595296	603.069464
0.021220	42.616657
0.074001	72.933828
0.448701	746.845230
0.124528	244.272601
0.188132	299.281190
0.098467	227.919975
0.482222	436.182498
0.067731	112.899943
0.159883	227.272681
0.319594	743.821864
0.053985	66.881985
0.018303	31.012450
0.266980	119.958810
0.033729	20.613937
0.224725	249.080831
0.213216	111.327751
0.174788	55.440655
0.280357	574.026419
0.079804	230.216218
0.184722	146.193870
0.049499	124.366021
0.598367	856.621831
0.106669	114.844294
0.028954	20.613053
0.182547	78.632832
0.073834	31.743396
0.219393	335.102403
0.129243	127.387977
0.285385	369.144316
0.004025	8.877599
0.149974	136.280612
0.047943	71.799331
0.395037	359.428059
0.552432	762.878711
0.069028	155.191780
0.024863	4.772236
0.146944	78.802302
0.056104	120.234938
0.062087	60.016973
0.018741	32.199347
0.060125	95.708672
0.064990	129.498655
0.490494	216.259174
0.275483	517.211439
0.029849	10.357017
0.044944	3.965285
0.029342	27.529008
0.083196	297.364361
0.078561	32.258675
0.082561	196.302835
0.202042	104.052873
0.046773	24.647660
0.300507	489.286313
0.079775	237.607666
0.017835	42.885155
0.062982	41.532153
0.057491	147.206980
0.224637	70.898442
0.136591	109.557350
0.178650	188.936236
0.341891	122.274226
0.008541	26.021510
0.102946	143.803838
0.075421	274.813224
0.222909	285.069563
0.201441	186.816816
0.006527	26.034745
0.205080	185.773498
0.055588	77.322311
0.422578	163.822229
0.115760	92.963210
0.052314	71.317163
0.426878	538.112149
0.044517	27.292505
0.334616	488.927532
0.229306	399.606901
0.440703	388.133012
0.236500	351.468505
0.366588	240.051666
0.160711	174.791188
0.547062	723.205463
0.124349	137.870994
0.018579	17.690853
0.020026	45.007336
0.007819	28.352856
0.137294	71.231484
0.005686	6.226427
0.238617	364.311024
0.086641	79.899984
0.441046	394.839914
0.265725	99.700396
0.228580	80.366511
0.066250	101.834614
0.174293	202.501570
0.263190	203.691473
0.049077	63.167171
0.101892	103.855295
0.014330	41.004480
0.100360	218.767060
0.213244	314.299650
0.006282	9.883259
0.019705	7.518952
0.047175	90.513620
0.038888	95.790913
0.028366	20.596537
0.067328	172.030684
0.202319	89.147065
0.014526	15.104182
0.023132	61.873990
0.174075	83.763238
0.363373	371.099919
0.025589	39.047979
0.042607	174.824897
0.036919	82.090651
0.081582	236.965783
0.202637	291.190712
0.357872	314.329589
0.201807	301.921904
0.108150	59.930636
0.097320	152.437375
0.270140	283.948386
0.458141	413.834836
0.008198	24.511848
0.064373	26.079367
0.380602	406.777199
0.017305	51.143980
0.143280	100.291204
0.519707	424.166803
0.093862	140.229210
0.158213	266.382566
0.127643	89.415689
0.054283	58.682637
0.118592	213.233868
0.640858	549.540490
0.502778	609.700325
0.138857	64.421710
0.111707	138.305238
0.033406	94.881431
0.194301	206.186946
0.010774	18.513437
0.129975	144.787285
0.174601	142.368432
0.025308	10.177506
0.227304	23.062387
0.143881	27.046690
0.113436	275.174358
0.215095	326.392889
0.086021	223.294972
0.093214	45.845169
0.098083	132.294401
0.084989	26.208937
0.126474	29.942545
0.277598	302.715846
0.092332	148.449666
0.091370	30.085874
0.020742	25.096777
0.030388	9.982169
0.183585	163.413926
0.080029	100.727979
0.259907	214.685582
0.140358	187.412275
0.223462	284.185603
0.055190	52.588722
0.197309	179.941637
0.017270	22.417050
0.289452	257.240423
0.161065	244.601409
0.153133	76.458360
0.122632	241.716970
0.134560	121.467290
0.228372	327.373872
0.075949	180.577719
0.179919	343.647836
0.155324	167.747572
0.355141	260.193182
0.098855	135.433733
0.214452	117.526316
0.245809	370.061637
0.406056	514.994156
0.059641	126.403643
0.222345	213.648961
0.117889	144.053700
0.017307	19.401047
0.146671	209.173518
0.012345	18.623275
0.347442	364.225165
0.045445	107.507770
0.082231	157.493080
0.344678	366.230582
0.145073	122.159522
0.437390	424.446688
0.239033	195.084028
0.280315	143.239775
0.086374	144.059339
0.226586	321.298257
0.106189	296.365163
0.194309	191.185798
0.489374	1022.890972
0.256044	152.690255
0.226427	286.897227
0.415290	869.312101
0.147575	193.697600
0.058645	73.458019
0.429530	474.320795
0.458984	665.657016
0.391811	662.081122
0.008375	16.830279
0.227584	334.940221
0.211104	417.078362
0.107234	115.666182
0.155751	189.806300
0.258470	655.189410
0.240563	204.956316
0.247466	295.684879
0.056026	93.276886
0.543317	359.932457
0.201515	330.206731
0.316871	287.347055
0.090389	108.025078
0.322698	382.258194
0.060480	68.284212
0.062116	54.253994
0.091967	125.465482
0.095327	90.132660
0.134812	137.021883
0.005132	8.615598
0.057584	143.763239
0.282265	267.916245
0.288341	106.147062
0.129939	226.792109
0.061697	7.844947
0.353985	397.174968
0.166042	243.093729
0.090450	51.629402
0.084336	33.663056
0.360287	191.195614
0.277085	647.431958
0.131184	235.224008
0.362275	296.611484
0.206417	164.984792
0.244103	305.918603
0.182438	189.661828
0.080653	74.009075
0.103452	36.912432
0.013954	51.455906
0.212953	369.435960
0.044548	38.662041
0.253474	77.923266
0.087328	39.767551
0.170594	158.925510
0.015969	15.462508
0.019691	23.445320
0.076009	87.563355
0.059859	71.925809
0.002888	16.033389
0.123760	184.941264
0.532441	585.065424
0.222234	349.825947
0.067918	68.654450
0.443958	263.335260
0.261908	215.381703
0.013476	33.470676
0.372199	264.677111
0.295919	205.816953
0.041085	18.376562
0.149262	411.020264
0.149544	391.924962
0.336675	409.692919
0.139509	83.354274
0.104147	185.404003
0.138875	177.369962
0.195138	283.257440
0.300037	488.388293
0.070014	76.376096
0.337692	576.846826
0.083140	228.732182
0.139415	179.282825
0.059406	110.563586
0.028007	35.559946
0.269789	351.766107
0.338486	362.280121
0.061360	56.010660
0.487745	411.820949
0.101675	180.812168
0.023582	85.627540
0.026685	30.714972
0.370121	335.477669
0.080312	177.674497
0.089833	40.313510
0.025938	106.168662
0.053745	100.927274
0.182776	345.648938
0.077198	166.819481
0.092303	177.019553
0.178227	31.955327
0.168852	150.714356
0.205262	123.381470
0.246579	419.151770
0.656459	780.344413
0.065328	31.111794
0.056430	62.601739
0.118717	30.387998
0.134181	230.269428
0.128855	129.635858
0.387262	274.143654
0.179026	199.106920
0.140654	46.359666
0.027575	44.898029
0.010164	19.464564
0.299973	533.732210
0.408744	502.856659
0.132424	167.818067
0.523739	539.168326
0.058088	116.271759
0.025783	24.284244
0.150088	110.629118
0.046121	13.876121
0.436220	296.182403
0.024984	55.571785
0.121513	83.516700
0.095889	100.060495
0.188475	25.558686
0.123060	169.418246
0.189043	332.267906
0.212453	61.358748
0.093981	72.543730
0.210128	169.962535
0.209856	155.458350
0.214526	42.613603
0.015512	13.033530
0.310119	545.903025
0.042387	84.726467
0.411101	730.801677
0.178382	169.950165
0.203327	367.822597
0.368521	532.430260
0.024874	65.699915
0.219533	40.575647
0.237817	306.550250
0.449588	501.922937
0.058659	79.359186
0.393783	406.268086
0.265881	385.039003
0.001825	14.307740
0.336220	501.222598
0.015181	42.947175
0.170330	178.984169
0.139464	217.064810
0.086999	102.975353
0.332622	289.362421
0.140486	297.578988
0.257302	457.173441
0.284171	358.553167
0.439266	626.783271
0.063721	77.282081
0.020433	35.213675
0.099280	205.840131
0.401842	365.704979
0.111741	29.689404
0.084490	83.384601
0.014018	26.943887
0.124651	57.123765
0.276295	259.548919
0.175704	365.945929
0.053093	135.140002
0.331551	324.658323
0.050104	111.057043
0.124761	59.528061
0.212037	305.144861
0.177199	193.519885
0.245662	362.962323
0.240783	322.447730
0.037725	25.868509
0.058076	147.481846
0.286023	320.967592
0.261240	399.098818
0.108801	64.256222
0.043552	66.813666
0.452716	368.740157
0.077024	177.034880
0.217808	438.967276
0.193615	49.903181
0.084026	150.082016
0.120392	48.258409
0.177029	314.904167
0.286153	134.557251
0.102130	59.947833
0.218362	162.645229
0.404790	516.631667
0.127418	95.289136
0.027345	46.976996
0.035572	67.902457
0.268793	245.430684
0.062890	86.828948
0.185684	77.245336
0.131202	270.656180
0.087420	58.959614
0.116321	242.018851
0.095009	113.746955
0.095442	143.955297
0.185276	134.562668
0.038723	35.712454
0.020394	32.035481
0.047972	41.181816
0.512179	488.771394
0.141866	151.436023
0.026120	29.113965
0.028100	46.344567
0.249399	523.596774
0.490910	563.161139
0.068375	147.125170
0.076423	20.146730
0.079894	2.034057
0.165080	183.697895
0.054193	136.772938
0.138180	181.497822
0.611765	695.090931
0.139153	61.938653
0.132478	349.765326
0.024556	38.770714
0.145752	65.797029
0.297439	273.669704
0.273889	99.837726
0.043408	49.226202
0.333801	440.611843
0.014955	23.705877
0.371566	305.000999
0.337166	349.834193
0.242310	253.639423
0.163258	165.027188
0.004917	8.670182
0.555212	255.354655
0.094602	104.221695
0.525711	1012.327013
0.131966	386.315884
0.178823	129.684410
0.166218	227.952208
0.097264	131.004889
0.044711	38.151965
0.283456	399.854926
0.016336	13.420906
0.177808	306.982919
0.042975	45.903062
0.176214	262.538049
0.195726	130.765677
0.286083	364.815774
0.339843	239.453700
0.089230	18.107856
0.040317	101.892620
0.002541	51.147614
0.305494	493.595789
0.024786	4.001134
0.236442	349.252696
0.031008	77.252939
0.146101	117.822572
0.093102	113.454842
0.445687	439.664450
0.052595	65.117990
0.105951	207.303690
0.023105	32.867313
0.079380	68.052619
